{"type": "FeatureCollection", "features": [{"type": "Feature", "geometry": {"type": "Polygon", "coordinates": [[[174.78042920000001, -36.9516502], [174.78042920000001, -36.9507502], [174.7795292, -36.9507502], [174.7795292, -36.9516502], [174.78042920000001, -36.9516502]]]}, "properties": {"row": 0, "col": 0, "elevation_m": 42.4, "low_elevation": false, "drain_deficiency": 0.625, "adjusted_score": 31.2}}, {"type": "Feature", "geometry": {"type": "Polygon", "coordinates": [[[174.78132920000002, -36.9516502], [174.78132920000002, -36.9507502], [174.78042920000001, -36.9507502], [174.78042920000001, -36.9516502], [174.78132920000002, -36.9516502]]]}, "properties": {"row": 0, "col": 1, "elevation_m": 58.1, "low_elevation": false, "drain_deficiency": 0.848, "adjusted_score": 42.4}}, {"type": "Feature", "geometry": {"type": "Polygon", "coordinates": [[[174.78222920000002, -36.9516502], [174.78222920000002, -36.9507502], [174.78132920000002, -36.9507502], [174.78132920000002, -36.9516502], [174.78222920000002, -36.9516502]]]}, "properties": {"row": 0, "col": 2, "elevation_m": 77.4, "low_elevation": false, "drain_deficiency": 1.0, "adjusted_score": 50.0}}, {"type": "Feature", "geometry": {"type": "Polygon", "coordinates": [[[174.78312920000002, -36.9516502], [174.78312920000002, -36.9507502], [174.78222920000002, -36.9507502], [174.78222920000002, -36.9516502], [174.78312920000002, -36.9516502]]]}, "properties": {"row": 0, "col": 3, "elevation_m": 73.5, "low_elevation": false, "drain_deficiency": 1.0, "adjusted_score": 50.0}}, {"type": "Feature", "geometry": {"type": "Polygon", "coordinates": [[[174.78402920000002, -36.9516502], [174.78402920000002, -36.9507502], [174.78312920000002, -36.9507502], [174.78312920000002, -36.9516502], [174.78402920000002, -36.9516502]]]}, "properties": {"row": 0, "col": 4, "elevation_m": 71.0, "low_elevation": false, "drain_deficiency": 1.0, "adjusted_score": 50.0}}, {"type": "Feature", "geometry": {"type": "Polygon", "coordinates": [[[174.78492920000002, -36.9516502], [174.78492920000002, -36.9507502], [174.78402920000002, -36.9507502], [174.78402920000002, -36.9516502], [174.78492920000002, -36.9516502]]]}, "properties": {"row": 0, "col": 5, "elevation_m": 63.7, "low_elevation": false, "drain_deficiency": 1.0, "adjusted_score": 50.0}}, {"type": "Feature", "geometry": {"type": "Polygon", "coordinates": [[[174.78582920000002, -36.9516502], [174.78582920000002, -36.9507502], [174.78492920000002, -36.9507502], [174.78492920000002, -36.9516502], [174.78582920000002, -36.9516502]]]}, "properties": {"row": 0, "col": 6, "elevation_m": 44.9, "low_elevation": false, "drain_deficiency": 1.0, "adjusted_score": 50.0}}, {"type": "Feature", "geometry": {"type": "Polygon", "coordinates": [[[174.78672920000002, -36.9516502], [174.78672920000002, -36.9507502], [174.78582920000002, -36.9507502], [174.78582920000002, -36.9516502], [174.78672920000002, -36.9516502]]]}, "properties": {"row": 0, "col": 7, "elevation_m": 29.0, "low_elevation": false, "drain_deficiency": 1.0, "adjusted_score": 50.0}}, {"type": "Feature", "geometry": {"type": "Polygon", "coordinates": [[[174.78762920000003, -36.9516502], [174.78762920000003, -36.9507502], [174.78672920000002, -36.9507502], [174.78672920000002, -36.9516502], [174.78762920000003, -36.9516502]]]}, "properties": {"row": 0, "col": 8, "elevation_m": 21.4, "low_elevation": false, "drain_deficiency": 1.0, "adjusted_score": 50.0}}, {"type": "Feature", "geometry": {"type": "Polygon", "coordinates": [[[174.78852920000003, -36.9516502], [174.78852920000003, -36.9507502], [174.78762920000003, -36.9507502], [174.78762920000003, -36.9516502], [174.78852920000003, -36.9516502]]]}, "properties": {"row": 0, "col": 9, "elevation_m": 17.4, "low_elevation": false, "drain_deficiency": 0.895, "adjusted_score": 44.8}}, {"type": "Feature", "geometry": {"type": "Polygon", "coordinates": [[[174.7894292, -36.9516502], [174.7894292, -36.9507502], [174.7885292, -36.9507502], [174.7885292, -36.9516502], [174.7894292, -36.9516502]]]}, "properties": {"row": 0, "col": 10, "elevation_m": 15.6, "low_elevation": false, "drain_deficiency": 0.625, "adjusted_score": 31.2}}, {"type": "Feature", "geometry": {"type": "Polygon", "coordinates": [[[174.7903292, -36.9516502], [174.7903292, -36.9507502], [174.7894292, -36.9507502], [174.7894292, -36.9516502], [174.7903292, -36.9516502]]]}, "properties": {"row": 0, "col": 11, "elevation_m": 14.1, "low_elevation": false, "drain_deficiency": 0.625, "adjusted_score": 31.2}}, {"type": "Feature", "geometry": {"type": "Polygon", "coordinates": [[[174.7912292, -36.9516502], [174.7912292, -36.9507502], [174.7903292, -36.9507502], [174.7903292, -36.9516502], [174.7912292, -36.9516502]]]}, "properties": {"row": 0, "col": 12, "elevation_m": 12.0, "low_elevation": false, "drain_deficiency": 0.375, "adjusted_score": 18.8}}, {"type": "Feature", "geometry": {"type": "Polygon", "coordinates": [[[174.7921292, -36.9516502], [174.7921292, -36.9507502], [174.7912292, -36.9507502], [174.7912292, -36.9516502], [174.7921292, -36.9516502]]]}, "properties": {"row": 0, "col": 13, "elevation_m": 9.2, "low_elevation": false, "drain_deficiency": 0.25, "adjusted_score": 12.5}}, {"type": "Feature", "geometry": {"type": "Polygon", "coordinates": [[[174.7930292, -36.9516502], [174.7930292, -36.9507502], [174.7921292, -36.9507502], [174.7921292, -36.9516502], [174.7930292, -36.9516502]]]}, "properties": {"row": 0, "col": 14, "elevation_m": 7.6, "low_elevation": false, "drain_deficiency": 0.625, "adjusted_score": 31.2}}, {"type": "Feature", "geometry": {"type": "Polygon", "coordinates": [[[174.7939292, -36.9516502], [174.7939292, -36.9507502], [174.7930292, -36.9507502], [174.7930292, -36.9516502], [174.7939292, -36.9516502]]]}, "properties": {"row": 0, "col": 15, "elevation_m": 7.7, "low_elevation": false, "drain_deficiency": 0.084, "adjusted_score": 4.2}}, {"type": "Feature", "geometry": {"type": "Polygon", "coordinates": [[[174.7948292, -36.9516502], [174.7948292, -36.9507502], [174.7939292, -36.9507502], [174.7939292, -36.9516502], [174.7948292, -36.9516502]]]}, "properties": {"row": 0, "col": 16, "elevation_m": 6.7, "low_elevation": false, "drain_deficiency": 0.286, "adjusted_score": 14.3}}, {"type": "Feature", "geometry": {"type": "Polygon", "coordinates": [[[174.7957292, -36.9516502], [174.7957292, -36.9507502], [174.7948292, -36.9507502], [174.7948292, -36.9516502], [174.7957292, -36.9516502]]]}, "properties": {"row": 0, "col": 17, "elevation_m": 6.7, "low_elevation": false, "drain_deficiency": 0.617, "adjusted_score": 30.8}}, {"type": "Feature", "geometry": {"type": "Polygon", "coordinates": [[[174.7966292, -36.9516502], [174.7966292, -36.9507502], [174.7957292, -36.9507502], [174.7957292, -36.9516502], [174.7966292, -36.9516502]]]}, "properties": {"row": 0, "col": 18, "elevation_m": 6.1, "low_elevation": false, "drain_deficiency": 0.617, "adjusted_score": 30.8}}, {"type": "Feature", "geometry": {"type": "Polygon", "coordinates": [[[174.7975292, -36.9516502], [174.7975292, -36.9507502], [174.7966292, -36.9507502], [174.7966292, -36.9516502], [174.7975292, -36.9516502]]]}, "properties": {"row": 0, "col": 19, "elevation_m": 8.1, "low_elevation": false, "drain_deficiency": 0.75, "adjusted_score": 37.5}}, {"type": "Feature", "geometry": {"type": "Polygon", "coordinates": [[[174.79842920000002, -36.9516502], [174.79842920000002, -36.9507502], [174.7975292, -36.9507502], [174.7975292, -36.9516502], [174.79842920000002, -36.9516502]]]}, "properties": {"row": 0, "col": 20, "elevation_m": 11.7, "low_elevation": false, "drain_deficiency": 0.375, "adjusted_score": 18.8}}, {"type": "Feature", "geometry": {"type": "Polygon", "coordinates": [[[174.79932920000002, -36.9516502], [174.79932920000002, -36.9507502], [174.79842920000002, -36.9507502], [174.79842920000002, -36.9516502], [174.79932920000002, -36.9516502]]]}, "properties": {"row": 0, "col": 21, "elevation_m": 12.6, "low_elevation": false, "drain_deficiency": 0.793, "adjusted_score": 39.6}}, {"type": "Feature", "geometry": {"type": "Polygon", "coordinates": [[[174.80022920000002, -36.9516502], [174.80022920000002, -36.9507502], [174.79932920000002, -36.9507502], [174.79932920000002, -36.9516502], [174.80022920000002, -36.9516502]]]}, "properties": {"row": 0, "col": 22, "elevation_m": 13.1, "low_elevation": false, "drain_deficiency": 1.0, "adjusted_score": 50.0}}, {"type": "Feature", "geometry": {"type": "Polygon", "coordinates": [[[174.80112920000002, -36.9516502], [174.80112920000002, -36.9507502], [174.80022920000002, -36.9507502], [174.80022920000002, -36.9516502], [174.80112920000002, -36.9516502]]]}, "properties": {"row": 0, "col": 23, "elevation_m": 13.0, "low_elevation": false, "drain_deficiency": 1.0, "adjusted_score": 50.0}}, {"type": "Feature", "geometry": {"type": "Polygon", "coordinates": [[[174.80202920000002, -36.9516502], [174.80202920000002, -36.9507502], [174.80112920000002, -36.9507502], [174.80112920000002, -36.9516502], [174.80202920000002, -36.9516502]]]}, "properties": {"row": 0, "col": 24, "elevation_m": 12.8, "low_elevation": false, "drain_deficiency": 1.0, "adjusted_score": 50.0}}, {"type": "Feature", "geometry": {"type": "Polygon", "coordinates": [[[174.80292920000002, -36.9516502], [174.80292920000002, -36.9507502], [174.80202920000002, -36.9507502], [174.80202920000002, -36.9516502], [174.80292920000002, -36.9516502]]]}, "properties": {"row": 0, "col": 25, "elevation_m": 12.8, "low_elevation": false, "drain_deficiency": 0.95, "adjusted_score": 47.5}}, {"type": "Feature", "geometry": {"type": "Polygon", "coordinates": [[[174.80382920000002, -36.9516502], [174.80382920000002, -36.9507502], [174.80292920000002, -36.9507502], [174.80292920000002, -36.9516502], [174.80382920000002, -36.9516502]]]}, "properties": {"row": 0, "col": 26, "elevation_m": 12.6, "low_elevation": false, "drain_deficiency": 0.625, "adjusted_score": 31.2}}, {"type": "Feature", "geometry": {"type": "Polygon", "coordinates": [[[174.80472920000003, -36.9516502], [174.80472920000003, -36.9507502], [174.80382920000002, -36.9507502], [174.80382920000002, -36.9516502], [174.80472920000003, -36.9516502]]]}, "properties": {"row": 0, "col": 27, "elevation_m": 11.7, "low_elevation": false, "drain_deficiency": 0.5, "adjusted_score": 25.0}}, {"type": "Feature", "geometry": {"type": "Polygon", "coordinates": [[[174.80562920000003, -36.9516502], [174.80562920000003, -36.9507502], [174.80472920000003, -36.9507502], [174.80472920000003, -36.9516502], [174.80562920000003, -36.9516502]]]}, "properties": {"row": 0, "col": 28, "elevation_m": 10.7, "low_elevation": false, "drain_deficiency": 0.625, "adjusted_score": 31.2}}, {"type": "Feature", "geometry": {"type": "Polygon", "coordinates": [[[174.80652920000003, -36.9516502], [174.80652920000003, -36.9507502], [174.80562920000003, -36.9507502], [174.80562920000003, -36.9516502], [174.80652920000003, -36.9516502]]]}, "properties": {"row": 0, "col": 29, "elevation_m": 10.1, "low_elevation": false, "drain_deficiency": 0.253, "adjusted_score": 12.6}}, {"type": "Feature", "geometry": {"type": "Polygon", "coordinates": [[[174.8074292, -36.9516502], [174.8074292, -36.9507502], [174.8065292, -36.9507502], [174.8065292, -36.9516502], [174.8074292, -36.9516502]]]}, "properties": {"row": 0, "col": 30, "elevation_m": 8.6, "low_elevation": false, "drain_deficiency": 0.625, "adjusted_score": 31.2}}, {"type": "Feature", "geometry": {"type": "Polygon", "coordinates": [[[174.8083292, -36.9516502], [174.8083292, -36.9507502], [174.8074292, -36.9507502], [174.8074292, -36.9516502], [174.8083292, -36.9516502]]]}, "properties": {"row": 0, "col": 31, "elevation_m": 6.8, "low_elevation": false, "drain_deficiency": 0.375, "adjusted_score": 18.8}}, {"type": "Feature", "geometry": {"type": "Polygon", "coordinates": [[[174.8092292, -36.9516502], [174.8092292, -36.9507502], [174.8083292, -36.9507502], [174.8083292, -36.9516502], [174.8092292, -36.9516502]]]}, "properties": {"row": 0, "col": 32, "elevation_m": 6.8, "low_elevation": false, "drain_deficiency": 0.833, "adjusted_score": 41.7}}, {"type": "Feature", "geometry": {"type": "Polygon", "coordinates": [[[174.8101292, -36.9516502], [174.8101292, -36.9507502], [174.8092292, -36.9507502], [174.8092292, -36.9516502], [174.8101292, -36.9516502]]]}, "properties": {"row": 0, "col": 33, "elevation_m": 7.9, "low_elevation": false, "drain_deficiency": 0.5, "adjusted_score": 25.0}}, {"type": "Feature", "geometry": {"type": "Polygon", "coordinates": [[[174.8110292, -36.9516502], [174.8110292, -36.9507502], [174.8101292, -36.9507502], [174.8101292, -36.9516502], [174.8110292, -36.9516502]]]}, "properties": {"row": 0, "col": 34, "elevation_m": 8.3, "low_elevation": false, "drain_deficiency": 0.78, "adjusted_score": 39.0}}, {"type": "Feature", "geometry": {"type": "Polygon", "coordinates": [[[174.8119292, -36.9516502], [174.8119292, -36.9507502], [174.8110292, -36.9507502], [174.8110292, -36.9516502], [174.8119292, -36.9516502]]]}, "properties": {"row": 0, "col": 35, "elevation_m": 7.5, "low_elevation": false, "drain_deficiency": 1.0, "adjusted_score": 50.0}}, {"type": "Feature", "geometry": {"type": "Polygon", "coordinates": [[[174.8128292, -36.9516502], [174.8128292, -36.9507502], [174.8119292, -36.9507502], [174.8119292, -36.9516502], [174.8128292, -36.9516502]]]}, "properties": {"row": 0, "col": 36, "elevation_m": 5.9, "low_elevation": false, "drain_deficiency": 1.0, "adjusted_score": 50.0}}, {"type": "Feature", "geometry": {"type": "Polygon", "coordinates": [[[174.8137292, -36.9516502], [174.8137292, -36.9507502], [174.8128292, -36.9507502], [174.8128292, -36.9516502], [174.8137292, -36.9516502]]]}, "properties": {"row": 0, "col": 37, "elevation_m": 3.3, "low_elevation": true, "drain_deficiency": 1.0, "adjusted_score": 100.0}}, {"type": "Feature", "geometry": {"type": "Polygon", "coordinates": [[[174.8146292, -36.9516502], [174.8146292, -36.9507502], [174.8137292, -36.9507502], [174.8137292, -36.9516502], [174.8146292, -36.9516502]]]}, "properties": {"row": 0, "col": 38, "elevation_m": 3.4, "low_elevation": true, "drain_deficiency": 1.0, "adjusted_score": 100.0}}, {"type": "Feature", "geometry": {"type": "Polygon", "coordinates": [[[174.81552920000001, -36.9516502], [174.81552920000001, -36.9507502], [174.8146292, -36.9507502], [174.8146292, -36.9516502], [174.81552920000001, -36.9516502]]]}, "properties": {"row": 0, "col": 39, "elevation_m": 3.3, "low_elevation": true, "drain_deficiency": 1.0, "adjusted_score": 100.0}}, {"type": "Feature", "geometry": {"type": "Polygon", "coordinates": [[[174.81642920000002, -36.9516502], [174.81642920000002, -36.9507502], [174.81552920000001, -36.9507502], [174.81552920000001, -36.9516502], [174.81642920000002, -36.9516502]]]}, "properties": {"row": 0, "col": 40, "elevation_m": 3.4, "low_elevation": true, "drain_deficiency": 1.0, "adjusted_score": 100.0}}, {"type": "Feature", "geometry": {"type": "Polygon", "coordinates": [[[174.81732920000002, -36.9516502], [174.81732920000002, -36.9507502], [174.81642920000002, -36.9507502], [174.81642920000002, -36.9516502], [174.81732920000002, -36.9516502]]]}, "properties": {"row": 0, "col": 41, "elevation_m": 3.0, "low_elevation": true, "drain_deficiency": 1.0, "adjusted_score": 100.0}}, {"type": "Feature", "geometry": {"type": "Polygon", "coordinates": [[[174.81822920000002, -36.9516502], [174.81822920000002, -36.9507502], [174.81732920000002, -36.9507502], [174.81732920000002, -36.9516502], [174.81822920000002, -36.9516502]]]}, "properties": {"row": 0, "col": 42, "elevation_m": 5.4, "low_elevation": false, "drain_deficiency": 1.0, "adjusted_score": 50.0}}, {"type": "Feature", "geometry": {"type": "Polygon", "coordinates": [[[174.81912920000002, -36.9516502], [174.81912920000002, -36.9507502], [174.81822920000002, -36.9507502], [174.81822920000002, -36.9516502], [174.81912920000002, -36.9516502]]]}, "properties": {"row": 0, "col": 43, "elevation_m": 7.4, "low_elevation": false, "drain_deficiency": 1.0, "adjusted_score": 50.0}}, {"type": "Feature", "geometry": {"type": "Polygon", "coordinates": [[[174.82002920000002, -36.9516502], [174.82002920000002, -36.9507502], [174.81912920000002, -36.9507502], [174.81912920000002, -36.9516502], [174.82002920000002, -36.9516502]]]}, "properties": {"row": 0, "col": 44, "elevation_m": 7.6, "low_elevation": false, "drain_deficiency": 1.0, "adjusted_score": 50.0}}, {"type": "Feature", "geometry": {"type": "Polygon", "coordinates": [[[174.78042920000001, -36.952550200000005], [174.78042920000001, -36.9516502], [174.7795292, -36.9516502], [174.7795292, -36.952550200000005], [174.78042920000001, -36.952550200000005]]]}, "properties": {"row": 1, "col": 0, "elevation_m": 35.2, "low_elevation": false, "drain_deficiency": 0.625, "adjusted_score": 31.2}}, {"type": "Feature", "geometry": {"type": "Polygon", "coordinates": [[[174.78132920000002, -36.952550200000005], [174.78132920000002, -36.9516502], [174.78042920000001, -36.9516502], [174.78042920000001, -36.952550200000005], [174.78132920000002, -36.952550200000005]]]}, "properties": {"row": 1, "col": 1, "elevation_m": 48.5, "low_elevation": false, "drain_deficiency": 0.961, "adjusted_score": 48.0}}, {"type": "Feature", "geometry": {"type": "Polygon", "coordinates": [[[174.78222920000002, -36.952550200000005], [174.78222920000002, -36.9516502], [174.78132920000002, -36.9516502], [174.78132920000002, -36.952550200000005], [174.78222920000002, -36.952550200000005]]]}, "properties": {"row": 1, "col": 2, "elevation_m": 66.7, "low_elevation": false, "drain_deficiency": 1.0, "adjusted_score": 50.0}}, {"type": "Feature", "geometry": {"type": "Polygon", "coordinates": [[[174.78312920000002, -36.952550200000005], [174.78312920000002, -36.9516502], [174.78222920000002, -36.9516502], [174.78222920000002, -36.952550200000005], [174.78312920000002, -36.952550200000005]]]}, "properties": {"row": 1, "col": 3, "elevation_m": 69.0, "low_elevation": false, "drain_deficiency": 1.0, "adjusted_score": 50.0}}, {"type": "Feature", "geometry": {"type": "Polygon", "coordinates": [[[174.78402920000002, -36.952550200000005], [174.78402920000002, -36.9516502], [174.78312920000002, -36.9516502], [174.78312920000002, -36.952550200000005], [174.78402920000002, -36.952550200000005]]]}, "properties": {"row": 1, "col": 4, "elevation_m": 55.4, "low_elevation": false, "drain_deficiency": 1.0, "adjusted_score": 50.0}}, {"type": "Feature", "geometry": {"type": "Polygon", "coordinates": [[[174.78492920000002, -36.952550200000005], [174.78492920000002, -36.9516502], [174.78402920000002, -36.9516502], [174.78402920000002, -36.952550200000005], [174.78492920000002, -36.952550200000005]]]}, "properties": {"row": 1, "col": 5, "elevation_m": 37.3, "low_elevation": false, "drain_deficiency": 1.0, "adjusted_score": 50.0}}, {"type": "Feature", "geometry": {"type": "Polygon", "coordinates": [[[174.78582920000002, -36.952550200000005], [174.78582920000002, -36.9516502], [174.78492920000002, -36.9516502], [174.78492920000002, -36.952550200000005], [174.78582920000002, -36.952550200000005]]]}, "properties": {"row": 1, "col": 6, "elevation_m": 26.8, "low_elevation": false, "drain_deficiency": 1.0, "adjusted_score": 50.0}}, {"type": "Feature", "geometry": {"type": "Polygon", "coordinates": [[[174.78672920000002, -36.952550200000005], [174.78672920000002, -36.9516502], [174.78582920000002, -36.9516502], [174.78582920000002, -36.952550200000005], [174.78672920000002, -36.952550200000005]]]}, "properties": {"row": 1, "col": 7, "elevation_m": 23.0, "low_elevation": false, "drain_deficiency": 1.0, "adjusted_score": 50.0}}, {"type": "Feature", "geometry": {"type": "Polygon", "coordinates": [[[174.78762920000003, -36.952550200000005], [174.78762920000003, -36.9516502], [174.78672920000002, -36.9516502], [174.78672920000002, -36.952550200000005], [174.78762920000003, -36.952550200000005]]]}, "properties": {"row": 1, "col": 8, "elevation_m": 18.8, "low_elevation": false, "drain_deficiency": 1.0, "adjusted_score": 50.0}}, {"type": "Feature", "geometry": {"type": "Polygon", "coordinates": [[[174.78852920000003, -36.952550200000005], [174.78852920000003, -36.9516502], [174.78762920000003, -36.9516502], [174.78762920000003, -36.952550200000005], [174.78852920000003, -36.952550200000005]]]}, "properties": {"row": 1, "col": 9, "elevation_m": 15.8, "low_elevation": false, "drain_deficiency": 0.792, "adjusted_score": 39.6}}, {"type": "Feature", "geometry": {"type": "Polygon", "coordinates": [[[174.7894292, -36.952550200000005], [174.7894292, -36.9516502], [174.7885292, -36.9516502], [174.7885292, -36.952550200000005], [174.7894292, -36.952550200000005]]]}, "properties": {"row": 1, "col": 10, "elevation_m": 15.2, "low_elevation": false, "drain_deficiency": 0.625, "adjusted_score": 31.2}}, {"type": "Feature", "geometry": {"type": "Polygon", "coordinates": [[[174.7903292, -36.952550200000005], [174.7903292, -36.9516502], [174.7894292, -36.9516502], [174.7894292, -36.952550200000005], [174.7903292, -36.952550200000005]]]}, "properties": {"row": 1, "col": 11, "elevation_m": 13.7, "low_elevation": false, "drain_deficiency": 0.625, "adjusted_score": 31.2}}, {"type": "Feature", "geometry": {"type": "Polygon", "coordinates": [[[174.7912292, -36.952550200000005], [174.7912292, -36.9516502], [174.7903292, -36.9516502], [174.7903292, -36.952550200000005], [174.7912292, -36.952550200000005]]]}, "properties": {"row": 1, "col": 12, "elevation_m": 10.8, "low_elevation": false, "drain_deficiency": 0.4, "adjusted_score": 20.0}}, {"type": "Feature", "geometry": {"type": "Polygon", "coordinates": [[[174.7921292, -36.952550200000005], [174.7921292, -36.9516502], [174.7912292, -36.9516502], [174.7912292, -36.952550200000005], [174.7921292, -36.952550200000005]]]}, "properties": {"row": 1, "col": 13, "elevation_m": 9.0, "low_elevation": false, "drain_deficiency": 0.75, "adjusted_score": 37.5}}, {"type": "Feature", "geometry": {"type": "Polygon", "coordinates": [[[174.7930292, -36.952550200000005], [174.7930292, -36.9516502], [174.7921292, -36.9516502], [174.7921292, -36.952550200000005], [174.7930292, -36.952550200000005]]]}, "properties": {"row": 1, "col": 14, "elevation_m": 8.5, "low_elevation": false, "drain_deficiency": 0.75, "adjusted_score": 37.5}}, {"type": "Feature", "geometry": {"type": "Polygon", "coordinates": [[[174.7939292, -36.952550200000005], [174.7939292, -36.9516502], [174.7930292, -36.9516502], [174.7930292, -36.952550200000005], [174.7939292, -36.952550200000005]]]}, "properties": {"row": 1, "col": 15, "elevation_m": 8.4, "low_elevation": false, "drain_deficiency": 0.547, "adjusted_score": 27.4}}, {"type": "Feature", "geometry": {"type": "Polygon", "coordinates": [[[174.7948292, -36.952550200000005], [174.7948292, -36.9516502], [174.7939292, -36.9516502], [174.7939292, -36.952550200000005], [174.7948292, -36.952550200000005]]]}, "properties": {"row": 1, "col": 16, "elevation_m": 6.5, "low_elevation": false, "drain_deficiency": 0.341, "adjusted_score": 17.1}}, {"type": "Feature", "geometry": {"type": "Polygon", "coordinates": [[[174.7957292, -36.952550200000005], [174.7957292, -36.9516502], [174.7948292, -36.9516502], [174.7948292, -36.952550200000005], [174.7957292, -36.952550200000005]]]}, "properties": {"row": 1, "col": 17, "elevation_m": 9.4, "low_elevation": false, "drain_deficiency": 0.391, "adjusted_score": 19.5}}, {"type": "Feature", "geometry": {"type": "Polygon", "coordinates": [[[174.7966292, -36.952550200000005], [174.7966292, -36.9516502], [174.7957292, -36.9516502], [174.7957292, -36.952550200000005], [174.7966292, -36.952550200000005]]]}, "properties": {"row": 1, "col": 18, "elevation_m": 12.5, "low_elevation": false, "drain_deficiency": 0.341, "adjusted_score": 17.1}}, {"type": "Feature", "geometry": {"type": "Polygon", "coordinates": [[[174.7975292, -36.952550200000005], [174.7975292, -36.9516502], [174.7966292, -36.9516502], [174.7966292, -36.952550200000005], [174.7975292, -36.952550200000005]]]}, "properties": {"row": 1, "col": 19, "elevation_m": 12.1, "low_elevation": false, "drain_deficiency": 0.5, "adjusted_score": 25.0}}, {"type": "Feature", "geometry": {"type": "Polygon", "coordinates": [[[174.79842920000002, -36.952550200000005], [174.79842920000002, -36.9516502], [174.7975292, -36.9516502], [174.7975292, -36.952550200000005], [174.79842920000002, -36.952550200000005]]]}, "properties": {"row": 1, "col": 20, "elevation_m": 12.6, "low_elevation": false, "drain_deficiency": 0.5, "adjusted_score": 25.0}}, {"type": "Feature", "geometry": {"type": "Polygon", "coordinates": [[[174.79932920000002, -36.952550200000005], [174.79932920000002, -36.9516502], [174.79842920000002, -36.9516502], [174.79842920000002, -36.952550200000005], [174.79932920000002, -36.952550200000005]]]}, "properties": {"row": 1, "col": 21, "elevation_m": 13.3, "low_elevation": false, "drain_deficiency": 0.532, "adjusted_score": 26.6}}, {"type": "Feature", "geometry": {"type": "Polygon", "coordinates": [[[174.80022920000002, -36.952550200000005], [174.80022920000002, -36.9516502], [174.79932920000002, -36.9516502], [174.79932920000002, -36.952550200000005], [174.80022920000002, -36.952550200000005]]]}, "properties": {"row": 1, "col": 22, "elevation_m": 13.4, "low_elevation": false, "drain_deficiency": 0.759, "adjusted_score": 38.0}}, {"type": "Feature", "geometry": {"type": "Polygon", "coordinates": [[[174.80112920000002, -36.952550200000005], [174.80112920000002, -36.9516502], [174.80022920000002, -36.9516502], [174.80022920000002, -36.952550200000005], [174.80112920000002, -36.952550200000005]]]}, "properties": {"row": 1, "col": 23, "elevation_m": 13.1, "low_elevation": false, "drain_deficiency": 0.861, "adjusted_score": 43.1}}, {"type": "Feature", "geometry": {"type": "Polygon", "coordinates": [[[174.80202920000002, -36.952550200000005], [174.80202920000002, -36.9516502], [174.80112920000002, -36.9516502], [174.80112920000002, -36.952550200000005], [174.80202920000002, -36.952550200000005]]]}, "properties": {"row": 1, "col": 24, "elevation_m": 12.5, "low_elevation": false, "drain_deficiency": 0.625, "adjusted_score": 31.2}}, {"type": "Feature", "geometry": {"type": "Polygon", "coordinates": [[[174.80292920000002, -36.952550200000005], [174.80292920000002, -36.9516502], [174.80202920000002, -36.9516502], [174.80202920000002, -36.952550200000005], [174.80292920000002, -36.952550200000005]]]}, "properties": {"row": 1, "col": 25, "elevation_m": 11.4, "low_elevation": false, "drain_deficiency": 0.75, "adjusted_score": 37.5}}, {"type": "Feature", "geometry": {"type": "Polygon", "coordinates": [[[174.80382920000002, -36.952550200000005], [174.80382920000002, -36.9516502], [174.80292920000002, -36.9516502], [174.80292920000002, -36.952550200000005], [174.80382920000002, -36.952550200000005]]]}, "properties": {"row": 1, "col": 26, "elevation_m": 11.4, "low_elevation": false, "drain_deficiency": 0.625, "adjusted_score": 31.2}}, {"type": "Feature", "geometry": {"type": "Polygon", "coordinates": [[[174.80472920000003, -36.952550200000005], [174.80472920000003, -36.9516502], [174.80382920000002, -36.9516502], [174.80382920000002, -36.952550200000005], [174.80472920000003, -36.952550200000005]]]}, "properties": {"row": 1, "col": 27, "elevation_m": 11.6, "low_elevation": false, "drain_deficiency": 0.625, "adjusted_score": 31.2}}, {"type": "Feature", "geometry": {"type": "Polygon", "coordinates": [[[174.80562920000003, -36.952550200000005], [174.80562920000003, -36.9516502], [174.80472920000003, -36.9516502], [174.80472920000003, -36.952550200000005], [174.80562920000003, -36.952550200000005]]]}, "properties": {"row": 1, "col": 28, "elevation_m": 10.6, "low_elevation": false, "drain_deficiency": 0.07, "adjusted_score": 3.5}}, {"type": "Feature", "geometry": {"type": "Polygon", "coordinates": [[[174.80652920000003, -36.952550200000005], [174.80652920000003, -36.9516502], [174.80562920000003, -36.9516502], [174.80562920000003, -36.952550200000005], [174.80652920000003, -36.952550200000005]]]}, "properties": {"row": 1, "col": 29, "elevation_m": 10.1, "low_elevation": false, "drain_deficiency": 0.625, "adjusted_score": 31.2}}, {"type": "Feature", "geometry": {"type": "Polygon", "coordinates": [[[174.8074292, -36.952550200000005], [174.8074292, -36.9516502], [174.8065292, -36.9516502], [174.8065292, -36.952550200000005], [174.8074292, -36.952550200000005]]]}, "properties": {"row": 1, "col": 30, "elevation_m": 8.7, "low_elevation": false, "drain_deficiency": 0.364, "adjusted_score": 18.2}}, {"type": "Feature", "geometry": {"type": "Polygon", "coordinates": [[[174.8083292, -36.952550200000005], [174.8083292, -36.9516502], [174.8074292, -36.9516502], [174.8074292, -36.952550200000005], [174.8083292, -36.952550200000005]]]}, "properties": {"row": 1, "col": 31, "elevation_m": 7.6, "low_elevation": false, "drain_deficiency": 0.5, "adjusted_score": 25.0}}, {"type": "Feature", "geometry": {"type": "Polygon", "coordinates": [[[174.8092292, -36.952550200000005], [174.8092292, -36.9516502], [174.8083292, -36.9516502], [174.8083292, -36.952550200000005], [174.8092292, -36.952550200000005]]]}, "properties": {"row": 1, "col": 32, "elevation_m": 6.1, "low_elevation": false, "drain_deficiency": 0.183, "adjusted_score": 9.2}}, {"type": "Feature", "geometry": {"type": "Polygon", "coordinates": [[[174.8101292, -36.952550200000005], [174.8101292, -36.9516502], [174.8092292, -36.9516502], [174.8092292, -36.952550200000005], [174.8101292, -36.952550200000005]]]}, "properties": {"row": 1, "col": 33, "elevation_m": 5.6, "low_elevation": false, "drain_deficiency": 0.617, "adjusted_score": 30.8}}, {"type": "Feature", "geometry": {"type": "Polygon", "coordinates": [[[174.8110292, -36.952550200000005], [174.8110292, -36.9516502], [174.8101292, -36.9516502], [174.8101292, -36.952550200000005], [174.8110292, -36.952550200000005]]]}, "properties": {"row": 1, "col": 34, "elevation_m": 5.8, "low_elevation": false, "drain_deficiency": 0.5, "adjusted_score": 25.0}}, {"type": "Feature", "geometry": {"type": "Polygon", "coordinates": [[[174.8119292, -36.952550200000005], [174.8119292, -36.9516502], [174.8110292, -36.9516502], [174.8110292, -36.952550200000005], [174.8119292, -36.952550200000005]]]}, "properties": {"row": 1, "col": 35, "elevation_m": 5.5, "low_elevation": false, "drain_deficiency": 0.823, "adjusted_score": 41.2}}, {"type": "Feature", "geometry": {"type": "Polygon", "coordinates": [[[174.8128292, -36.952550200000005], [174.8128292, -36.9516502], [174.8119292, -36.9516502], [174.8119292, -36.952550200000005], [174.8128292, -36.952550200000005]]]}, "properties": {"row": 1, "col": 36, "elevation_m": 4.7, "low_elevation": true, "drain_deficiency": 0.764, "adjusted_score": 88.2}}, {"type": "Feature", "geometry": {"type": "Polygon", "coordinates": [[[174.8137292, -36.952550200000005], [174.8137292, -36.9516502], [174.8128292, -36.9516502], [174.8128292, -36.952550200000005], [174.8137292, -36.952550200000005]]]}, "properties": {"row": 1, "col": 37, "elevation_m": 3.8, "low_elevation": true, "drain_deficiency": 0.625, "adjusted_score": 81.2}}, {"type": "Feature", "geometry": {"type": "Polygon", "coordinates": [[[174.8146292, -36.952550200000005], [174.8146292, -36.9516502], [174.8137292, -36.9516502], [174.8137292, -36.952550200000005], [174.8146292, -36.952550200000005]]]}, "properties": {"row": 1, "col": 38, "elevation_m": 3.2, "low_elevation": true, "drain_deficiency": 0.625, "adjusted_score": 81.2}}, {"type": "Feature", "geometry": {"type": "Polygon", "coordinates": [[[174.81552920000001, -36.952550200000005], [174.81552920000001, -36.9516502], [174.8146292, -36.9516502], [174.8146292, -36.952550200000005], [174.81552920000001, -36.952550200000005]]]}, "properties": {"row": 1, "col": 39, "elevation_m": 2.5, "low_elevation": true, "drain_deficiency": 0.831, "adjusted_score": 91.6}}, {"type": "Feature", "geometry": {"type": "Polygon", "coordinates": [[[174.81642920000002, -36.952550200000005], [174.81642920000002, -36.9516502], [174.81552920000001, -36.9516502], [174.81552920000001, -36.952550200000005], [174.81642920000002, -36.952550200000005]]]}, "properties": {"row": 1, "col": 40, "elevation_m": 2.5, "low_elevation": true, "drain_deficiency": 0.914, "adjusted_score": 95.7}}, {"type": "Feature", "geometry": {"type": "Polygon", "coordinates": [[[174.81732920000002, -36.952550200000005], [174.81732920000002, -36.9516502], [174.81642920000002, -36.9516502], [174.81642920000002, -36.952550200000005], [174.81732920000002, -36.952550200000005]]]}, "properties": {"row": 1, "col": 41, "elevation_m": 2.6, "low_elevation": true, "drain_deficiency": 0.755, "adjusted_score": 87.8}}, {"type": "Feature", "geometry": {"type": "Polygon", "coordinates": [[[174.81822920000002, -36.952550200000005], [174.81822920000002, -36.9516502], [174.81732920000002, -36.9516502], [174.81732920000002, -36.952550200000005], [174.81822920000002, -36.952550200000005]]]}, "properties": {"row": 1, "col": 42, "elevation_m": 3.9, "low_elevation": true, "drain_deficiency": 0.763, "adjusted_score": 88.2}}, {"type": "Feature", "geometry": {"type": "Polygon", "coordinates": [[[174.81912920000002, -36.952550200000005], [174.81912920000002, -36.9516502], [174.81822920000002, -36.9516502], [174.81822920000002, -36.952550200000005], [174.81912920000002, -36.952550200000005]]]}, "properties": {"row": 1, "col": 43, "elevation_m": 6.2, "low_elevation": false, "drain_deficiency": 0.937, "adjusted_score": 46.8}}, {"type": "Feature", "geometry": {"type": "Polygon", "coordinates": [[[174.82002920000002, -36.952550200000005], [174.82002920000002, -36.9516502], [174.81912920000002, -36.9516502], [174.81912920000002, -36.952550200000005], [174.82002920000002, -36.952550200000005]]]}, "properties": {"row": 1, "col": 44, "elevation_m": 6.7, "low_elevation": false, "drain_deficiency": 1.0, "adjusted_score": 50.0}}, {"type": "Feature", "geometry": {"type": "Polygon", "coordinates": [[[174.78042920000001, -36.953450200000006], [174.78042920000001, -36.952550200000005], [174.7795292, -36.952550200000005], [174.7795292, -36.953450200000006], [174.78042920000001, -36.953450200000006]]]}, "properties": {"row": 2, "col": 0, "elevation_m": 27.7, "low_elevation": false, "drain_deficiency": 0.5, "adjusted_score": 25.0}}, {"type": "Feature", "geometry": {"type": "Polygon", "coordinates": [[[174.78132920000002, -36.953450200000006], [174.78132920000002, -36.952550200000005], [174.78042920000001, -36.952550200000005], [174.78042920000001, -36.953450200000006], [174.78132920000002, -36.953450200000006]]]}, "properties": {"row": 2, "col": 1, "elevation_m": 33.0, "low_elevation": false, "drain_deficiency": 0.75, "adjusted_score": 37.5}}, {"type": "Feature", "geometry": {"type": "Polygon", "coordinates": [[[174.78222920000002, -36.953450200000006], [174.78222920000002, -36.952550200000005], [174.78132920000002, -36.952550200000005], [174.78132920000002, -36.953450200000006], [174.78222920000002, -36.953450200000006]]]}, "properties": {"row": 2, "col": 2, "elevation_m": 35.3, "low_elevation": false, "drain_deficiency": 0.75, "adjusted_score": 37.5}}, {"type": "Feature", "geometry": {"type": "Polygon", "coordinates": [[[174.78312920000002, -36.953450200000006], [174.78312920000002, -36.952550200000005], [174.78222920000002, -36.952550200000005], [174.78222920000002, -36.953450200000006], [174.78312920000002, -36.953450200000006]]]}, "properties": {"row": 2, "col": 3, "elevation_m": 30.5, "low_elevation": false, "drain_deficiency": 0.982, "adjusted_score": 49.1}}, {"type": "Feature", "geometry": {"type": "Polygon", "coordinates": [[[174.78402920000002, -36.953450200000006], [174.78402920000002, -36.952550200000005], [174.78312920000002, -36.952550200000005], [174.78312920000002, -36.953450200000006], [174.78402920000002, -36.953450200000006]]]}, "properties": {"row": 2, "col": 4, "elevation_m": 22.9, "low_elevation": false, "drain_deficiency": 1.0, "adjusted_score": 50.0}}, {"type": "Feature", "geometry": {"type": "Polygon", "coordinates": [[[174.78492920000002, -36.953450200000006], [174.78492920000002, -36.952550200000005], [174.78402920000002, -36.952550200000005], [174.78402920000002, -36.953450200000006], [174.78492920000002, -36.953450200000006]]]}, "properties": {"row": 2, "col": 5, "elevation_m": 19.5, "low_elevation": false, "drain_deficiency": 1.0, "adjusted_score": 50.0}}, {"type": "Feature", "geometry": {"type": "Polygon", "coordinates": [[[174.78582920000002, -36.953450200000006], [174.78582920000002, -36.952550200000005], [174.78492920000002, -36.952550200000005], [174.78492920000002, -36.953450200000006], [174.78582920000002, -36.953450200000006]]]}, "properties": {"row": 2, "col": 6, "elevation_m": 17.7, "low_elevation": false, "drain_deficiency": 1.0, "adjusted_score": 50.0}}, {"type": "Feature", "geometry": {"type": "Polygon", "coordinates": [[[174.78672920000002, -36.953450200000006], [174.78672920000002, -36.952550200000005], [174.78582920000002, -36.952550200000005], [174.78582920000002, -36.953450200000006], [174.78672920000002, -36.953450200000006]]]}, "properties": {"row": 2, "col": 7, "elevation_m": 17.3, "low_elevation": false, "drain_deficiency": 1.0, "adjusted_score": 50.0}}, {"type": "Feature", "geometry": {"type": "Polygon", "coordinates": [[[174.78762920000003, -36.953450200000006], [174.78762920000003, -36.952550200000005], [174.78672920000002, -36.952550200000005], [174.78672920000002, -36.953450200000006], [174.78762920000003, -36.953450200000006]]]}, "properties": {"row": 2, "col": 8, "elevation_m": 16.2, "low_elevation": false, "drain_deficiency": 1.0, "adjusted_score": 50.0}}, {"type": "Feature", "geometry": {"type": "Polygon", "coordinates": [[[174.78852920000003, -36.953450200000006], [174.78852920000003, -36.952550200000005], [174.78762920000003, -36.952550200000005], [174.78762920000003, -36.953450200000006], [174.78852920000003, -36.953450200000006]]]}, "properties": {"row": 2, "col": 9, "elevation_m": 15.3, "low_elevation": false, "drain_deficiency": 1.0, "adjusted_score": 50.0}}, {"type": "Feature", "geometry": {"type": "Polygon", "coordinates": [[[174.7894292, -36.953450200000006], [174.7894292, -36.952550200000005], [174.7885292, -36.952550200000005], [174.7885292, -36.953450200000006], [174.7894292, -36.953450200000006]]]}, "properties": {"row": 2, "col": 10, "elevation_m": 14.6, "low_elevation": false, "drain_deficiency": 0.845, "adjusted_score": 42.3}}, {"type": "Feature", "geometry": {"type": "Polygon", "coordinates": [[[174.7903292, -36.953450200000006], [174.7903292, -36.952550200000005], [174.7894292, -36.952550200000005], [174.7894292, -36.953450200000006], [174.7903292, -36.953450200000006]]]}, "properties": {"row": 2, "col": 11, "elevation_m": 12.6, "low_elevation": false, "drain_deficiency": 0.979, "adjusted_score": 48.9}}, {"type": "Feature", "geometry": {"type": "Polygon", "coordinates": [[[174.7912292, -36.953450200000006], [174.7912292, -36.952550200000005], [174.7903292, -36.952550200000005], [174.7903292, -36.953450200000006], [174.7912292, -36.953450200000006]]]}, "properties": {"row": 2, "col": 12, "elevation_m": 10.8, "low_elevation": false, "drain_deficiency": 0.961, "adjusted_score": 48.0}}, {"type": "Feature", "geometry": {"type": "Polygon", "coordinates": [[[174.7921292, -36.953450200000006], [174.7921292, -36.952550200000005], [174.7912292, -36.952550200000005], [174.7912292, -36.953450200000006], [174.7921292, -36.953450200000006]]]}, "properties": {"row": 2, "col": 13, "elevation_m": 9.8, "low_elevation": false, "drain_deficiency": 0.55, "adjusted_score": 27.5}}, {"type": "Feature", "geometry": {"type": "Polygon", "coordinates": [[[174.7930292, -36.953450200000006], [174.7930292, -36.952550200000005], [174.7921292, -36.952550200000005], [174.7921292, -36.953450200000006], [174.7930292, -36.953450200000006]]]}, "properties": {"row": 2, "col": 14, "elevation_m": 10.1, "low_elevation": false, "drain_deficiency": 0.452, "adjusted_score": 22.6}}, {"type": "Feature", "geometry": {"type": "Polygon", "coordinates": [[[174.7939292, -36.953450200000006], [174.7939292, -36.952550200000005], [174.7930292, -36.952550200000005], [174.7930292, -36.953450200000006], [174.7939292, -36.953450200000006]]]}, "properties": {"row": 2, "col": 15, "elevation_m": 10.4, "low_elevation": false, "drain_deficiency": 0.914, "adjusted_score": 45.7}}, {"type": "Feature", "geometry": {"type": "Polygon", "coordinates": [[[174.7948292, -36.953450200000006], [174.7948292, -36.952550200000005], [174.7939292, -36.952550200000005], [174.7939292, -36.953450200000006], [174.7948292, -36.953450200000006]]]}, "properties": {"row": 2, "col": 16, "elevation_m": 9.7, "low_elevation": false, "drain_deficiency": 0.98, "adjusted_score": 49.0}}, {"type": "Feature", "geometry": {"type": "Polygon", "coordinates": [[[174.7957292, -36.953450200000006], [174.7957292, -36.952550200000005], [174.7948292, -36.952550200000005], [174.7948292, -36.953450200000006], [174.7957292, -36.953450200000006]]]}, "properties": {"row": 2, "col": 17, "elevation_m": 8.5, "low_elevation": false, "drain_deficiency": 1.0, "adjusted_score": 50.0}}, {"type": "Feature", "geometry": {"type": "Polygon", "coordinates": [[[174.7966292, -36.953450200000006], [174.7966292, -36.952550200000005], [174.7957292, -36.952550200000005], [174.7957292, -36.953450200000006], [174.7966292, -36.953450200000006]]]}, "properties": {"row": 2, "col": 18, "elevation_m": 13.8, "low_elevation": false, "drain_deficiency": 0.625, "adjusted_score": 31.2}}, {"type": "Feature", "geometry": {"type": "Polygon", "coordinates": [[[174.7975292, -36.953450200000006], [174.7975292, -36.952550200000005], [174.7966292, -36.952550200000005], [174.7966292, -36.953450200000006], [174.7975292, -36.953450200000006]]]}, "properties": {"row": 2, "col": 19, "elevation_m": 13.0, "low_elevation": false, "drain_deficiency": 0.625, "adjusted_score": 31.2}}, {"type": "Feature", "geometry": {"type": "Polygon", "coordinates": [[[174.79842920000002, -36.953450200000006], [174.79842920000002, -36.952550200000005], [174.7975292, -36.952550200000005], [174.7975292, -36.953450200000006], [174.79842920000002, -36.953450200000006]]]}, "properties": {"row": 2, "col": 20, "elevation_m": 12.1, "low_elevation": false, "drain_deficiency": 0.625, "adjusted_score": 31.2}}, {"type": "Feature", "geometry": {"type": "Polygon", "coordinates": [[[174.79932920000002, -36.953450200000006], [174.79932920000002, -36.952550200000005], [174.79842920000002, -36.952550200000005], [174.79842920000002, -36.953450200000006], [174.79932920000002, -36.953450200000006]]]}, "properties": {"row": 2, "col": 21, "elevation_m": 12.3, "low_elevation": false, "drain_deficiency": 0.75, "adjusted_score": 37.5}}, {"type": "Feature", "geometry": {"type": "Polygon", "coordinates": [[[174.80022920000002, -36.953450200000006], [174.80022920000002, -36.952550200000005], [174.79932920000002, -36.952550200000005], [174.79932920000002, -36.953450200000006], [174.80022920000002, -36.953450200000006]]]}, "properties": {"row": 2, "col": 22, "elevation_m": 11.7, "low_elevation": false, "drain_deficiency": 0.375, "adjusted_score": 18.8}}, {"type": "Feature", "geometry": {"type": "Polygon", "coordinates": [[[174.80112920000002, -36.953450200000006], [174.80112920000002, -36.952550200000005], [174.80022920000002, -36.952550200000005], [174.80022920000002, -36.953450200000006], [174.80112920000002, -36.953450200000006]]]}, "properties": {"row": 2, "col": 23, "elevation_m": 10.7, "low_elevation": false, "drain_deficiency": 0.75, "adjusted_score": 37.5}}, {"type": "Feature", "geometry": {"type": "Polygon", "coordinates": [[[174.80202920000002, -36.953450200000006], [174.80202920000002, -36.952550200000005], [174.80112920000002, -36.952550200000005], [174.80112920000002, -36.953450200000006], [174.80202920000002, -36.953450200000006]]]}, "properties": {"row": 2, "col": 24, "elevation_m": 10.5, "low_elevation": false, "drain_deficiency": 0.75, "adjusted_score": 37.5}}, {"type": "Feature", "geometry": {"type": "Polygon", "coordinates": [[[174.80292920000002, -36.953450200000006], [174.80292920000002, -36.952550200000005], [174.80202920000002, -36.952550200000005], [174.80202920000002, -36.953450200000006], [174.80292920000002, -36.953450200000006]]]}, "properties": {"row": 2, "col": 25, "elevation_m": 11.0, "low_elevation": false, "drain_deficiency": 0.75, "adjusted_score": 37.5}}, {"type": "Feature", "geometry": {"type": "Polygon", "coordinates": [[[174.80382920000002, -36.953450200000006], [174.80382920000002, -36.952550200000005], [174.80292920000002, -36.952550200000005], [174.80292920000002, -36.953450200000006], [174.80382920000002, -36.953450200000006]]]}, "properties": {"row": 2, "col": 26, "elevation_m": 11.5, "low_elevation": false, "drain_deficiency": 0.75, "adjusted_score": 37.5}}, {"type": "Feature", "geometry": {"type": "Polygon", "coordinates": [[[174.80472920000003, -36.953450200000006], [174.80472920000003, -36.952550200000005], [174.80382920000002, -36.952550200000005], [174.80382920000002, -36.953450200000006], [174.80472920000003, -36.953450200000006]]]}, "properties": {"row": 2, "col": 27, "elevation_m": 10.9, "low_elevation": false, "drain_deficiency": 0.5, "adjusted_score": 25.0}}, {"type": "Feature", "geometry": {"type": "Polygon", "coordinates": [[[174.80562920000003, -36.953450200000006], [174.80562920000003, -36.952550200000005], [174.80472920000003, -36.952550200000005], [174.80472920000003, -36.953450200000006], [174.80562920000003, -36.953450200000006]]]}, "properties": {"row": 2, "col": 28, "elevation_m": 10.2, "low_elevation": false, "drain_deficiency": 0.375, "adjusted_score": 18.8}}, {"type": "Feature", "geometry": {"type": "Polygon", "coordinates": [[[174.80652920000003, -36.953450200000006], [174.80652920000003, -36.952550200000005], [174.80562920000003, -36.952550200000005], [174.80562920000003, -36.953450200000006], [174.80652920000003, -36.953450200000006]]]}, "properties": {"row": 2, "col": 29, "elevation_m": 10.6, "low_elevation": false, "drain_deficiency": 0.625, "adjusted_score": 31.2}}, {"type": "Feature", "geometry": {"type": "Polygon", "coordinates": [[[174.8074292, -36.953450200000006], [174.8074292, -36.952550200000005], [174.8065292, -36.952550200000005], [174.8065292, -36.953450200000006], [174.8074292, -36.953450200000006]]]}, "properties": {"row": 2, "col": 30, "elevation_m": 9.6, "low_elevation": false, "drain_deficiency": 0.833, "adjusted_score": 41.7}}, {"type": "Feature", "geometry": {"type": "Polygon", "coordinates": [[[174.8083292, -36.953450200000006], [174.8083292, -36.952550200000005], [174.8074292, -36.952550200000005], [174.8074292, -36.953450200000006], [174.8083292, -36.953450200000006]]]}, "properties": {"row": 2, "col": 31, "elevation_m": 8.6, "low_elevation": false, "drain_deficiency": 0.833, "adjusted_score": 41.7}}, {"type": "Feature", "geometry": {"type": "Polygon", "coordinates": [[[174.8092292, -36.953450200000006], [174.8092292, -36.952550200000005], [174.8083292, -36.952550200000005], [174.8083292, -36.953450200000006], [174.8092292, -36.953450200000006]]]}, "properties": {"row": 2, "col": 32, "elevation_m": 6.2, "low_elevation": false, "drain_deficiency": 0.625, "adjusted_score": 31.2}}, {"type": "Feature", "geometry": {"type": "Polygon", "coordinates": [[[174.8101292, -36.953450200000006], [174.8101292, -36.952550200000005], [174.8092292, -36.952550200000005], [174.8092292, -36.953450200000006], [174.8101292, -36.953450200000006]]]}, "properties": {"row": 2, "col": 33, "elevation_m": 4.7, "low_elevation": true, "drain_deficiency": 0.146, "adjusted_score": 57.3}}, {"type": "Feature", "geometry": {"type": "Polygon", "coordinates": [[[174.8110292, -36.953450200000006], [174.8110292, -36.952550200000005], [174.8101292, -36.952550200000005], [174.8101292, -36.953450200000006], [174.8110292, -36.953450200000006]]]}, "properties": {"row": 2, "col": 34, "elevation_m": 3.9, "low_elevation": true, "drain_deficiency": 0.204, "adjusted_score": 60.2}}, {"type": "Feature", "geometry": {"type": "Polygon", "coordinates": [[[174.8119292, -36.953450200000006], [174.8119292, -36.952550200000005], [174.8110292, -36.952550200000005], [174.8110292, -36.953450200000006], [174.8119292, -36.953450200000006]]]}, "properties": {"row": 2, "col": 35, "elevation_m": 4.6, "low_elevation": true, "drain_deficiency": 0.75, "adjusted_score": 87.5}}, {"type": "Feature", "geometry": {"type": "Polygon", "coordinates": [[[174.8128292, -36.953450200000006], [174.8128292, -36.952550200000005], [174.8119292, -36.952550200000005], [174.8119292, -36.953450200000006], [174.8128292, -36.953450200000006]]]}, "properties": {"row": 2, "col": 36, "elevation_m": 5.1, "low_elevation": false, "drain_deficiency": 0.75, "adjusted_score": 37.5}}, {"type": "Feature", "geometry": {"type": "Polygon", "coordinates": [[[174.8137292, -36.953450200000006], [174.8137292, -36.952550200000005], [174.8128292, -36.952550200000005], [174.8128292, -36.953450200000006], [174.8137292, -36.953450200000006]]]}, "properties": {"row": 2, "col": 37, "elevation_m": 5.7, "low_elevation": false, "drain_deficiency": 0.625, "adjusted_score": 31.2}}, {"type": "Feature", "geometry": {"type": "Polygon", "coordinates": [[[174.8146292, -36.953450200000006], [174.8146292, -36.952550200000005], [174.8137292, -36.952550200000005], [174.8137292, -36.953450200000006], [174.8146292, -36.953450200000006]]]}, "properties": {"row": 2, "col": 38, "elevation_m": 5.9, "low_elevation": false, "drain_deficiency": 0.625, "adjusted_score": 31.2}}, {"type": "Feature", "geometry": {"type": "Polygon", "coordinates": [[[174.81552920000001, -36.953450200000006], [174.81552920000001, -36.952550200000005], [174.8146292, -36.952550200000005], [174.8146292, -36.953450200000006], [174.81552920000001, -36.953450200000006]]]}, "properties": {"row": 2, "col": 39, "elevation_m": 4.9, "low_elevation": true, "drain_deficiency": 0.625, "adjusted_score": 81.2}}, {"type": "Feature", "geometry": {"type": "Polygon", "coordinates": [[[174.81642920000002, -36.953450200000006], [174.81642920000002, -36.952550200000005], [174.81552920000001, -36.952550200000005], [174.81552920000001, -36.953450200000006], [174.81642920000002, -36.953450200000006]]]}, "properties": {"row": 2, "col": 40, "elevation_m": 3.5, "low_elevation": true, "drain_deficiency": 0.418, "adjusted_score": 70.9}}, {"type": "Feature", "geometry": {"type": "Polygon", "coordinates": [[[174.81732920000002, -36.953450200000006], [174.81732920000002, -36.952550200000005], [174.81642920000002, -36.952550200000005], [174.81642920000002, -36.953450200000006], [174.81732920000002, -36.953450200000006]]]}, "properties": {"row": 2, "col": 41, "elevation_m": 3.8, "low_elevation": true, "drain_deficiency": 0.75, "adjusted_score": 87.5}}, {"type": "Feature", "geometry": {"type": "Polygon", "coordinates": [[[174.81822920000002, -36.953450200000006], [174.81822920000002, -36.952550200000005], [174.81732920000002, -36.952550200000005], [174.81732920000002, -36.953450200000006], [174.81822920000002, -36.953450200000006]]]}, "properties": {"row": 2, "col": 42, "elevation_m": 4.0, "low_elevation": true, "drain_deficiency": 0.625, "adjusted_score": 81.2}}, {"type": "Feature", "geometry": {"type": "Polygon", "coordinates": [[[174.81912920000002, -36.953450200000006], [174.81912920000002, -36.952550200000005], [174.81822920000002, -36.952550200000005], [174.81822920000002, -36.953450200000006], [174.81912920000002, -36.953450200000006]]]}, "properties": {"row": 2, "col": 43, "elevation_m": 3.9, "low_elevation": true, "drain_deficiency": 0.625, "adjusted_score": 81.2}}, {"type": "Feature", "geometry": {"type": "Polygon", "coordinates": [[[174.82002920000002, -36.953450200000006], [174.82002920000002, -36.952550200000005], [174.81912920000002, -36.952550200000005], [174.81912920000002, -36.953450200000006], [174.82002920000002, -36.953450200000006]]]}, "properties": {"row": 2, "col": 44, "elevation_m": 5.0, "low_elevation": false, "drain_deficiency": 1.0, "adjusted_score": 50.0}}, {"type": "Feature", "geometry": {"type": "Polygon", "coordinates": [[[174.78042920000001, -36.9543502], [174.78042920000001, -36.9534502], [174.7795292, -36.9534502], [174.7795292, -36.9543502], [174.78042920000001, -36.9543502]]]}, "properties": {"row": 3, "col": 0, "elevation_m": 15.9, "low_elevation": false, "drain_deficiency": 0.583, "adjusted_score": 29.1}}, {"type": "Feature", "geometry": {"type": "Polygon", "coordinates": [[[174.78132920000002, -36.9543502], [174.78132920000002, -36.9534502], [174.78042920000001, -36.9534502], [174.78042920000001, -36.9543502], [174.78132920000002, -36.9543502]]]}, "properties": {"row": 3, "col": 1, "elevation_m": 22.5, "low_elevation": false, "drain_deficiency": 0.5, "adjusted_score": 25.0}}, {"type": "Feature", "geometry": {"type": "Polygon", "coordinates": [[[174.78222920000002, -36.9543502], [174.78222920000002, -36.9534502], [174.78132920000002, -36.9534502], [174.78132920000002, -36.9543502], [174.78222920000002, -36.9543502]]]}, "properties": {"row": 3, "col": 2, "elevation_m": 22.9, "low_elevation": false, "drain_deficiency": 0.5, "adjusted_score": 25.0}}, {"type": "Feature", "geometry": {"type": "Polygon", "coordinates": [[[174.78312920000002, -36.9543502], [174.78312920000002, -36.9534502], [174.78222920000002, -36.9534502], [174.78222920000002, -36.9543502], [174.78312920000002, -36.9543502]]]}, "properties": {"row": 3, "col": 3, "elevation_m": 19.2, "low_elevation": false, "drain_deficiency": 0.717, "adjusted_score": 35.8}}, {"type": "Feature", "geometry": {"type": "Polygon", "coordinates": [[[174.78402920000002, -36.9543502], [174.78402920000002, -36.9534502], [174.78312920000002, -36.9534502], [174.78312920000002, -36.9543502], [174.78402920000002, -36.9543502]]]}, "properties": {"row": 3, "col": 4, "elevation_m": 15.3, "low_elevation": false, "drain_deficiency": 1.0, "adjusted_score": 50.0}}, {"type": "Feature", "geometry": {"type": "Polygon", "coordinates": [[[174.78492920000002, -36.9543502], [174.78492920000002, -36.9534502], [174.78402920000002, -36.9534502], [174.78402920000002, -36.9543502], [174.78492920000002, -36.9543502]]]}, "properties": {"row": 3, "col": 5, "elevation_m": 13.8, "low_elevation": false, "drain_deficiency": 1.0, "adjusted_score": 50.0}}, {"type": "Feature", "geometry": {"type": "Polygon", "coordinates": [[[174.78582920000002, -36.9543502], [174.78582920000002, -36.9534502], [174.78492920000002, -36.9534502], [174.78492920000002, -36.9543502], [174.78582920000002, -36.9543502]]]}, "properties": {"row": 3, "col": 6, "elevation_m": 13.4, "low_elevation": false, "drain_deficiency": 1.0, "adjusted_score": 50.0}}, {"type": "Feature", "geometry": {"type": "Polygon", "coordinates": [[[174.78672920000002, -36.9543502], [174.78672920000002, -36.9534502], [174.78582920000002, -36.9534502], [174.78582920000002, -36.9543502], [174.78672920000002, -36.9543502]]]}, "properties": {"row": 3, "col": 7, "elevation_m": 14.6, "low_elevation": false, "drain_deficiency": 1.0, "adjusted_score": 50.0}}, {"type": "Feature", "geometry": {"type": "Polygon", "coordinates": [[[174.78762920000003, -36.9543502], [174.78762920000003, -36.9534502], [174.78672920000002, -36.9534502], [174.78672920000002, -36.9543502], [174.78762920000003, -36.9543502]]]}, "properties": {"row": 3, "col": 8, "elevation_m": 14.6, "low_elevation": false, "drain_deficiency": 1.0, "adjusted_score": 50.0}}, {"type": "Feature", "geometry": {"type": "Polygon", "coordinates": [[[174.78852920000003, -36.9543502], [174.78852920000003, -36.9534502], [174.78762920000003, -36.9534502], [174.78762920000003, -36.9543502], [174.78852920000003, -36.9543502]]]}, "properties": {"row": 3, "col": 9, "elevation_m": 14.7, "low_elevation": false, "drain_deficiency": 1.0, "adjusted_score": 50.0}}, {"type": "Feature", "geometry": {"type": "Polygon", "coordinates": [[[174.7894292, -36.9543502], [174.7894292, -36.9534502], [174.7885292, -36.9534502], [174.7885292, -36.9543502], [174.7894292, -36.9543502]]]}, "properties": {"row": 3, "col": 10, "elevation_m": 13.8, "low_elevation": false, "drain_deficiency": 1.0, "adjusted_score": 50.0}}, {"type": "Feature", "geometry": {"type": "Polygon", "coordinates": [[[174.7903292, -36.9543502], [174.7903292, -36.9534502], [174.7894292, -36.9534502], [174.7894292, -36.9543502], [174.7903292, -36.9543502]]]}, "properties": {"row": 3, "col": 11, "elevation_m": 11.6, "low_elevation": false, "drain_deficiency": 1.0, "adjusted_score": 50.0}}, {"type": "Feature", "geometry": {"type": "Polygon", "coordinates": [[[174.7912292, -36.9543502], [174.7912292, -36.9534502], [174.7903292, -36.9534502], [174.7903292, -36.9543502], [174.7912292, -36.9543502]]]}, "properties": {"row": 3, "col": 12, "elevation_m": 9.8, "low_elevation": false, "drain_deficiency": 0.5, "adjusted_score": 25.0}}, {"type": "Feature", "geometry": {"type": "Polygon", "coordinates": [[[174.7921292, -36.9543502], [174.7921292, -36.9534502], [174.7912292, -36.9534502], [174.7912292, -36.9543502], [174.7921292, -36.9543502]]]}, "properties": {"row": 3, "col": 13, "elevation_m": 9.6, "low_elevation": false, "drain_deficiency": 0.25, "adjusted_score": 12.5}}, {"type": "Feature", "geometry": {"type": "Polygon", "coordinates": [[[174.7930292, -36.9543502], [174.7930292, -36.9534502], [174.7921292, -36.9534502], [174.7921292, -36.9543502], [174.7930292, -36.9543502]]]}, "properties": {"row": 3, "col": 14, "elevation_m": 9.5, "low_elevation": false, "drain_deficiency": 0.28, "adjusted_score": 14.0}}, {"type": "Feature", "geometry": {"type": "Polygon", "coordinates": [[[174.7939292, -36.9543502], [174.7939292, -36.9534502], [174.7930292, -36.9534502], [174.7930292, -36.9543502], [174.7939292, -36.9543502]]]}, "properties": {"row": 3, "col": 15, "elevation_m": 11.5, "low_elevation": false, "drain_deficiency": 0.596, "adjusted_score": 29.8}}, {"type": "Feature", "geometry": {"type": "Polygon", "coordinates": [[[174.7948292, -36.9543502], [174.7948292, -36.9534502], [174.7939292, -36.9534502], [174.7939292, -36.9543502], [174.7948292, -36.9543502]]]}, "properties": {"row": 3, "col": 16, "elevation_m": 11.7, "low_elevation": false, "drain_deficiency": 0.625, "adjusted_score": 31.2}}, {"type": "Feature", "geometry": {"type": "Polygon", "coordinates": [[[174.7957292, -36.9543502], [174.7957292, -36.9534502], [174.7948292, -36.9534502], [174.7948292, -36.9543502], [174.7957292, -36.9543502]]]}, "properties": {"row": 3, "col": 17, "elevation_m": 9.3, "low_elevation": false, "drain_deficiency": 0.625, "adjusted_score": 31.2}}, {"type": "Feature", "geometry": {"type": "Polygon", "coordinates": [[[174.7966292, -36.9543502], [174.7966292, -36.9534502], [174.7957292, -36.9534502], [174.7957292, -36.9543502], [174.7966292, -36.9543502]]]}, "properties": {"row": 3, "col": 18, "elevation_m": 10.3, "low_elevation": false, "drain_deficiency": 0.5, "adjusted_score": 25.0}}, {"type": "Feature", "geometry": {"type": "Polygon", "coordinates": [[[174.7975292, -36.9543502], [174.7975292, -36.9534502], [174.7966292, -36.9534502], [174.7966292, -36.9543502], [174.7975292, -36.9543502]]]}, "properties": {"row": 3, "col": 19, "elevation_m": 9.5, "low_elevation": false, "drain_deficiency": 0.5, "adjusted_score": 25.0}}, {"type": "Feature", "geometry": {"type": "Polygon", "coordinates": [[[174.79842920000002, -36.9543502], [174.79842920000002, -36.9534502], [174.7975292, -36.9534502], [174.7975292, -36.9543502], [174.79842920000002, -36.9543502]]]}, "properties": {"row": 3, "col": 20, "elevation_m": 9.6, "low_elevation": false, "drain_deficiency": 0.5, "adjusted_score": 25.0}}, {"type": "Feature", "geometry": {"type": "Polygon", "coordinates": [[[174.79932920000002, -36.9543502], [174.79932920000002, -36.9534502], [174.79842920000002, -36.9534502], [174.79842920000002, -36.9543502], [174.79932920000002, -36.9543502]]]}, "properties": {"row": 3, "col": 21, "elevation_m": 10.2, "low_elevation": false, "drain_deficiency": 0.75, "adjusted_score": 37.5}}, {"type": "Feature", "geometry": {"type": "Polygon", "coordinates": [[[174.80022920000002, -36.9543502], [174.80022920000002, -36.9534502], [174.79932920000002, -36.9534502], [174.79932920000002, -36.9543502], [174.80022920000002, -36.9543502]]]}, "properties": {"row": 3, "col": 22, "elevation_m": 9.4, "low_elevation": false, "drain_deficiency": 0.445, "adjusted_score": 22.3}}, {"type": "Feature", "geometry": {"type": "Polygon", "coordinates": [[[174.80112920000002, -36.9543502], [174.80112920000002, -36.9534502], [174.80022920000002, -36.9534502], [174.80022920000002, -36.9543502], [174.80112920000002, -36.9543502]]]}, "properties": {"row": 3, "col": 23, "elevation_m": 9.9, "low_elevation": false, "drain_deficiency": 0.75, "adjusted_score": 37.5}}, {"type": "Feature", "geometry": {"type": "Polygon", "coordinates": [[[174.80202920000002, -36.9543502], [174.80202920000002, -36.9534502], [174.80112920000002, -36.9534502], [174.80112920000002, -36.9543502], [174.80202920000002, -36.9543502]]]}, "properties": {"row": 3, "col": 24, "elevation_m": 10.5, "low_elevation": false, "drain_deficiency": 0.833, "adjusted_score": 41.7}}, {"type": "Feature", "geometry": {"type": "Polygon", "coordinates": [[[174.80292920000002, -36.9543502], [174.80292920000002, -36.9534502], [174.80202920000002, -36.9534502], [174.80202920000002, -36.9543502], [174.80292920000002, -36.9543502]]]}, "properties": {"row": 3, "col": 25, "elevation_m": 10.9, "low_elevation": false, "drain_deficiency": 0.75, "adjusted_score": 37.5}}, {"type": "Feature", "geometry": {"type": "Polygon", "coordinates": [[[174.80382920000002, -36.9543502], [174.80382920000002, -36.9534502], [174.80292920000002, -36.9534502], [174.80292920000002, -36.9543502], [174.80382920000002, -36.9543502]]]}, "properties": {"row": 3, "col": 26, "elevation_m": 11.3, "low_elevation": false, "drain_deficiency": 0.833, "adjusted_score": 41.7}}, {"type": "Feature", "geometry": {"type": "Polygon", "coordinates": [[[174.80472920000003, -36.9543502], [174.80472920000003, -36.9534502], [174.80382920000002, -36.9534502], [174.80382920000002, -36.9543502], [174.80472920000003, -36.9543502]]]}, "properties": {"row": 3, "col": 27, "elevation_m": 10.6, "low_elevation": false, "drain_deficiency": 0.625, "adjusted_score": 31.2}}, {"type": "Feature", "geometry": {"type": "Polygon", "coordinates": [[[174.80562920000003, -36.9543502], [174.80562920000003, -36.9534502], [174.80472920000003, -36.9534502], [174.80472920000003, -36.9543502], [174.80562920000003, -36.9543502]]]}, "properties": {"row": 3, "col": 28, "elevation_m": 10.4, "low_elevation": false, "drain_deficiency": 0.75, "adjusted_score": 37.5}}, {"type": "Feature", "geometry": {"type": "Polygon", "coordinates": [[[174.80652920000003, -36.9543502], [174.80652920000003, -36.9534502], [174.80562920000003, -36.9534502], [174.80562920000003, -36.9543502], [174.80652920000003, -36.9543502]]]}, "properties": {"row": 3, "col": 29, "elevation_m": 10.9, "low_elevation": false, "drain_deficiency": 0.75, "adjusted_score": 37.5}}, {"type": "Feature", "geometry": {"type": "Polygon", "coordinates": [[[174.8074292, -36.9543502], [174.8074292, -36.9534502], [174.8065292, -36.9534502], [174.8065292, -36.9543502], [174.8074292, -36.9543502]]]}, "properties": {"row": 3, "col": 30, "elevation_m": 10.2, "low_elevation": false, "drain_deficiency": 0.5, "adjusted_score": 25.0}}, {"type": "Feature", "geometry": {"type": "Polygon", "coordinates": [[[174.8083292, -36.9543502], [174.8083292, -36.9534502], [174.8074292, -36.9534502], [174.8074292, -36.9543502], [174.8083292, -36.9543502]]]}, "properties": {"row": 3, "col": 31, "elevation_m": 9.0, "low_elevation": false, "drain_deficiency": 0.625, "adjusted_score": 31.2}}, {"type": "Feature", "geometry": {"type": "Polygon", "coordinates": [[[174.8092292, -36.9543502], [174.8092292, -36.9534502], [174.8083292, -36.9534502], [174.8083292, -36.9543502], [174.8092292, -36.9543502]]]}, "properties": {"row": 3, "col": 32, "elevation_m": 6.8, "low_elevation": false, "drain_deficiency": 0.25, "adjusted_score": 12.5}}, {"type": "Feature", "geometry": {"type": "Polygon", "coordinates": [[[174.8101292, -36.9543502], [174.8101292, -36.9534502], [174.8092292, -36.9534502], [174.8092292, -36.9543502], [174.8101292, -36.9543502]]]}, "properties": {"row": 3, "col": 33, "elevation_m": 5.4, "low_elevation": false, "drain_deficiency": 0.25, "adjusted_score": 12.5}}, {"type": "Feature", "geometry": {"type": "Polygon", "coordinates": [[[174.8110292, -36.9543502], [174.8110292, -36.9534502], [174.8101292, -36.9534502], [174.8101292, -36.9543502], [174.8110292, -36.9543502]]]}, "properties": {"row": 3, "col": 34, "elevation_m": 6.0, "low_elevation": false, "drain_deficiency": 0.375, "adjusted_score": 18.8}}, {"type": "Feature", "geometry": {"type": "Polygon", "coordinates": [[[174.8119292, -36.9543502], [174.8119292, -36.9534502], [174.8110292, -36.9534502], [174.8110292, -36.9543502], [174.8119292, -36.9543502]]]}, "properties": {"row": 3, "col": 35, "elevation_m": 7.1, "low_elevation": false, "drain_deficiency": 0.375, "adjusted_score": 18.8}}, {"type": "Feature", "geometry": {"type": "Polygon", "coordinates": [[[174.8128292, -36.9543502], [174.8128292, -36.9534502], [174.8119292, -36.9534502], [174.8119292, -36.9543502], [174.8128292, -36.9543502]]]}, "properties": {"row": 3, "col": 36, "elevation_m": 8.1, "low_elevation": false, "drain_deficiency": 0.75, "adjusted_score": 37.5}}, {"type": "Feature", "geometry": {"type": "Polygon", "coordinates": [[[174.8137292, -36.9543502], [174.8137292, -36.9534502], [174.8128292, -36.9534502], [174.8128292, -36.9543502], [174.8137292, -36.9543502]]]}, "properties": {"row": 3, "col": 37, "elevation_m": 8.8, "low_elevation": false, "drain_deficiency": 0.625, "adjusted_score": 31.2}}, {"type": "Feature", "geometry": {"type": "Polygon", "coordinates": [[[174.8146292, -36.9543502], [174.8146292, -36.9534502], [174.8137292, -36.9534502], [174.8137292, -36.9543502], [174.8146292, -36.9543502]]]}, "properties": {"row": 3, "col": 38, "elevation_m": 8.7, "low_elevation": false, "drain_deficiency": 0.333, "adjusted_score": 16.7}}, {"type": "Feature", "geometry": {"type": "Polygon", "coordinates": [[[174.81552920000001, -36.9543502], [174.81552920000001, -36.9534502], [174.8146292, -36.9534502], [174.8146292, -36.9543502], [174.81552920000001, -36.9543502]]]}, "properties": {"row": 3, "col": 39, "elevation_m": 7.2, "low_elevation": false, "drain_deficiency": 0.045, "adjusted_score": 2.2}}, {"type": "Feature", "geometry": {"type": "Polygon", "coordinates": [[[174.81642920000002, -36.9543502], [174.81642920000002, -36.9534502], [174.81552920000001, -36.9534502], [174.81552920000001, -36.9543502], [174.81642920000002, -36.9543502]]]}, "properties": {"row": 3, "col": 40, "elevation_m": 5.4, "low_elevation": false, "drain_deficiency": 0.625, "adjusted_score": 31.2}}, {"type": "Feature", "geometry": {"type": "Polygon", "coordinates": [[[174.81732920000002, -36.9543502], [174.81732920000002, -36.9534502], [174.81642920000002, -36.9534502], [174.81642920000002, -36.9543502], [174.81732920000002, -36.9543502]]]}, "properties": {"row": 3, "col": 41, "elevation_m": 5.6, "low_elevation": false, "drain_deficiency": 0.125, "adjusted_score": 6.2}}, {"type": "Feature", "geometry": {"type": "Polygon", "coordinates": [[[174.81822920000002, -36.9543502], [174.81822920000002, -36.9534502], [174.81732920000002, -36.9534502], [174.81732920000002, -36.9543502], [174.81822920000002, -36.9543502]]]}, "properties": {"row": 3, "col": 42, "elevation_m": 5.4, "low_elevation": false, "drain_deficiency": 0.75, "adjusted_score": 37.5}}, {"type": "Feature", "geometry": {"type": "Polygon", "coordinates": [[[174.81912920000002, -36.9543502], [174.81912920000002, -36.9534502], [174.81822920000002, -36.9534502], [174.81822920000002, -36.9543502], [174.81912920000002, -36.9543502]]]}, "properties": {"row": 3, "col": 43, "elevation_m": 5.1, "low_elevation": false, "drain_deficiency": 0.75, "adjusted_score": 37.5}}, {"type": "Feature", "geometry": {"type": "Polygon", "coordinates": [[[174.82002920000002, -36.9543502], [174.82002920000002, -36.9534502], [174.81912920000002, -36.9534502], [174.81912920000002, -36.9543502], [174.82002920000002, -36.9543502]]]}, "properties": {"row": 3, "col": 44, "elevation_m": 5.3, "low_elevation": false, "drain_deficiency": 1.0, "adjusted_score": 50.0}}, {"type": "Feature", "geometry": {"type": "Polygon", "coordinates": [[[174.78042920000001, -36.9552502], [174.78042920000001, -36.9543502], [174.7795292, -36.9543502], [174.7795292, -36.9552502], [174.78042920000001, -36.9552502]]]}, "properties": {"row": 4, "col": 0, "elevation_m": 2.1, "low_elevation": true, "drain_deficiency": 0.951, "adjusted_score": 97.6}}, {"type": "Feature", "geometry": {"type": "Polygon", "coordinates": [[[174.78132920000002, -36.9552502], [174.78132920000002, -36.9543502], [174.78042920000001, -36.9543502], [174.78042920000001, -36.9552502], [174.78132920000002, -36.9552502]]]}, "properties": {"row": 4, "col": 1, "elevation_m": 10.5, "low_elevation": false, "drain_deficiency": 0.574, "adjusted_score": 28.7}}, {"type": "Feature", "geometry": {"type": "Polygon", "coordinates": [[[174.78222920000002, -36.9552502], [174.78222920000002, -36.9543502], [174.78132920000002, -36.9543502], [174.78132920000002, -36.9552502], [174.78222920000002, -36.9552502]]]}, "properties": {"row": 4, "col": 2, "elevation_m": 17.7, "low_elevation": false, "drain_deficiency": 0.589, "adjusted_score": 29.4}}, {"type": "Feature", "geometry": {"type": "Polygon", "coordinates": [[[174.78312920000002, -36.9552502], [174.78312920000002, -36.9543502], [174.78222920000002, -36.9543502], [174.78222920000002, -36.9552502], [174.78312920000002, -36.9552502]]]}, "properties": {"row": 4, "col": 3, "elevation_m": 15.6, "low_elevation": false, "drain_deficiency": 0.752, "adjusted_score": 37.6}}, {"type": "Feature", "geometry": {"type": "Polygon", "coordinates": [[[174.78402920000002, -36.9552502], [174.78402920000002, -36.9543502], [174.78312920000002, -36.9543502], [174.78312920000002, -36.9552502], [174.78402920000002, -36.9552502]]]}, "properties": {"row": 4, "col": 4, "elevation_m": 13.1, "low_elevation": false, "drain_deficiency": 0.963, "adjusted_score": 48.2}}, {"type": "Feature", "geometry": {"type": "Polygon", "coordinates": [[[174.78492920000002, -36.9552502], [174.78492920000002, -36.9543502], [174.78402920000002, -36.9543502], [174.78402920000002, -36.9552502], [174.78492920000002, -36.9552502]]]}, "properties": {"row": 4, "col": 5, "elevation_m": 11.4, "low_elevation": false, "drain_deficiency": 1.0, "adjusted_score": 50.0}}, {"type": "Feature", "geometry": {"type": "Polygon", "coordinates": [[[174.78582920000002, -36.9552502], [174.78582920000002, -36.9543502], [174.78492920000002, -36.9543502], [174.78492920000002, -36.9552502], [174.78582920000002, -36.9552502]]]}, "properties": {"row": 4, "col": 6, "elevation_m": 11.2, "low_elevation": false, "drain_deficiency": 0.899, "adjusted_score": 45.0}}, {"type": "Feature", "geometry": {"type": "Polygon", "coordinates": [[[174.78672920000002, -36.9552502], [174.78672920000002, -36.9543502], [174.78582920000002, -36.9543502], [174.78582920000002, -36.9552502], [174.78672920000002, -36.9552502]]]}, "properties": {"row": 4, "col": 7, "elevation_m": 11.7, "low_elevation": false, "drain_deficiency": 0.624, "adjusted_score": 31.2}}, {"type": "Feature", "geometry": {"type": "Polygon", "coordinates": [[[174.78762920000003, -36.9552502], [174.78762920000003, -36.9543502], [174.78672920000002, -36.9543502], [174.78672920000002, -36.9552502], [174.78762920000003, -36.9552502]]]}, "properties": {"row": 4, "col": 8, "elevation_m": 12.3, "low_elevation": false, "drain_deficiency": 0.756, "adjusted_score": 37.8}}, {"type": "Feature", "geometry": {"type": "Polygon", "coordinates": [[[174.78852920000003, -36.9552502], [174.78852920000003, -36.9543502], [174.78762920000003, -36.9543502], [174.78762920000003, -36.9552502], [174.78852920000003, -36.9552502]]]}, "properties": {"row": 4, "col": 9, "elevation_m": 12.5, "low_elevation": false, "drain_deficiency": 1.0, "adjusted_score": 50.0}}, {"type": "Feature", "geometry": {"type": "Polygon", "coordinates": [[[174.7894292, -36.9552502], [174.7894292, -36.9543502], [174.7885292, -36.9543502], [174.7885292, -36.9552502], [174.7894292, -36.9552502]]]}, "properties": {"row": 4, "col": 10, "elevation_m": 12.3, "low_elevation": false, "drain_deficiency": 0.75, "adjusted_score": 37.5}}, {"type": "Feature", "geometry": {"type": "Polygon", "coordinates": [[[174.7903292, -36.9552502], [174.7903292, -36.9543502], [174.7894292, -36.9543502], [174.7894292, -36.9552502], [174.7903292, -36.9552502]]]}, "properties": {"row": 4, "col": 11, "elevation_m": 11.3, "low_elevation": false, "drain_deficiency": 0.771, "adjusted_score": 38.6}}, {"type": "Feature", "geometry": {"type": "Polygon", "coordinates": [[[174.7912292, -36.9552502], [174.7912292, -36.9543502], [174.7903292, -36.9543502], [174.7903292, -36.9552502], [174.7912292, -36.9552502]]]}, "properties": {"row": 4, "col": 12, "elevation_m": 8.8, "low_elevation": false, "drain_deficiency": 0.274, "adjusted_score": 13.7}}, {"type": "Feature", "geometry": {"type": "Polygon", "coordinates": [[[174.7921292, -36.9552502], [174.7921292, -36.9543502], [174.7912292, -36.9543502], [174.7912292, -36.9552502], [174.7921292, -36.9552502]]]}, "properties": {"row": 4, "col": 13, "elevation_m": 8.8, "low_elevation": false, "drain_deficiency": 0.25, "adjusted_score": 12.5}}, {"type": "Feature", "geometry": {"type": "Polygon", "coordinates": [[[174.7930292, -36.9552502], [174.7930292, -36.9543502], [174.7921292, -36.9543502], [174.7921292, -36.9552502], [174.7930292, -36.9552502]]]}, "properties": {"row": 4, "col": 14, "elevation_m": 10.4, "low_elevation": false, "drain_deficiency": 0.5, "adjusted_score": 25.0}}, {"type": "Feature", "geometry": {"type": "Polygon", "coordinates": [[[174.7939292, -36.9552502], [174.7939292, -36.9543502], [174.7930292, -36.9543502], [174.7930292, -36.9552502], [174.7939292, -36.9552502]]]}, "properties": {"row": 4, "col": 15, "elevation_m": 10.2, "low_elevation": false, "drain_deficiency": 0.5, "adjusted_score": 25.0}}, {"type": "Feature", "geometry": {"type": "Polygon", "coordinates": [[[174.7948292, -36.9552502], [174.7948292, -36.9543502], [174.7939292, -36.9543502], [174.7939292, -36.9552502], [174.7948292, -36.9552502]]]}, "properties": {"row": 4, "col": 16, "elevation_m": 8.6, "low_elevation": false, "drain_deficiency": 0.5, "adjusted_score": 25.0}}, {"type": "Feature", "geometry": {"type": "Polygon", "coordinates": [[[174.7957292, -36.9552502], [174.7957292, -36.9543502], [174.7948292, -36.9543502], [174.7948292, -36.9552502], [174.7957292, -36.9552502]]]}, "properties": {"row": 4, "col": 17, "elevation_m": 7.6, "low_elevation": false, "drain_deficiency": 0.625, "adjusted_score": 31.2}}, {"type": "Feature", "geometry": {"type": "Polygon", "coordinates": [[[174.7966292, -36.9552502], [174.7966292, -36.9543502], [174.7957292, -36.9543502], [174.7957292, -36.9552502], [174.7966292, -36.9552502]]]}, "properties": {"row": 4, "col": 18, "elevation_m": 7.7, "low_elevation": false, "drain_deficiency": 0.656, "adjusted_score": 32.8}}, {"type": "Feature", "geometry": {"type": "Polygon", "coordinates": [[[174.7975292, -36.9552502], [174.7975292, -36.9543502], [174.7966292, -36.9543502], [174.7966292, -36.9552502], [174.7975292, -36.9552502]]]}, "properties": {"row": 4, "col": 19, "elevation_m": 8.8, "low_elevation": false, "drain_deficiency": 0.632, "adjusted_score": 31.6}}, {"type": "Feature", "geometry": {"type": "Polygon", "coordinates": [[[174.79842920000002, -36.9552502], [174.79842920000002, -36.9543502], [174.7975292, -36.9543502], [174.7975292, -36.9552502], [174.79842920000002, -36.9552502]]]}, "properties": {"row": 4, "col": 20, "elevation_m": 10.0, "low_elevation": false, "drain_deficiency": 0.236, "adjusted_score": 11.8}}, {"type": "Feature", "geometry": {"type": "Polygon", "coordinates": [[[174.79932920000002, -36.9552502], [174.79932920000002, -36.9543502], [174.79842920000002, -36.9543502], [174.79842920000002, -36.9552502], [174.79932920000002, -36.9552502]]]}, "properties": {"row": 4, "col": 21, "elevation_m": 10.2, "low_elevation": false, "drain_deficiency": 0.203, "adjusted_score": 10.1}}, {"type": "Feature", "geometry": {"type": "Polygon", "coordinates": [[[174.80022920000002, -36.9552502], [174.80022920000002, -36.9543502], [174.79932920000002, -36.9543502], [174.79932920000002, -36.9552502], [174.80022920000002, -36.9552502]]]}, "properties": {"row": 4, "col": 22, "elevation_m": 10.4, "low_elevation": false, "drain_deficiency": 0.411, "adjusted_score": 20.6}}, {"type": "Feature", "geometry": {"type": "Polygon", "coordinates": [[[174.80112920000002, -36.9552502], [174.80112920000002, -36.9543502], [174.80022920000002, -36.9543502], [174.80022920000002, -36.9552502], [174.80112920000002, -36.9552502]]]}, "properties": {"row": 4, "col": 23, "elevation_m": 10.3, "low_elevation": false, "drain_deficiency": 0.25, "adjusted_score": 12.5}}, {"type": "Feature", "geometry": {"type": "Polygon", "coordinates": [[[174.80202920000002, -36.9552502], [174.80202920000002, -36.9543502], [174.80112920000002, -36.9543502], [174.80112920000002, -36.9552502], [174.80202920000002, -36.9552502]]]}, "properties": {"row": 4, "col": 24, "elevation_m": 10.6, "low_elevation": false, "drain_deficiency": 0.625, "adjusted_score": 31.2}}, {"type": "Feature", "geometry": {"type": "Polygon", "coordinates": [[[174.80292920000002, -36.9552502], [174.80292920000002, -36.9543502], [174.80202920000002, -36.9543502], [174.80202920000002, -36.9552502], [174.80292920000002, -36.9552502]]]}, "properties": {"row": 4, "col": 25, "elevation_m": 11.3, "low_elevation": false, "drain_deficiency": 0.75, "adjusted_score": 37.5}}, {"type": "Feature", "geometry": {"type": "Polygon", "coordinates": [[[174.80382920000002, -36.9552502], [174.80382920000002, -36.9543502], [174.80292920000002, -36.9543502], [174.80292920000002, -36.9552502], [174.80382920000002, -36.9552502]]]}, "properties": {"row": 4, "col": 26, "elevation_m": 11.7, "low_elevation": false, "drain_deficiency": 0.5, "adjusted_score": 25.0}}, {"type": "Feature", "geometry": {"type": "Polygon", "coordinates": [[[174.80472920000003, -36.9552502], [174.80472920000003, -36.9543502], [174.80382920000002, -36.9543502], [174.80382920000002, -36.9552502], [174.80472920000003, -36.9552502]]]}, "properties": {"row": 4, "col": 27, "elevation_m": 10.9, "low_elevation": false, "drain_deficiency": 0.625, "adjusted_score": 31.2}}, {"type": "Feature", "geometry": {"type": "Polygon", "coordinates": [[[174.80562920000003, -36.9552502], [174.80562920000003, -36.9543502], [174.80472920000003, -36.9543502], [174.80472920000003, -36.9552502], [174.80562920000003, -36.9552502]]]}, "properties": {"row": 4, "col": 28, "elevation_m": 10.8, "low_elevation": false, "drain_deficiency": 0.311, "adjusted_score": 15.6}}, {"type": "Feature", "geometry": {"type": "Polygon", "coordinates": [[[174.80652920000003, -36.9552502], [174.80652920000003, -36.9543502], [174.80562920000003, -36.9543502], [174.80562920000003, -36.9552502], [174.80652920000003, -36.9552502]]]}, "properties": {"row": 4, "col": 29, "elevation_m": 10.8, "low_elevation": false, "drain_deficiency": 0.625, "adjusted_score": 31.2}}, {"type": "Feature", "geometry": {"type": "Polygon", "coordinates": [[[174.8074292, -36.9552502], [174.8074292, -36.9543502], [174.8065292, -36.9543502], [174.8065292, -36.9552502], [174.8074292, -36.9552502]]]}, "properties": {"row": 4, "col": 30, "elevation_m": 10.6, "low_elevation": false, "drain_deficiency": 0.5, "adjusted_score": 25.0}}, {"type": "Feature", "geometry": {"type": "Polygon", "coordinates": [[[174.8083292, -36.9552502], [174.8083292, -36.9543502], [174.8074292, -36.9543502], [174.8074292, -36.9552502], [174.8083292, -36.9552502]]]}, "properties": {"row": 4, "col": 31, "elevation_m": 9.5, "low_elevation": false, "drain_deficiency": 0.5, "adjusted_score": 25.0}}, {"type": "Feature", "geometry": {"type": "Polygon", "coordinates": [[[174.8092292, -36.9552502], [174.8092292, -36.9543502], [174.8083292, -36.9543502], [174.8083292, -36.9552502], [174.8092292, -36.9552502]]]}, "properties": {"row": 4, "col": 32, "elevation_m": 8.7, "low_elevation": false, "drain_deficiency": 0.25, "adjusted_score": 12.5}}, {"type": "Feature", "geometry": {"type": "Polygon", "coordinates": [[[174.8101292, -36.9552502], [174.8101292, -36.9543502], [174.8092292, -36.9543502], [174.8092292, -36.9552502], [174.8101292, -36.9552502]]]}, "properties": {"row": 4, "col": 33, "elevation_m": 7.5, "low_elevation": false, "drain_deficiency": 0.056, "adjusted_score": 2.8}}, {"type": "Feature", "geometry": {"type": "Polygon", "coordinates": [[[174.8110292, -36.9552502], [174.8110292, -36.9543502], [174.8101292, -36.9543502], [174.8101292, -36.9552502], [174.8110292, -36.9552502]]]}, "properties": {"row": 4, "col": 34, "elevation_m": 7.6, "low_elevation": false, "drain_deficiency": 0.25, "adjusted_score": 12.5}}, {"type": "Feature", "geometry": {"type": "Polygon", "coordinates": [[[174.8119292, -36.9552502], [174.8119292, -36.9543502], [174.8110292, -36.9543502], [174.8110292, -36.9552502], [174.8119292, -36.9552502]]]}, "properties": {"row": 4, "col": 35, "elevation_m": 10.7, "low_elevation": false, "drain_deficiency": 0.042, "adjusted_score": 2.1}}, {"type": "Feature", "geometry": {"type": "Polygon", "coordinates": [[[174.8128292, -36.9552502], [174.8128292, -36.9543502], [174.8119292, -36.9543502], [174.8119292, -36.9552502], [174.8128292, -36.9552502]]]}, "properties": {"row": 4, "col": 36, "elevation_m": 12.0, "low_elevation": false, "drain_deficiency": 0.333, "adjusted_score": 16.7}}, {"type": "Feature", "geometry": {"type": "Polygon", "coordinates": [[[174.8137292, -36.9552502], [174.8137292, -36.9543502], [174.8128292, -36.9543502], [174.8128292, -36.9552502], [174.8137292, -36.9552502]]]}, "properties": {"row": 4, "col": 37, "elevation_m": 10.4, "low_elevation": false, "drain_deficiency": 0.375, "adjusted_score": 18.8}}, {"type": "Feature", "geometry": {"type": "Polygon", "coordinates": [[[174.8146292, -36.9552502], [174.8146292, -36.9543502], [174.8137292, -36.9543502], [174.8137292, -36.9552502], [174.8146292, -36.9552502]]]}, "properties": {"row": 4, "col": 38, "elevation_m": 7.7, "low_elevation": false, "drain_deficiency": 0.75, "adjusted_score": 37.5}}, {"type": "Feature", "geometry": {"type": "Polygon", "coordinates": [[[174.81552920000001, -36.9552502], [174.81552920000001, -36.9543502], [174.8146292, -36.9543502], [174.8146292, -36.9552502], [174.81552920000001, -36.9552502]]]}, "properties": {"row": 4, "col": 39, "elevation_m": 7.7, "low_elevation": false, "drain_deficiency": 0.75, "adjusted_score": 37.5}}, {"type": "Feature", "geometry": {"type": "Polygon", "coordinates": [[[174.81642920000002, -36.9552502], [174.81642920000002, -36.9543502], [174.81552920000001, -36.9543502], [174.81552920000001, -36.9552502], [174.81642920000002, -36.9552502]]]}, "properties": {"row": 4, "col": 40, "elevation_m": 8.1, "low_elevation": false, "drain_deficiency": 0.75, "adjusted_score": 37.5}}, {"type": "Feature", "geometry": {"type": "Polygon", "coordinates": [[[174.81732920000002, -36.9552502], [174.81732920000002, -36.9543502], [174.81642920000002, -36.9543502], [174.81642920000002, -36.9552502], [174.81732920000002, -36.9552502]]]}, "properties": {"row": 4, "col": 41, "elevation_m": 8.1, "low_elevation": false, "drain_deficiency": 0.625, "adjusted_score": 31.2}}, {"type": "Feature", "geometry": {"type": "Polygon", "coordinates": [[[174.81822920000002, -36.9552502], [174.81822920000002, -36.9543502], [174.81732920000002, -36.9543502], [174.81732920000002, -36.9552502], [174.81822920000002, -36.9552502]]]}, "properties": {"row": 4, "col": 42, "elevation_m": 7.5, "low_elevation": false, "drain_deficiency": 0.625, "adjusted_score": 31.2}}, {"type": "Feature", "geometry": {"type": "Polygon", "coordinates": [[[174.81912920000002, -36.9552502], [174.81912920000002, -36.9543502], [174.81822920000002, -36.9543502], [174.81822920000002, -36.9552502], [174.81912920000002, -36.9552502]]]}, "properties": {"row": 4, "col": 43, "elevation_m": 6.2, "low_elevation": false, "drain_deficiency": 0.325, "adjusted_score": 16.2}}, {"type": "Feature", "geometry": {"type": "Polygon", "coordinates": [[[174.82002920000002, -36.9552502], [174.82002920000002, -36.9543502], [174.81912920000002, -36.9543502], [174.81912920000002, -36.9552502], [174.82002920000002, -36.9552502]]]}, "properties": {"row": 4, "col": 44, "elevation_m": 5.0, "low_elevation": false, "drain_deficiency": 0.555, "adjusted_score": 27.8}}, {"type": "Feature", "geometry": {"type": "Polygon", "coordinates": [[[174.78042920000001, -36.9561502], [174.78042920000001, -36.9552502], [174.7795292, -36.9552502], [174.7795292, -36.9561502], [174.78042920000001, -36.9561502]]]}, "properties": {"row": 5, "col": 0, "elevation_m": 0.6, "low_elevation": true, "drain_deficiency": 1.0, "adjusted_score": 100.0}}, {"type": "Feature", "geometry": {"type": "Polygon", "coordinates": [[[174.78132920000002, -36.9561502], [174.78132920000002, -36.9552502], [174.78042920000001, -36.9552502], [174.78042920000001, -36.9561502], [174.78132920000002, -36.9561502]]]}, "properties": {"row": 5, "col": 1, "elevation_m": 2.7, "low_elevation": true, "drain_deficiency": 1.0, "adjusted_score": 100.0}}, {"type": "Feature", "geometry": {"type": "Polygon", "coordinates": [[[174.78222920000002, -36.9561502], [174.78222920000002, -36.9552502], [174.78132920000002, -36.9552502], [174.78132920000002, -36.9561502], [174.78222920000002, -36.9561502]]]}, "properties": {"row": 5, "col": 2, "elevation_m": 13.7, "low_elevation": false, "drain_deficiency": 0.625, "adjusted_score": 31.2}}, {"type": "Feature", "geometry": {"type": "Polygon", "coordinates": [[[174.78312920000002, -36.9561502], [174.78312920000002, -36.9552502], [174.78222920000002, -36.9552502], [174.78222920000002, -36.9561502], [174.78312920000002, -36.9561502]]]}, "properties": {"row": 5, "col": 3, "elevation_m": 16.8, "low_elevation": false, "drain_deficiency": 0.625, "adjusted_score": 31.2}}, {"type": "Feature", "geometry": {"type": "Polygon", "coordinates": [[[174.78402920000002, -36.9561502], [174.78402920000002, -36.9552502], [174.78312920000002, -36.9552502], [174.78312920000002, -36.9561502], [174.78402920000002, -36.9561502]]]}, "properties": {"row": 5, "col": 4, "elevation_m": 15.2, "low_elevation": false, "drain_deficiency": 0.625, "adjusted_score": 31.2}}, {"type": "Feature", "geometry": {"type": "Polygon", "coordinates": [[[174.78492920000002, -36.9561502], [174.78492920000002, -36.9552502], [174.78402920000002, -36.9552502], [174.78402920000002, -36.9561502], [174.78492920000002, -36.9561502]]]}, "properties": {"row": 5, "col": 5, "elevation_m": 12.1, "low_elevation": false, "drain_deficiency": 0.648, "adjusted_score": 32.4}}, {"type": "Feature", "geometry": {"type": "Polygon", "coordinates": [[[174.78582920000002, -36.9561502], [174.78582920000002, -36.9552502], [174.78492920000002, -36.9552502], [174.78492920000002, -36.9561502], [174.78582920000002, -36.9561502]]]}, "properties": {"row": 5, "col": 6, "elevation_m": 9.2, "low_elevation": false, "drain_deficiency": 0.625, "adjusted_score": 31.2}}, {"type": "Feature", "geometry": {"type": "Polygon", "coordinates": [[[174.78672920000002, -36.9561502], [174.78672920000002, -36.9552502], [174.78582920000002, -36.9552502], [174.78582920000002, -36.9561502], [174.78672920000002, -36.9561502]]]}, "properties": {"row": 5, "col": 7, "elevation_m": 8.6, "low_elevation": false, "drain_deficiency": 0.188, "adjusted_score": 9.4}}, {"type": "Feature", "geometry": {"type": "Polygon", "coordinates": [[[174.78762920000003, -36.9561502], [174.78762920000003, -36.9552502], [174.78672920000002, -36.9552502], [174.78672920000002, -36.9561502], [174.78762920000003, -36.9561502]]]}, "properties": {"row": 5, "col": 8, "elevation_m": 8.3, "low_elevation": false, "drain_deficiency": 0.457, "adjusted_score": 22.8}}, {"type": "Feature", "geometry": {"type": "Polygon", "coordinates": [[[174.78852920000003, -36.9561502], [174.78852920000003, -36.9552502], [174.78762920000003, -36.9552502], [174.78762920000003, -36.9561502], [174.78852920000003, -36.9561502]]]}, "properties": {"row": 5, "col": 9, "elevation_m": 9.2, "low_elevation": false, "drain_deficiency": 0.75, "adjusted_score": 37.5}}, {"type": "Feature", "geometry": {"type": "Polygon", "coordinates": [[[174.7894292, -36.9561502], [174.7894292, -36.9552502], [174.7885292, -36.9552502], [174.7885292, -36.9561502], [174.7894292, -36.9561502]]]}, "properties": {"row": 5, "col": 10, "elevation_m": 9.0, "low_elevation": false, "drain_deficiency": 0.75, "adjusted_score": 37.5}}, {"type": "Feature", "geometry": {"type": "Polygon", "coordinates": [[[174.7903292, -36.9561502], [174.7903292, -36.9552502], [174.7894292, -36.9552502], [174.7894292, -36.9561502], [174.7903292, -36.9561502]]]}, "properties": {"row": 5, "col": 11, "elevation_m": 8.6, "low_elevation": false, "drain_deficiency": 0.625, "adjusted_score": 31.2}}, {"type": "Feature", "geometry": {"type": "Polygon", "coordinates": [[[174.7912292, -36.9561502], [174.7912292, -36.9552502], [174.7903292, -36.9552502], [174.7903292, -36.9561502], [174.7912292, -36.9561502]]]}, "properties": {"row": 5, "col": 12, "elevation_m": 6.6, "low_elevation": false, "drain_deficiency": 0.5, "adjusted_score": 25.0}}, {"type": "Feature", "geometry": {"type": "Polygon", "coordinates": [[[174.7921292, -36.9561502], [174.7921292, -36.9552502], [174.7912292, -36.9552502], [174.7912292, -36.9561502], [174.7921292, -36.9561502]]]}, "properties": {"row": 5, "col": 13, "elevation_m": 6.6, "low_elevation": false, "drain_deficiency": 0.5, "adjusted_score": 25.0}}, {"type": "Feature", "geometry": {"type": "Polygon", "coordinates": [[[174.7930292, -36.9561502], [174.7930292, -36.9552502], [174.7921292, -36.9552502], [174.7921292, -36.9561502], [174.7930292, -36.9561502]]]}, "properties": {"row": 5, "col": 14, "elevation_m": 7.8, "low_elevation": false, "drain_deficiency": 0.75, "adjusted_score": 37.5}}, {"type": "Feature", "geometry": {"type": "Polygon", "coordinates": [[[174.7939292, -36.9561502], [174.7939292, -36.9552502], [174.7930292, -36.9552502], [174.7930292, -36.9561502], [174.7939292, -36.9561502]]]}, "properties": {"row": 5, "col": 15, "elevation_m": 7.2, "low_elevation": false, "drain_deficiency": 0.625, "adjusted_score": 31.2}}, {"type": "Feature", "geometry": {"type": "Polygon", "coordinates": [[[174.7948292, -36.9561502], [174.7948292, -36.9552502], [174.7939292, -36.9552502], [174.7939292, -36.9561502], [174.7948292, -36.9561502]]]}, "properties": {"row": 5, "col": 16, "elevation_m": 6.5, "low_elevation": false, "drain_deficiency": 0.625, "adjusted_score": 31.2}}, {"type": "Feature", "geometry": {"type": "Polygon", "coordinates": [[[174.7957292, -36.9561502], [174.7957292, -36.9552502], [174.7948292, -36.9552502], [174.7948292, -36.9561502], [174.7957292, -36.9561502]]]}, "properties": {"row": 5, "col": 17, "elevation_m": 7.3, "low_elevation": false, "drain_deficiency": 0.375, "adjusted_score": 18.8}}, {"type": "Feature", "geometry": {"type": "Polygon", "coordinates": [[[174.7966292, -36.9561502], [174.7966292, -36.9552502], [174.7957292, -36.9552502], [174.7957292, -36.9561502], [174.7966292, -36.9561502]]]}, "properties": {"row": 5, "col": 18, "elevation_m": 8.1, "low_elevation": false, "drain_deficiency": 0.75, "adjusted_score": 37.5}}, {"type": "Feature", "geometry": {"type": "Polygon", "coordinates": [[[174.7975292, -36.9561502], [174.7975292, -36.9552502], [174.7966292, -36.9552502], [174.7966292, -36.9561502], [174.7975292, -36.9561502]]]}, "properties": {"row": 5, "col": 19, "elevation_m": 8.8, "low_elevation": false, "drain_deficiency": 1.0, "adjusted_score": 50.0}}, {"type": "Feature", "geometry": {"type": "Polygon", "coordinates": [[[174.79842920000002, -36.9561502], [174.79842920000002, -36.9552502], [174.7975292, -36.9552502], [174.7975292, -36.9561502], [174.79842920000002, -36.9561502]]]}, "properties": {"row": 5, "col": 20, "elevation_m": 10.5, "low_elevation": false, "drain_deficiency": 0.75, "adjusted_score": 37.5}}, {"type": "Feature", "geometry": {"type": "Polygon", "coordinates": [[[174.79932920000002, -36.9561502], [174.79932920000002, -36.9552502], [174.79842920000002, -36.9552502], [174.79842920000002, -36.9561502], [174.79932920000002, -36.9561502]]]}, "properties": {"row": 5, "col": 21, "elevation_m": 11.0, "low_elevation": false, "drain_deficiency": 0.75, "adjusted_score": 37.5}}, {"type": "Feature", "geometry": {"type": "Polygon", "coordinates": [[[174.80022920000002, -36.9561502], [174.80022920000002, -36.9552502], [174.79932920000002, -36.9552502], [174.79932920000002, -36.9561502], [174.80022920000002, -36.9561502]]]}, "properties": {"row": 5, "col": 22, "elevation_m": 10.5, "low_elevation": false, "drain_deficiency": 0.282, "adjusted_score": 14.1}}, {"type": "Feature", "geometry": {"type": "Polygon", "coordinates": [[[174.80112920000002, -36.9561502], [174.80112920000002, -36.9552502], [174.80022920000002, -36.9552502], [174.80022920000002, -36.9561502], [174.80112920000002, -36.9561502]]]}, "properties": {"row": 5, "col": 23, "elevation_m": 10.9, "low_elevation": false, "drain_deficiency": 0.75, "adjusted_score": 37.5}}, {"type": "Feature", "geometry": {"type": "Polygon", "coordinates": [[[174.80202920000002, -36.9561502], [174.80202920000002, -36.9552502], [174.80112920000002, -36.9552502], [174.80112920000002, -36.9561502], [174.80202920000002, -36.9561502]]]}, "properties": {"row": 5, "col": 24, "elevation_m": 11.6, "low_elevation": false, "drain_deficiency": 0.75, "adjusted_score": 37.5}}, {"type": "Feature", "geometry": {"type": "Polygon", "coordinates": [[[174.80292920000002, -36.9561502], [174.80292920000002, -36.9552502], [174.80202920000002, -36.9552502], [174.80202920000002, -36.9561502], [174.80292920000002, -36.9561502]]]}, "properties": {"row": 5, "col": 25, "elevation_m": 12.0, "low_elevation": false, "drain_deficiency": 0.75, "adjusted_score": 37.5}}, {"type": "Feature", "geometry": {"type": "Polygon", "coordinates": [[[174.80382920000002, -36.9561502], [174.80382920000002, -36.9552502], [174.80292920000002, -36.9552502], [174.80292920000002, -36.9561502], [174.80382920000002, -36.9561502]]]}, "properties": {"row": 5, "col": 26, "elevation_m": 11.8, "low_elevation": false, "drain_deficiency": 0.5, "adjusted_score": 25.0}}, {"type": "Feature", "geometry": {"type": "Polygon", "coordinates": [[[174.80472920000003, -36.9561502], [174.80472920000003, -36.9552502], [174.80382920000002, -36.9552502], [174.80382920000002, -36.9561502], [174.80472920000003, -36.9561502]]]}, "properties": {"row": 5, "col": 27, "elevation_m": 11.2, "low_elevation": false, "drain_deficiency": 0.462, "adjusted_score": 23.1}}, {"type": "Feature", "geometry": {"type": "Polygon", "coordinates": [[[174.80562920000003, -36.9561502], [174.80562920000003, -36.9552502], [174.80472920000003, -36.9552502], [174.80472920000003, -36.9561502], [174.80562920000003, -36.9561502]]]}, "properties": {"row": 5, "col": 28, "elevation_m": 11.5, "low_elevation": false, "drain_deficiency": 0.625, "adjusted_score": 31.2}}, {"type": "Feature", "geometry": {"type": "Polygon", "coordinates": [[[174.80652920000003, -36.9561502], [174.80652920000003, -36.9552502], [174.80562920000003, -36.9552502], [174.80562920000003, -36.9561502], [174.80652920000003, -36.9561502]]]}, "properties": {"row": 5, "col": 29, "elevation_m": 10.4, "low_elevation": false, "drain_deficiency": 0.037, "adjusted_score": 1.9}}, {"type": "Feature", "geometry": {"type": "Polygon", "coordinates": [[[174.8074292, -36.9561502], [174.8074292, -36.9552502], [174.8065292, -36.9552502], [174.8065292, -36.9561502], [174.8074292, -36.9561502]]]}, "properties": {"row": 5, "col": 30, "elevation_m": 10.2, "low_elevation": false, "drain_deficiency": 0.625, "adjusted_score": 31.2}}, {"type": "Feature", "geometry": {"type": "Polygon", "coordinates": [[[174.8083292, -36.9561502], [174.8083292, -36.9552502], [174.8074292, -36.9552502], [174.8074292, -36.9561502], [174.8083292, -36.9561502]]]}, "properties": {"row": 5, "col": 31, "elevation_m": 9.8, "low_elevation": false, "drain_deficiency": 0.75, "adjusted_score": 37.5}}, {"type": "Feature", "geometry": {"type": "Polygon", "coordinates": [[[174.8092292, -36.9561502], [174.8092292, -36.9552502], [174.8083292, -36.9552502], [174.8083292, -36.9561502], [174.8092292, -36.9561502]]]}, "properties": {"row": 5, "col": 32, "elevation_m": 9.8, "low_elevation": false, "drain_deficiency": 0.75, "adjusted_score": 37.5}}, {"type": "Feature", "geometry": {"type": "Polygon", "coordinates": [[[174.8101292, -36.9561502], [174.8101292, -36.9552502], [174.8092292, -36.9552502], [174.8092292, -36.9561502], [174.8101292, -36.9561502]]]}, "properties": {"row": 5, "col": 33, "elevation_m": 9.4, "low_elevation": false, "drain_deficiency": 0.75, "adjusted_score": 37.5}}, {"type": "Feature", "geometry": {"type": "Polygon", "coordinates": [[[174.8110292, -36.9561502], [174.8110292, -36.9552502], [174.8101292, -36.9552502], [174.8101292, -36.9561502], [174.8110292, -36.9561502]]]}, "properties": {"row": 5, "col": 34, "elevation_m": 9.8, "low_elevation": false, "drain_deficiency": 0.233, "adjusted_score": 11.7}}, {"type": "Feature", "geometry": {"type": "Polygon", "coordinates": [[[174.8119292, -36.9561502], [174.8119292, -36.9552502], [174.8110292, -36.9552502], [174.8110292, -36.9561502], [174.8119292, -36.9561502]]]}, "properties": {"row": 5, "col": 35, "elevation_m": 13.2, "low_elevation": false, "drain_deficiency": 0.625, "adjusted_score": 31.2}}, {"type": "Feature", "geometry": {"type": "Polygon", "coordinates": [[[174.8128292, -36.9561502], [174.8128292, -36.9552502], [174.8119292, -36.9552502], [174.8119292, -36.9561502], [174.8128292, -36.9561502]]]}, "properties": {"row": 5, "col": 36, "elevation_m": 13.8, "low_elevation": false, "drain_deficiency": 0.375, "adjusted_score": 18.8}}, {"type": "Feature", "geometry": {"type": "Polygon", "coordinates": [[[174.8137292, -36.9561502], [174.8137292, -36.9552502], [174.8128292, -36.9552502], [174.8128292, -36.9561502], [174.8137292, -36.9561502]]]}, "properties": {"row": 5, "col": 37, "elevation_m": 9.0, "low_elevation": false, "drain_deficiency": 0.651, "adjusted_score": 32.5}}, {"type": "Feature", "geometry": {"type": "Polygon", "coordinates": [[[174.8146292, -36.9561502], [174.8146292, -36.9552502], [174.8137292, -36.9552502], [174.8137292, -36.9561502], [174.8146292, -36.9561502]]]}, "properties": {"row": 5, "col": 38, "elevation_m": 6.8, "low_elevation": false, "drain_deficiency": 0.003, "adjusted_score": 0.2}}, {"type": "Feature", "geometry": {"type": "Polygon", "coordinates": [[[174.81552920000001, -36.9561502], [174.81552920000001, -36.9552502], [174.8146292, -36.9552502], [174.8146292, -36.9561502], [174.81552920000001, -36.9561502]]]}, "properties": {"row": 5, "col": 39, "elevation_m": 7.4, "low_elevation": false, "drain_deficiency": 0.625, "adjusted_score": 31.2}}, {"type": "Feature", "geometry": {"type": "Polygon", "coordinates": [[[174.81642920000002, -36.9561502], [174.81642920000002, -36.9552502], [174.81552920000001, -36.9552502], [174.81552920000001, -36.9561502], [174.81642920000002, -36.9561502]]]}, "properties": {"row": 5, "col": 40, "elevation_m": 9.4, "low_elevation": false, "drain_deficiency": 0.75, "adjusted_score": 37.5}}, {"type": "Feature", "geometry": {"type": "Polygon", "coordinates": [[[174.81732920000002, -36.9561502], [174.81732920000002, -36.9552502], [174.81642920000002, -36.9552502], [174.81642920000002, -36.9561502], [174.81732920000002, -36.9561502]]]}, "properties": {"row": 5, "col": 41, "elevation_m": 10.6, "low_elevation": false, "drain_deficiency": 0.25, "adjusted_score": 12.5}}, {"type": "Feature", "geometry": {"type": "Polygon", "coordinates": [[[174.81822920000002, -36.9561502], [174.81822920000002, -36.9552502], [174.81732920000002, -36.9552502], [174.81732920000002, -36.9561502], [174.81822920000002, -36.9561502]]]}, "properties": {"row": 5, "col": 42, "elevation_m": 8.9, "low_elevation": false, "drain_deficiency": 0.25, "adjusted_score": 12.5}}, {"type": "Feature", "geometry": {"type": "Polygon", "coordinates": [[[174.81912920000002, -36.9561502], [174.81912920000002, -36.9552502], [174.81822920000002, -36.9552502], [174.81822920000002, -36.9561502], [174.81912920000002, -36.9561502]]]}, "properties": {"row": 5, "col": 43, "elevation_m": 5.6, "low_elevation": false, "drain_deficiency": 0.367, "adjusted_score": 18.3}}, {"type": "Feature", "geometry": {"type": "Polygon", "coordinates": [[[174.82002920000002, -36.9561502], [174.82002920000002, -36.9552502], [174.81912920000002, -36.9552502], [174.81912920000002, -36.9561502], [174.82002920000002, -36.9561502]]]}, "properties": {"row": 5, "col": 44, "elevation_m": 4.1, "low_elevation": true, "drain_deficiency": 0.25, "adjusted_score": 62.5}}, {"type": "Feature", "geometry": {"type": "Polygon", "coordinates": [[[174.78042920000001, -36.957050200000005], [174.78042920000001, -36.9561502], [174.7795292, -36.9561502], [174.7795292, -36.957050200000005], [174.78042920000001, -36.957050200000005]]]}, "properties": {"row": 6, "col": 0, "elevation_m": 1.0, "low_elevation": true, "drain_deficiency": 1.0, "adjusted_score": 100.0}}, {"type": "Feature", "geometry": {"type": "Polygon", "coordinates": [[[174.78132920000002, -36.957050200000005], [174.78132920000002, -36.9561502], [174.78042920000001, -36.9561502], [174.78042920000001, -36.957050200000005], [174.78132920000002, -36.957050200000005]]]}, "properties": {"row": 6, "col": 1, "elevation_m": 1.1, "low_elevation": true, "drain_deficiency": 1.0, "adjusted_score": 100.0}}, {"type": "Feature", "geometry": {"type": "Polygon", "coordinates": [[[174.78222920000002, -36.957050200000005], [174.78222920000002, -36.9561502], [174.78132920000002, -36.9561502], [174.78132920000002, -36.957050200000005], [174.78222920000002, -36.957050200000005]]]}, "properties": {"row": 6, "col": 2, "elevation_m": 10.9, "low_elevation": false, "drain_deficiency": 0.719, "adjusted_score": 35.9}}, {"type": "Feature", "geometry": {"type": "Polygon", "coordinates": [[[174.78312920000002, -36.957050200000005], [174.78312920000002, -36.9561502], [174.78222920000002, -36.9561502], [174.78222920000002, -36.957050200000005], [174.78312920000002, -36.957050200000005]]]}, "properties": {"row": 6, "col": 3, "elevation_m": 18.1, "low_elevation": false, "drain_deficiency": 0.625, "adjusted_score": 31.2}}, {"type": "Feature", "geometry": {"type": "Polygon", "coordinates": [[[174.78402920000002, -36.957050200000005], [174.78402920000002, -36.9561502], [174.78312920000002, -36.9561502], [174.78312920000002, -36.957050200000005], [174.78402920000002, -36.957050200000005]]]}, "properties": {"row": 6, "col": 4, "elevation_m": 15.3, "low_elevation": false, "drain_deficiency": 0.81, "adjusted_score": 40.5}}, {"type": "Feature", "geometry": {"type": "Polygon", "coordinates": [[[174.78492920000002, -36.957050200000005], [174.78492920000002, -36.9561502], [174.78402920000002, -36.9561502], [174.78402920000002, -36.957050200000005], [174.78492920000002, -36.957050200000005]]]}, "properties": {"row": 6, "col": 5, "elevation_m": 12.9, "low_elevation": false, "drain_deficiency": 0.5, "adjusted_score": 25.0}}, {"type": "Feature", "geometry": {"type": "Polygon", "coordinates": [[[174.78582920000002, -36.957050200000005], [174.78582920000002, -36.9561502], [174.78492920000002, -36.9561502], [174.78492920000002, -36.957050200000005], [174.78582920000002, -36.957050200000005]]]}, "properties": {"row": 6, "col": 6, "elevation_m": 10.1, "low_elevation": false, "drain_deficiency": 0.5, "adjusted_score": 25.0}}, {"type": "Feature", "geometry": {"type": "Polygon", "coordinates": [[[174.78672920000002, -36.957050200000005], [174.78672920000002, -36.9561502], [174.78582920000002, -36.9561502], [174.78582920000002, -36.957050200000005], [174.78672920000002, -36.957050200000005]]]}, "properties": {"row": 6, "col": 7, "elevation_m": 7.1, "low_elevation": false, "drain_deficiency": 0.318, "adjusted_score": 15.9}}, {"type": "Feature", "geometry": {"type": "Polygon", "coordinates": [[[174.78762920000003, -36.957050200000005], [174.78762920000003, -36.9561502], [174.78672920000002, -36.9561502], [174.78672920000002, -36.957050200000005], [174.78762920000003, -36.957050200000005]]]}, "properties": {"row": 6, "col": 8, "elevation_m": 7.5, "low_elevation": false, "drain_deficiency": 0.475, "adjusted_score": 23.7}}, {"type": "Feature", "geometry": {"type": "Polygon", "coordinates": [[[174.78852920000003, -36.957050200000005], [174.78852920000003, -36.9561502], [174.78762920000003, -36.9561502], [174.78762920000003, -36.957050200000005], [174.78852920000003, -36.957050200000005]]]}, "properties": {"row": 6, "col": 9, "elevation_m": 6.9, "low_elevation": false, "drain_deficiency": 0.617, "adjusted_score": 30.8}}, {"type": "Feature", "geometry": {"type": "Polygon", "coordinates": [[[174.7894292, -36.957050200000005], [174.7894292, -36.9561502], [174.7885292, -36.9561502], [174.7885292, -36.957050200000005], [174.7894292, -36.957050200000005]]]}, "properties": {"row": 6, "col": 10, "elevation_m": 6.9, "low_elevation": false, "drain_deficiency": 0.375, "adjusted_score": 18.8}}, {"type": "Feature", "geometry": {"type": "Polygon", "coordinates": [[[174.7903292, -36.957050200000005], [174.7903292, -36.9561502], [174.7894292, -36.9561502], [174.7894292, -36.957050200000005], [174.7903292, -36.957050200000005]]]}, "properties": {"row": 6, "col": 11, "elevation_m": 6.5, "low_elevation": false, "drain_deficiency": 0.625, "adjusted_score": 31.2}}, {"type": "Feature", "geometry": {"type": "Polygon", "coordinates": [[[174.7912292, -36.957050200000005], [174.7912292, -36.9561502], [174.7903292, -36.9561502], [174.7903292, -36.957050200000005], [174.7912292, -36.957050200000005]]]}, "properties": {"row": 6, "col": 12, "elevation_m": 5.3, "low_elevation": false, "drain_deficiency": 0.617, "adjusted_score": 30.8}}, {"type": "Feature", "geometry": {"type": "Polygon", "coordinates": [[[174.7921292, -36.957050200000005], [174.7921292, -36.9561502], [174.7912292, -36.9561502], [174.7912292, -36.957050200000005], [174.7921292, -36.957050200000005]]]}, "properties": {"row": 6, "col": 13, "elevation_m": 4.9, "low_elevation": true, "drain_deficiency": 0.213, "adjusted_score": 60.6}}, {"type": "Feature", "geometry": {"type": "Polygon", "coordinates": [[[174.7930292, -36.957050200000005], [174.7930292, -36.9561502], [174.7921292, -36.9561502], [174.7921292, -36.957050200000005], [174.7930292, -36.957050200000005]]]}, "properties": {"row": 6, "col": 14, "elevation_m": 5.9, "low_elevation": false, "drain_deficiency": 0.625, "adjusted_score": 31.2}}, {"type": "Feature", "geometry": {"type": "Polygon", "coordinates": [[[174.7939292, -36.957050200000005], [174.7939292, -36.9561502], [174.7930292, -36.9561502], [174.7930292, -36.957050200000005], [174.7939292, -36.957050200000005]]]}, "properties": {"row": 6, "col": 15, "elevation_m": 5.9, "low_elevation": false, "drain_deficiency": 0.75, "adjusted_score": 37.5}}, {"type": "Feature", "geometry": {"type": "Polygon", "coordinates": [[[174.7948292, -36.957050200000005], [174.7948292, -36.9561502], [174.7939292, -36.9561502], [174.7939292, -36.957050200000005], [174.7948292, -36.957050200000005]]]}, "properties": {"row": 6, "col": 16, "elevation_m": 6.4, "low_elevation": false, "drain_deficiency": 0.625, "adjusted_score": 31.2}}, {"type": "Feature", "geometry": {"type": "Polygon", "coordinates": [[[174.7957292, -36.957050200000005], [174.7957292, -36.9561502], [174.7948292, -36.9561502], [174.7948292, -36.957050200000005], [174.7957292, -36.957050200000005]]]}, "properties": {"row": 6, "col": 17, "elevation_m": 8.8, "low_elevation": false, "drain_deficiency": 0.75, "adjusted_score": 37.5}}, {"type": "Feature", "geometry": {"type": "Polygon", "coordinates": [[[174.7966292, -36.957050200000005], [174.7966292, -36.9561502], [174.7957292, -36.9561502], [174.7957292, -36.957050200000005], [174.7966292, -36.957050200000005]]]}, "properties": {"row": 6, "col": 18, "elevation_m": 10.1, "low_elevation": false, "drain_deficiency": 0.756, "adjusted_score": 37.8}}, {"type": "Feature", "geometry": {"type": "Polygon", "coordinates": [[[174.7975292, -36.957050200000005], [174.7975292, -36.9561502], [174.7966292, -36.9561502], [174.7966292, -36.957050200000005], [174.7975292, -36.957050200000005]]]}, "properties": {"row": 6, "col": 19, "elevation_m": 9.4, "low_elevation": false, "drain_deficiency": 0.815, "adjusted_score": 40.8}}, {"type": "Feature", "geometry": {"type": "Polygon", "coordinates": [[[174.79842920000002, -36.957050200000005], [174.79842920000002, -36.9561502], [174.7975292, -36.9561502], [174.7975292, -36.957050200000005], [174.79842920000002, -36.957050200000005]]]}, "properties": {"row": 6, "col": 20, "elevation_m": 10.5, "low_elevation": false, "drain_deficiency": 0.75, "adjusted_score": 37.5}}, {"type": "Feature", "geometry": {"type": "Polygon", "coordinates": [[[174.79932920000002, -36.957050200000005], [174.79932920000002, -36.9561502], [174.79842920000002, -36.9561502], [174.79842920000002, -36.957050200000005], [174.79932920000002, -36.957050200000005]]]}, "properties": {"row": 6, "col": 21, "elevation_m": 11.2, "low_elevation": false, "drain_deficiency": 0.75, "adjusted_score": 37.5}}, {"type": "Feature", "geometry": {"type": "Polygon", "coordinates": [[[174.80022920000002, -36.957050200000005], [174.80022920000002, -36.9561502], [174.79932920000002, -36.9561502], [174.79932920000002, -36.957050200000005], [174.80022920000002, -36.957050200000005]]]}, "properties": {"row": 6, "col": 22, "elevation_m": 10.9, "low_elevation": false, "drain_deficiency": 0.75, "adjusted_score": 37.5}}, {"type": "Feature", "geometry": {"type": "Polygon", "coordinates": [[[174.80112920000002, -36.957050200000005], [174.80112920000002, -36.9561502], [174.80022920000002, -36.9561502], [174.80022920000002, -36.957050200000005], [174.80112920000002, -36.957050200000005]]]}, "properties": {"row": 6, "col": 23, "elevation_m": 10.8, "low_elevation": false, "drain_deficiency": 0.75, "adjusted_score": 37.5}}, {"type": "Feature", "geometry": {"type": "Polygon", "coordinates": [[[174.80202920000002, -36.957050200000005], [174.80202920000002, -36.9561502], [174.80112920000002, -36.9561502], [174.80112920000002, -36.957050200000005], [174.80202920000002, -36.957050200000005]]]}, "properties": {"row": 6, "col": 24, "elevation_m": 11.7, "low_elevation": false, "drain_deficiency": 0.75, "adjusted_score": 37.5}}, {"type": "Feature", "geometry": {"type": "Polygon", "coordinates": [[[174.80292920000002, -36.957050200000005], [174.80292920000002, -36.9561502], [174.80202920000002, -36.9561502], [174.80202920000002, -36.957050200000005], [174.80292920000002, -36.957050200000005]]]}, "properties": {"row": 6, "col": 25, "elevation_m": 11.4, "low_elevation": false, "drain_deficiency": 0.75, "adjusted_score": 37.5}}, {"type": "Feature", "geometry": {"type": "Polygon", "coordinates": [[[174.80382920000002, -36.957050200000005], [174.80382920000002, -36.9561502], [174.80292920000002, -36.9561502], [174.80292920000002, -36.957050200000005], [174.80382920000002, -36.957050200000005]]]}, "properties": {"row": 6, "col": 26, "elevation_m": 11.3, "low_elevation": false, "drain_deficiency": 0.75, "adjusted_score": 37.5}}, {"type": "Feature", "geometry": {"type": "Polygon", "coordinates": [[[174.80472920000003, -36.957050200000005], [174.80472920000003, -36.9561502], [174.80382920000002, -36.9561502], [174.80382920000002, -36.957050200000005], [174.80472920000003, -36.957050200000005]]]}, "properties": {"row": 6, "col": 27, "elevation_m": 10.6, "low_elevation": false, "drain_deficiency": 0.233, "adjusted_score": 11.7}}, {"type": "Feature", "geometry": {"type": "Polygon", "coordinates": [[[174.80562920000003, -36.957050200000005], [174.80562920000003, -36.9561502], [174.80472920000003, -36.9561502], [174.80472920000003, -36.957050200000005], [174.80562920000003, -36.957050200000005]]]}, "properties": {"row": 6, "col": 28, "elevation_m": 10.1, "low_elevation": false, "drain_deficiency": 0.75, "adjusted_score": 37.5}}, {"type": "Feature", "geometry": {"type": "Polygon", "coordinates": [[[174.80652920000003, -36.957050200000005], [174.80652920000003, -36.9561502], [174.80562920000003, -36.9561502], [174.80562920000003, -36.957050200000005], [174.80652920000003, -36.957050200000005]]]}, "properties": {"row": 6, "col": 29, "elevation_m": 9.7, "low_elevation": false, "drain_deficiency": 0.5, "adjusted_score": 25.0}}, {"type": "Feature", "geometry": {"type": "Polygon", "coordinates": [[[174.8074292, -36.957050200000005], [174.8074292, -36.9561502], [174.8065292, -36.9561502], [174.8065292, -36.957050200000005], [174.8074292, -36.957050200000005]]]}, "properties": {"row": 6, "col": 30, "elevation_m": 9.8, "low_elevation": false, "drain_deficiency": 0.367, "adjusted_score": 18.3}}, {"type": "Feature", "geometry": {"type": "Polygon", "coordinates": [[[174.8083292, -36.957050200000005], [174.8083292, -36.9561502], [174.8074292, -36.9561502], [174.8074292, -36.957050200000005], [174.8083292, -36.957050200000005]]]}, "properties": {"row": 6, "col": 31, "elevation_m": 9.6, "low_elevation": false, "drain_deficiency": 0.625, "adjusted_score": 31.2}}, {"type": "Feature", "geometry": {"type": "Polygon", "coordinates": [[[174.8092292, -36.957050200000005], [174.8092292, -36.9561502], [174.8083292, -36.9561502], [174.8083292, -36.957050200000005], [174.8092292, -36.957050200000005]]]}, "properties": {"row": 6, "col": 32, "elevation_m": 9.7, "low_elevation": false, "drain_deficiency": 0.625, "adjusted_score": 31.2}}, {"type": "Feature", "geometry": {"type": "Polygon", "coordinates": [[[174.8101292, -36.957050200000005], [174.8101292, -36.9561502], [174.8092292, -36.9561502], [174.8092292, -36.957050200000005], [174.8101292, -36.957050200000005]]]}, "properties": {"row": 6, "col": 33, "elevation_m": 9.9, "low_elevation": false, "drain_deficiency": 0.625, "adjusted_score": 31.2}}, {"type": "Feature", "geometry": {"type": "Polygon", "coordinates": [[[174.8110292, -36.957050200000005], [174.8110292, -36.9561502], [174.8101292, -36.9561502], [174.8101292, -36.957050200000005], [174.8110292, -36.957050200000005]]]}, "properties": {"row": 6, "col": 34, "elevation_m": 10.7, "low_elevation": false, "drain_deficiency": 0.037, "adjusted_score": 1.9}}, {"type": "Feature", "geometry": {"type": "Polygon", "coordinates": [[[174.8119292, -36.957050200000005], [174.8119292, -36.9561502], [174.8110292, -36.9561502], [174.8110292, -36.957050200000005], [174.8119292, -36.957050200000005]]]}, "properties": {"row": 6, "col": 35, "elevation_m": 13.3, "low_elevation": false, "drain_deficiency": 0.625, "adjusted_score": 31.2}}, {"type": "Feature", "geometry": {"type": "Polygon", "coordinates": [[[174.8128292, -36.957050200000005], [174.8128292, -36.9561502], [174.8119292, -36.9561502], [174.8119292, -36.957050200000005], [174.8128292, -36.957050200000005]]]}, "properties": {"row": 6, "col": 36, "elevation_m": 14.9, "low_elevation": false, "drain_deficiency": 0.375, "adjusted_score": 18.8}}, {"type": "Feature", "geometry": {"type": "Polygon", "coordinates": [[[174.8137292, -36.957050200000005], [174.8137292, -36.9561502], [174.8128292, -36.9561502], [174.8128292, -36.957050200000005], [174.8137292, -36.957050200000005]]]}, "properties": {"row": 6, "col": 37, "elevation_m": 12.8, "low_elevation": false, "drain_deficiency": 0.539, "adjusted_score": 26.9}}, {"type": "Feature", "geometry": {"type": "Polygon", "coordinates": [[[174.8146292, -36.957050200000005], [174.8146292, -36.9561502], [174.8137292, -36.9561502], [174.8137292, -36.957050200000005], [174.8146292, -36.957050200000005]]]}, "properties": {"row": 6, "col": 38, "elevation_m": 9.9, "low_elevation": false, "drain_deficiency": 0.25, "adjusted_score": 12.5}}, {"type": "Feature", "geometry": {"type": "Polygon", "coordinates": [[[174.81552920000001, -36.957050200000005], [174.81552920000001, -36.9561502], [174.8146292, -36.9561502], [174.8146292, -36.957050200000005], [174.81552920000001, -36.957050200000005]]]}, "properties": {"row": 6, "col": 39, "elevation_m": 8.6, "low_elevation": false, "drain_deficiency": 0.625, "adjusted_score": 31.2}}, {"type": "Feature", "geometry": {"type": "Polygon", "coordinates": [[[174.81642920000002, -36.957050200000005], [174.81642920000002, -36.9561502], [174.81552920000001, -36.9561502], [174.81552920000001, -36.957050200000005], [174.81642920000002, -36.957050200000005]]]}, "properties": {"row": 6, "col": 40, "elevation_m": 11.4, "low_elevation": false, "drain_deficiency": 0.5, "adjusted_score": 25.0}}, {"type": "Feature", "geometry": {"type": "Polygon", "coordinates": [[[174.81732920000002, -36.957050200000005], [174.81732920000002, -36.9561502], [174.81642920000002, -36.9561502], [174.81642920000002, -36.957050200000005], [174.81732920000002, -36.957050200000005]]]}, "properties": {"row": 6, "col": 41, "elevation_m": 12.4, "low_elevation": false, "drain_deficiency": 0.625, "adjusted_score": 31.2}}, {"type": "Feature", "geometry": {"type": "Polygon", "coordinates": [[[174.81822920000002, -36.957050200000005], [174.81822920000002, -36.9561502], [174.81732920000002, -36.9561502], [174.81732920000002, -36.957050200000005], [174.81822920000002, -36.957050200000005]]]}, "properties": {"row": 6, "col": 42, "elevation_m": 8.6, "low_elevation": false, "drain_deficiency": 0.75, "adjusted_score": 37.5}}, {"type": "Feature", "geometry": {"type": "Polygon", "coordinates": [[[174.81912920000002, -36.957050200000005], [174.81912920000002, -36.9561502], [174.81822920000002, -36.9561502], [174.81822920000002, -36.957050200000005], [174.81912920000002, -36.957050200000005]]]}, "properties": {"row": 6, "col": 43, "elevation_m": 5.0, "low_elevation": false, "drain_deficiency": 0.625, "adjusted_score": 31.2}}, {"type": "Feature", "geometry": {"type": "Polygon", "coordinates": [[[174.82002920000002, -36.957050200000005], [174.82002920000002, -36.9561502], [174.81912920000002, -36.9561502], [174.81912920000002, -36.957050200000005], [174.82002920000002, -36.957050200000005]]]}, "properties": {"row": 6, "col": 44, "elevation_m": 4.5, "low_elevation": true, "drain_deficiency": 0.658, "adjusted_score": 82.9}}, {"type": "Feature", "geometry": {"type": "Polygon", "coordinates": [[[174.78042920000001, -36.957950200000006], [174.78042920000001, -36.957050200000005], [174.7795292, -36.957050200000005], [174.7795292, -36.957950200000006], [174.78042920000001, -36.957950200000006]]]}, "properties": {"row": 7, "col": 0, "elevation_m": 0.5, "low_elevation": true, "drain_deficiency": 1.0, "adjusted_score": 100.0}}, {"type": "Feature", "geometry": {"type": "Polygon", "coordinates": [[[174.78132920000002, -36.957950200000006], [174.78132920000002, -36.957050200000005], [174.78042920000001, -36.957050200000005], [174.78042920000001, -36.957950200000006], [174.78132920000002, -36.957950200000006]]]}, "properties": {"row": 7, "col": 1, "elevation_m": 1.7, "low_elevation": true, "drain_deficiency": 1.0, "adjusted_score": 100.0}}, {"type": "Feature", "geometry": {"type": "Polygon", "coordinates": [[[174.78222920000002, -36.957950200000006], [174.78222920000002, -36.957050200000005], [174.78132920000002, -36.957050200000005], [174.78132920000002, -36.957950200000006], [174.78222920000002, -36.957950200000006]]]}, "properties": {"row": 7, "col": 2, "elevation_m": 11.6, "low_elevation": false, "drain_deficiency": 1.0, "adjusted_score": 50.0}}, {"type": "Feature", "geometry": {"type": "Polygon", "coordinates": [[[174.78312920000002, -36.957950200000006], [174.78312920000002, -36.957050200000005], [174.78222920000002, -36.957050200000005], [174.78222920000002, -36.957950200000006], [174.78312920000002, -36.957950200000006]]]}, "properties": {"row": 7, "col": 3, "elevation_m": 14.7, "low_elevation": false, "drain_deficiency": 1.0, "adjusted_score": 50.0}}, {"type": "Feature", "geometry": {"type": "Polygon", "coordinates": [[[174.78402920000002, -36.957950200000006], [174.78402920000002, -36.957050200000005], [174.78312920000002, -36.957050200000005], [174.78312920000002, -36.957950200000006], [174.78402920000002, -36.957950200000006]]]}, "properties": {"row": 7, "col": 4, "elevation_m": 13.2, "low_elevation": false, "drain_deficiency": 0.763, "adjusted_score": 38.2}}, {"type": "Feature", "geometry": {"type": "Polygon", "coordinates": [[[174.78492920000002, -36.957950200000006], [174.78492920000002, -36.957050200000005], [174.78402920000002, -36.957050200000005], [174.78402920000002, -36.957950200000006], [174.78492920000002, -36.957950200000006]]]}, "properties": {"row": 7, "col": 5, "elevation_m": 12.4, "low_elevation": false, "drain_deficiency": 0.625, "adjusted_score": 31.2}}, {"type": "Feature", "geometry": {"type": "Polygon", "coordinates": [[[174.78582920000002, -36.957950200000006], [174.78582920000002, -36.957050200000005], [174.78492920000002, -36.957050200000005], [174.78492920000002, -36.957950200000006], [174.78582920000002, -36.957950200000006]]]}, "properties": {"row": 7, "col": 6, "elevation_m": 10.4, "low_elevation": false, "drain_deficiency": 0.531, "adjusted_score": 26.6}}, {"type": "Feature", "geometry": {"type": "Polygon", "coordinates": [[[174.78672920000002, -36.957950200000006], [174.78672920000002, -36.957050200000005], [174.78582920000002, -36.957050200000005], [174.78582920000002, -36.957950200000006], [174.78672920000002, -36.957950200000006]]]}, "properties": {"row": 7, "col": 7, "elevation_m": 7.5, "low_elevation": false, "drain_deficiency": 0.898, "adjusted_score": 44.9}}, {"type": "Feature", "geometry": {"type": "Polygon", "coordinates": [[[174.78762920000003, -36.957950200000006], [174.78762920000003, -36.957050200000005], [174.78672920000002, -36.957050200000005], [174.78672920000002, -36.957950200000006], [174.78762920000003, -36.957950200000006]]]}, "properties": {"row": 7, "col": 8, "elevation_m": 7.7, "low_elevation": false, "drain_deficiency": 0.833, "adjusted_score": 41.7}}, {"type": "Feature", "geometry": {"type": "Polygon", "coordinates": [[[174.78852920000003, -36.957950200000006], [174.78852920000003, -36.957050200000005], [174.78762920000003, -36.957050200000005], [174.78762920000003, -36.957950200000006], [174.78852920000003, -36.957950200000006]]]}, "properties": {"row": 7, "col": 9, "elevation_m": 6.8, "low_elevation": false, "drain_deficiency": 0.833, "adjusted_score": 41.7}}, {"type": "Feature", "geometry": {"type": "Polygon", "coordinates": [[[174.7894292, -36.957950200000006], [174.7894292, -36.957050200000005], [174.7885292, -36.957050200000005], [174.7885292, -36.957950200000006], [174.7894292, -36.957950200000006]]]}, "properties": {"row": 7, "col": 10, "elevation_m": 6.3, "low_elevation": false, "drain_deficiency": 0.75, "adjusted_score": 37.5}}, {"type": "Feature", "geometry": {"type": "Polygon", "coordinates": [[[174.7903292, -36.957950200000006], [174.7903292, -36.957050200000005], [174.7894292, -36.957050200000005], [174.7894292, -36.957950200000006], [174.7903292, -36.957950200000006]]]}, "properties": {"row": 7, "col": 11, "elevation_m": 7.1, "low_elevation": false, "drain_deficiency": 0.5, "adjusted_score": 25.0}}, {"type": "Feature", "geometry": {"type": "Polygon", "coordinates": [[[174.7912292, -36.957950200000006], [174.7912292, -36.957050200000005], [174.7903292, -36.957050200000005], [174.7903292, -36.957950200000006], [174.7912292, -36.957950200000006]]]}, "properties": {"row": 7, "col": 12, "elevation_m": 6.1, "low_elevation": false, "drain_deficiency": 0.617, "adjusted_score": 30.8}}, {"type": "Feature", "geometry": {"type": "Polygon", "coordinates": [[[174.7921292, -36.957950200000006], [174.7921292, -36.957050200000005], [174.7912292, -36.957050200000005], [174.7912292, -36.957950200000006], [174.7921292, -36.957950200000006]]]}, "properties": {"row": 7, "col": 13, "elevation_m": 5.0, "low_elevation": false, "drain_deficiency": 0.75, "adjusted_score": 37.5}}, {"type": "Feature", "geometry": {"type": "Polygon", "coordinates": [[[174.7930292, -36.957950200000006], [174.7930292, -36.957050200000005], [174.7921292, -36.957050200000005], [174.7921292, -36.957950200000006], [174.7930292, -36.957950200000006]]]}, "properties": {"row": 7, "col": 14, "elevation_m": 4.8, "low_elevation": true, "drain_deficiency": 0.293, "adjusted_score": 64.6}}, {"type": "Feature", "geometry": {"type": "Polygon", "coordinates": [[[174.7939292, -36.957950200000006], [174.7939292, -36.957050200000005], [174.7930292, -36.957050200000005], [174.7930292, -36.957950200000006], [174.7939292, -36.957950200000006]]]}, "properties": {"row": 7, "col": 15, "elevation_m": 5.1, "low_elevation": false, "drain_deficiency": 0.25, "adjusted_score": 12.5}}, {"type": "Feature", "geometry": {"type": "Polygon", "coordinates": [[[174.7948292, -36.957950200000006], [174.7948292, -36.957050200000005], [174.7939292, -36.957050200000005], [174.7939292, -36.957950200000006], [174.7948292, -36.957950200000006]]]}, "properties": {"row": 7, "col": 16, "elevation_m": 5.6, "low_elevation": false, "drain_deficiency": 0.625, "adjusted_score": 31.2}}, {"type": "Feature", "geometry": {"type": "Polygon", "coordinates": [[[174.7957292, -36.957950200000006], [174.7957292, -36.957050200000005], [174.7948292, -36.957050200000005], [174.7948292, -36.957950200000006], [174.7957292, -36.957950200000006]]]}, "properties": {"row": 7, "col": 17, "elevation_m": 7.3, "low_elevation": false, "drain_deficiency": 0.833, "adjusted_score": 41.7}}, {"type": "Feature", "geometry": {"type": "Polygon", "coordinates": [[[174.7966292, -36.957950200000006], [174.7966292, -36.957050200000005], [174.7957292, -36.957050200000005], [174.7957292, -36.957950200000006], [174.7966292, -36.957950200000006]]]}, "properties": {"row": 7, "col": 18, "elevation_m": 9.2, "low_elevation": false, "drain_deficiency": 0.75, "adjusted_score": 37.5}}, {"type": "Feature", "geometry": {"type": "Polygon", "coordinates": [[[174.7975292, -36.957950200000006], [174.7975292, -36.957050200000005], [174.7966292, -36.957050200000005], [174.7966292, -36.957950200000006], [174.7975292, -36.957950200000006]]]}, "properties": {"row": 7, "col": 19, "elevation_m": 10.0, "low_elevation": false, "drain_deficiency": 0.75, "adjusted_score": 37.5}}, {"type": "Feature", "geometry": {"type": "Polygon", "coordinates": [[[174.79842920000002, -36.957950200000006], [174.79842920000002, -36.957050200000005], [174.7975292, -36.957050200000005], [174.7975292, -36.957950200000006], [174.79842920000002, -36.957950200000006]]]}, "properties": {"row": 7, "col": 20, "elevation_m": 9.9, "low_elevation": false, "drain_deficiency": 0.769, "adjusted_score": 38.5}}, {"type": "Feature", "geometry": {"type": "Polygon", "coordinates": [[[174.79932920000002, -36.957950200000006], [174.79932920000002, -36.957050200000005], [174.79842920000002, -36.957050200000005], [174.79842920000002, -36.957950200000006], [174.79932920000002, -36.957950200000006]]]}, "properties": {"row": 7, "col": 21, "elevation_m": 10.4, "low_elevation": false, "drain_deficiency": 0.75, "adjusted_score": 37.5}}, {"type": "Feature", "geometry": {"type": "Polygon", "coordinates": [[[174.80022920000002, -36.957950200000006], [174.80022920000002, -36.957050200000005], [174.79932920000002, -36.957050200000005], [174.79932920000002, -36.957950200000006], [174.80022920000002, -36.957950200000006]]]}, "properties": {"row": 7, "col": 22, "elevation_m": 11.4, "low_elevation": false, "drain_deficiency": 0.625, "adjusted_score": 31.2}}, {"type": "Feature", "geometry": {"type": "Polygon", "coordinates": [[[174.80112920000002, -36.957950200000006], [174.80112920000002, -36.957050200000005], [174.80022920000002, -36.957050200000005], [174.80022920000002, -36.957950200000006], [174.80112920000002, -36.957950200000006]]]}, "properties": {"row": 7, "col": 23, "elevation_m": 12.1, "low_elevation": false, "drain_deficiency": 0.625, "adjusted_score": 31.2}}, {"type": "Feature", "geometry": {"type": "Polygon", "coordinates": [[[174.80202920000002, -36.957950200000006], [174.80202920000002, -36.957050200000005], [174.80112920000002, -36.957050200000005], [174.80112920000002, -36.957950200000006], [174.80202920000002, -36.957950200000006]]]}, "properties": {"row": 7, "col": 24, "elevation_m": 12.2, "low_elevation": false, "drain_deficiency": 0.833, "adjusted_score": 41.7}}, {"type": "Feature", "geometry": {"type": "Polygon", "coordinates": [[[174.80292920000002, -36.957950200000006], [174.80292920000002, -36.957050200000005], [174.80202920000002, -36.957050200000005], [174.80202920000002, -36.957950200000006], [174.80292920000002, -36.957950200000006]]]}, "properties": {"row": 7, "col": 25, "elevation_m": 11.2, "low_elevation": false, "drain_deficiency": 0.625, "adjusted_score": 31.2}}, {"type": "Feature", "geometry": {"type": "Polygon", "coordinates": [[[174.80382920000002, -36.957950200000006], [174.80382920000002, -36.957050200000005], [174.80292920000002, -36.957050200000005], [174.80292920000002, -36.957950200000006], [174.80382920000002, -36.957950200000006]]]}, "properties": {"row": 7, "col": 26, "elevation_m": 11.2, "low_elevation": false, "drain_deficiency": 0.75, "adjusted_score": 37.5}}, {"type": "Feature", "geometry": {"type": "Polygon", "coordinates": [[[174.80472920000003, -36.957950200000006], [174.80472920000003, -36.957050200000005], [174.80382920000002, -36.957050200000005], [174.80382920000002, -36.957950200000006], [174.80472920000003, -36.957950200000006]]]}, "properties": {"row": 7, "col": 27, "elevation_m": 11.1, "low_elevation": false, "drain_deficiency": 0.625, "adjusted_score": 31.2}}, {"type": "Feature", "geometry": {"type": "Polygon", "coordinates": [[[174.80562920000003, -36.957950200000006], [174.80562920000003, -36.957050200000005], [174.80472920000003, -36.957050200000005], [174.80472920000003, -36.957950200000006], [174.80562920000003, -36.957950200000006]]]}, "properties": {"row": 7, "col": 28, "elevation_m": 10.3, "low_elevation": false, "drain_deficiency": 0.5, "adjusted_score": 25.0}}, {"type": "Feature", "geometry": {"type": "Polygon", "coordinates": [[[174.80652920000003, -36.957950200000006], [174.80652920000003, -36.957050200000005], [174.80562920000003, -36.957050200000005], [174.80562920000003, -36.957950200000006], [174.80652920000003, -36.957950200000006]]]}, "properties": {"row": 7, "col": 29, "elevation_m": 9.9, "low_elevation": false, "drain_deficiency": 0.75, "adjusted_score": 37.5}}, {"type": "Feature", "geometry": {"type": "Polygon", "coordinates": [[[174.8074292, -36.957950200000006], [174.8074292, -36.957050200000005], [174.8065292, -36.957050200000005], [174.8065292, -36.957950200000006], [174.8074292, -36.957950200000006]]]}, "properties": {"row": 7, "col": 30, "elevation_m": 9.7, "low_elevation": false, "drain_deficiency": 0.5, "adjusted_score": 25.0}}, {"type": "Feature", "geometry": {"type": "Polygon", "coordinates": [[[174.8083292, -36.957950200000006], [174.8083292, -36.957050200000005], [174.8074292, -36.957050200000005], [174.8074292, -36.957950200000006], [174.8083292, -36.957950200000006]]]}, "properties": {"row": 7, "col": 31, "elevation_m": 9.8, "low_elevation": false, "drain_deficiency": 0.03, "adjusted_score": 1.5}}, {"type": "Feature", "geometry": {"type": "Polygon", "coordinates": [[[174.8092292, -36.957950200000006], [174.8092292, -36.957050200000005], [174.8083292, -36.957050200000005], [174.8083292, -36.957950200000006], [174.8092292, -36.957950200000006]]]}, "properties": {"row": 7, "col": 32, "elevation_m": 9.8, "low_elevation": false, "drain_deficiency": 0.5, "adjusted_score": 25.0}}, {"type": "Feature", "geometry": {"type": "Polygon", "coordinates": [[[174.8101292, -36.957950200000006], [174.8101292, -36.957050200000005], [174.8092292, -36.957050200000005], [174.8092292, -36.957950200000006], [174.8101292, -36.957950200000006]]]}, "properties": {"row": 7, "col": 33, "elevation_m": 10.7, "low_elevation": false, "drain_deficiency": 0.75, "adjusted_score": 37.5}}, {"type": "Feature", "geometry": {"type": "Polygon", "coordinates": [[[174.8110292, -36.957950200000006], [174.8110292, -36.957050200000005], [174.8101292, -36.957050200000005], [174.8101292, -36.957950200000006], [174.8110292, -36.957950200000006]]]}, "properties": {"row": 7, "col": 34, "elevation_m": 11.8, "low_elevation": false, "drain_deficiency": 0.366, "adjusted_score": 18.3}}, {"type": "Feature", "geometry": {"type": "Polygon", "coordinates": [[[174.8119292, -36.957950200000006], [174.8119292, -36.957050200000005], [174.8110292, -36.957050200000005], [174.8110292, -36.957950200000006], [174.8119292, -36.957950200000006]]]}, "properties": {"row": 7, "col": 35, "elevation_m": 14.3, "low_elevation": false, "drain_deficiency": 0.625, "adjusted_score": 31.2}}, {"type": "Feature", "geometry": {"type": "Polygon", "coordinates": [[[174.8128292, -36.957950200000006], [174.8128292, -36.957050200000005], [174.8119292, -36.957050200000005], [174.8119292, -36.957950200000006], [174.8128292, -36.957950200000006]]]}, "properties": {"row": 7, "col": 36, "elevation_m": 15.5, "low_elevation": false, "drain_deficiency": 0.5, "adjusted_score": 25.0}}, {"type": "Feature", "geometry": {"type": "Polygon", "coordinates": [[[174.8137292, -36.957950200000006], [174.8137292, -36.957050200000005], [174.8128292, -36.957050200000005], [174.8128292, -36.957950200000006], [174.8137292, -36.957950200000006]]]}, "properties": {"row": 7, "col": 37, "elevation_m": 15.5, "low_elevation": false, "drain_deficiency": 0.625, "adjusted_score": 31.2}}, {"type": "Feature", "geometry": {"type": "Polygon", "coordinates": [[[174.8146292, -36.957950200000006], [174.8146292, -36.957050200000005], [174.8137292, -36.957050200000005], [174.8137292, -36.957950200000006], [174.8146292, -36.957950200000006]]]}, "properties": {"row": 7, "col": 38, "elevation_m": 13.6, "low_elevation": false, "drain_deficiency": 0.5, "adjusted_score": 25.0}}, {"type": "Feature", "geometry": {"type": "Polygon", "coordinates": [[[174.81552920000001, -36.957950200000006], [174.81552920000001, -36.957050200000005], [174.8146292, -36.957050200000005], [174.8146292, -36.957950200000006], [174.81552920000001, -36.957950200000006]]]}, "properties": {"row": 7, "col": 39, "elevation_m": 11.9, "low_elevation": false, "drain_deficiency": 0.625, "adjusted_score": 31.2}}, {"type": "Feature", "geometry": {"type": "Polygon", "coordinates": [[[174.81642920000002, -36.957950200000006], [174.81642920000002, -36.957050200000005], [174.81552920000001, -36.957050200000005], [174.81552920000001, -36.957950200000006], [174.81642920000002, -36.957950200000006]]]}, "properties": {"row": 7, "col": 40, "elevation_m": 11.3, "low_elevation": false, "drain_deficiency": 0.5, "adjusted_score": 25.0}}, {"type": "Feature", "geometry": {"type": "Polygon", "coordinates": [[[174.81732920000002, -36.957950200000006], [174.81732920000002, -36.957050200000005], [174.81642920000002, -36.957050200000005], [174.81642920000002, -36.957950200000006], [174.81732920000002, -36.957950200000006]]]}, "properties": {"row": 7, "col": 41, "elevation_m": 9.4, "low_elevation": false, "drain_deficiency": 0.625, "adjusted_score": 31.2}}, {"type": "Feature", "geometry": {"type": "Polygon", "coordinates": [[[174.81822920000002, -36.957950200000006], [174.81822920000002, -36.957050200000005], [174.81732920000002, -36.957050200000005], [174.81732920000002, -36.957950200000006], [174.81822920000002, -36.957950200000006]]]}, "properties": {"row": 7, "col": 42, "elevation_m": 5.8, "low_elevation": false, "drain_deficiency": 0.625, "adjusted_score": 31.2}}, {"type": "Feature", "geometry": {"type": "Polygon", "coordinates": [[[174.81912920000002, -36.957950200000006], [174.81912920000002, -36.957050200000005], [174.81822920000002, -36.957050200000005], [174.81822920000002, -36.957950200000006], [174.81912920000002, -36.957950200000006]]]}, "properties": {"row": 7, "col": 43, "elevation_m": 5.1, "low_elevation": false, "drain_deficiency": 0.625, "adjusted_score": 31.2}}, {"type": "Feature", "geometry": {"type": "Polygon", "coordinates": [[[174.82002920000002, -36.957950200000006], [174.82002920000002, -36.957050200000005], [174.81912920000002, -36.957050200000005], [174.81912920000002, -36.957950200000006], [174.82002920000002, -36.957950200000006]]]}, "properties": {"row": 7, "col": 44, "elevation_m": 7.2, "low_elevation": false, "drain_deficiency": 1.0, "adjusted_score": 50.0}}, {"type": "Feature", "geometry": {"type": "Polygon", "coordinates": [[[174.78042920000001, -36.9588502], [174.78042920000001, -36.9579502], [174.7795292, -36.9579502], [174.7795292, -36.9588502], [174.78042920000001, -36.9588502]]]}, "properties": {"row": 8, "col": 0, "elevation_m": 0.8, "low_elevation": true, "drain_deficiency": 1.0, "adjusted_score": 100.0}}, {"type": "Feature", "geometry": {"type": "Polygon", "coordinates": [[[174.78132920000002, -36.9588502], [174.78132920000002, -36.9579502], [174.78042920000001, -36.9579502], [174.78042920000001, -36.9588502], [174.78132920000002, -36.9588502]]]}, "properties": {"row": 8, "col": 1, "elevation_m": 6.5, "low_elevation": false, "drain_deficiency": 1.0, "adjusted_score": 50.0}}, {"type": "Feature", "geometry": {"type": "Polygon", "coordinates": [[[174.78222920000002, -36.9588502], [174.78222920000002, -36.9579502], [174.78132920000002, -36.9579502], [174.78132920000002, -36.9588502], [174.78222920000002, -36.9588502]]]}, "properties": {"row": 8, "col": 2, "elevation_m": 13.3, "low_elevation": false, "drain_deficiency": 1.0, "adjusted_score": 50.0}}, {"type": "Feature", "geometry": {"type": "Polygon", "coordinates": [[[174.78312920000002, -36.9588502], [174.78312920000002, -36.9579502], [174.78222920000002, -36.9579502], [174.78222920000002, -36.9588502], [174.78312920000002, -36.9588502]]]}, "properties": {"row": 8, "col": 3, "elevation_m": 12.3, "low_elevation": false, "drain_deficiency": 0.868, "adjusted_score": 43.4}}, {"type": "Feature", "geometry": {"type": "Polygon", "coordinates": [[[174.78402920000002, -36.9588502], [174.78402920000002, -36.9579502], [174.78312920000002, -36.9579502], [174.78312920000002, -36.9588502], [174.78402920000002, -36.9588502]]]}, "properties": {"row": 8, "col": 4, "elevation_m": 12.0, "low_elevation": false, "drain_deficiency": 0.617, "adjusted_score": 30.8}}, {"type": "Feature", "geometry": {"type": "Polygon", "coordinates": [[[174.78492920000002, -36.9588502], [174.78492920000002, -36.9579502], [174.78402920000002, -36.9579502], [174.78402920000002, -36.9588502], [174.78492920000002, -36.9588502]]]}, "properties": {"row": 8, "col": 5, "elevation_m": 11.1, "low_elevation": false, "drain_deficiency": 0.625, "adjusted_score": 31.2}}, {"type": "Feature", "geometry": {"type": "Polygon", "coordinates": [[[174.78582920000002, -36.9588502], [174.78582920000002, -36.9579502], [174.78492920000002, -36.9579502], [174.78492920000002, -36.9588502], [174.78582920000002, -36.9588502]]]}, "properties": {"row": 8, "col": 6, "elevation_m": 9.4, "low_elevation": false, "drain_deficiency": 0.685, "adjusted_score": 34.2}}, {"type": "Feature", "geometry": {"type": "Polygon", "coordinates": [[[174.78672920000002, -36.9588502], [174.78672920000002, -36.9579502], [174.78582920000002, -36.9579502], [174.78582920000002, -36.9588502], [174.78672920000002, -36.9588502]]]}, "properties": {"row": 8, "col": 7, "elevation_m": 8.3, "low_elevation": false, "drain_deficiency": 1.0, "adjusted_score": 50.0}}, {"type": "Feature", "geometry": {"type": "Polygon", "coordinates": [[[174.78762920000003, -36.9588502], [174.78762920000003, -36.9579502], [174.78672920000002, -36.9579502], [174.78672920000002, -36.9588502], [174.78762920000003, -36.9588502]]]}, "properties": {"row": 8, "col": 8, "elevation_m": 8.4, "low_elevation": false, "drain_deficiency": 0.625, "adjusted_score": 31.2}}, {"type": "Feature", "geometry": {"type": "Polygon", "coordinates": [[[174.78852920000003, -36.9588502], [174.78852920000003, -36.9579502], [174.78762920000003, -36.9579502], [174.78762920000003, -36.9588502], [174.78852920000003, -36.9588502]]]}, "properties": {"row": 8, "col": 9, "elevation_m": 8.1, "low_elevation": false, "drain_deficiency": 0.617, "adjusted_score": 30.8}}, {"type": "Feature", "geometry": {"type": "Polygon", "coordinates": [[[174.7894292, -36.9588502], [174.7894292, -36.9579502], [174.7885292, -36.9579502], [174.7885292, -36.9588502], [174.7894292, -36.9588502]]]}, "properties": {"row": 8, "col": 10, "elevation_m": 7.5, "low_elevation": false, "drain_deficiency": 0.617, "adjusted_score": 30.8}}, {"type": "Feature", "geometry": {"type": "Polygon", "coordinates": [[[174.7903292, -36.9588502], [174.7903292, -36.9579502], [174.7894292, -36.9579502], [174.7894292, -36.9588502], [174.7903292, -36.9588502]]]}, "properties": {"row": 8, "col": 11, "elevation_m": 7.5, "low_elevation": false, "drain_deficiency": 0.367, "adjusted_score": 18.3}}, {"type": "Feature", "geometry": {"type": "Polygon", "coordinates": [[[174.7912292, -36.9588502], [174.7912292, -36.9579502], [174.7903292, -36.9579502], [174.7903292, -36.9588502], [174.7912292, -36.9588502]]]}, "properties": {"row": 8, "col": 12, "elevation_m": 6.7, "low_elevation": false, "drain_deficiency": 0.166, "adjusted_score": 8.3}}, {"type": "Feature", "geometry": {"type": "Polygon", "coordinates": [[[174.7921292, -36.9588502], [174.7921292, -36.9579502], [174.7912292, -36.9579502], [174.7912292, -36.9588502], [174.7921292, -36.9588502]]]}, "properties": {"row": 8, "col": 13, "elevation_m": 5.5, "low_elevation": false, "drain_deficiency": 0.617, "adjusted_score": 30.8}}, {"type": "Feature", "geometry": {"type": "Polygon", "coordinates": [[[174.7930292, -36.9588502], [174.7930292, -36.9579502], [174.7921292, -36.9579502], [174.7921292, -36.9588502], [174.7930292, -36.9588502]]]}, "properties": {"row": 8, "col": 14, "elevation_m": 4.8, "low_elevation": true, "drain_deficiency": 0.23, "adjusted_score": 61.5}}, {"type": "Feature", "geometry": {"type": "Polygon", "coordinates": [[[174.7939292, -36.9588502], [174.7939292, -36.9579502], [174.7930292, -36.9579502], [174.7930292, -36.9588502], [174.7939292, -36.9588502]]]}, "properties": {"row": 8, "col": 15, "elevation_m": 5.0, "low_elevation": true, "drain_deficiency": 0.5, "adjusted_score": 75.0}}, {"type": "Feature", "geometry": {"type": "Polygon", "coordinates": [[[174.7948292, -36.9588502], [174.7948292, -36.9579502], [174.7939292, -36.9579502], [174.7939292, -36.9588502], [174.7948292, -36.9588502]]]}, "properties": {"row": 8, "col": 16, "elevation_m": 4.9, "low_elevation": true, "drain_deficiency": 0.625, "adjusted_score": 81.2}}, {"type": "Feature", "geometry": {"type": "Polygon", "coordinates": [[[174.7957292, -36.9588502], [174.7957292, -36.9579502], [174.7948292, -36.9579502], [174.7948292, -36.9588502], [174.7957292, -36.9588502]]]}, "properties": {"row": 8, "col": 17, "elevation_m": 5.7, "low_elevation": false, "drain_deficiency": 0.75, "adjusted_score": 37.5}}, {"type": "Feature", "geometry": {"type": "Polygon", "coordinates": [[[174.7966292, -36.9588502], [174.7966292, -36.9579502], [174.7957292, -36.9579502], [174.7957292, -36.9588502], [174.7966292, -36.9588502]]]}, "properties": {"row": 8, "col": 18, "elevation_m": 6.9, "low_elevation": false, "drain_deficiency": 0.375, "adjusted_score": 18.8}}, {"type": "Feature", "geometry": {"type": "Polygon", "coordinates": [[[174.7975292, -36.9588502], [174.7975292, -36.9579502], [174.7966292, -36.9579502], [174.7966292, -36.9588502], [174.7975292, -36.9588502]]]}, "properties": {"row": 8, "col": 19, "elevation_m": 9.0, "low_elevation": false, "drain_deficiency": 0.625, "adjusted_score": 31.2}}, {"type": "Feature", "geometry": {"type": "Polygon", "coordinates": [[[174.79842920000002, -36.9588502], [174.79842920000002, -36.9579502], [174.7975292, -36.9579502], [174.7975292, -36.9588502], [174.79842920000002, -36.9588502]]]}, "properties": {"row": 8, "col": 20, "elevation_m": 10.7, "low_elevation": false, "drain_deficiency": 0.192, "adjusted_score": 9.6}}, {"type": "Feature", "geometry": {"type": "Polygon", "coordinates": [[[174.79932920000002, -36.9588502], [174.79932920000002, -36.9579502], [174.79842920000002, -36.9579502], [174.79842920000002, -36.9588502], [174.79932920000002, -36.9588502]]]}, "properties": {"row": 8, "col": 21, "elevation_m": 10.5, "low_elevation": false, "drain_deficiency": 0.625, "adjusted_score": 31.2}}, {"type": "Feature", "geometry": {"type": "Polygon", "coordinates": [[[174.80022920000002, -36.9588502], [174.80022920000002, -36.9579502], [174.79932920000002, -36.9579502], [174.79932920000002, -36.9588502], [174.80022920000002, -36.9588502]]]}, "properties": {"row": 8, "col": 22, "elevation_m": 10.9, "low_elevation": false, "drain_deficiency": 0.625, "adjusted_score": 31.2}}, {"type": "Feature", "geometry": {"type": "Polygon", "coordinates": [[[174.80112920000002, -36.9588502], [174.80112920000002, -36.9579502], [174.80022920000002, -36.9579502], [174.80022920000002, -36.9588502], [174.80112920000002, -36.9588502]]]}, "properties": {"row": 8, "col": 23, "elevation_m": 11.7, "low_elevation": false, "drain_deficiency": 0.625, "adjusted_score": 31.2}}, {"type": "Feature", "geometry": {"type": "Polygon", "coordinates": [[[174.80202920000002, -36.9588502], [174.80202920000002, -36.9579502], [174.80112920000002, -36.9579502], [174.80112920000002, -36.9588502], [174.80202920000002, -36.9588502]]]}, "properties": {"row": 8, "col": 24, "elevation_m": 11.5, "low_elevation": false, "drain_deficiency": 0.625, "adjusted_score": 31.2}}, {"type": "Feature", "geometry": {"type": "Polygon", "coordinates": [[[174.80292920000002, -36.9588502], [174.80292920000002, -36.9579502], [174.80202920000002, -36.9579502], [174.80202920000002, -36.9588502], [174.80292920000002, -36.9588502]]]}, "properties": {"row": 8, "col": 25, "elevation_m": 10.7, "low_elevation": false, "drain_deficiency": 0.375, "adjusted_score": 18.8}}, {"type": "Feature", "geometry": {"type": "Polygon", "coordinates": [[[174.80382920000002, -36.9588502], [174.80382920000002, -36.9579502], [174.80292920000002, -36.9579502], [174.80292920000002, -36.9588502], [174.80382920000002, -36.9588502]]]}, "properties": {"row": 8, "col": 26, "elevation_m": 11.0, "low_elevation": false, "drain_deficiency": 0.75, "adjusted_score": 37.5}}, {"type": "Feature", "geometry": {"type": "Polygon", "coordinates": [[[174.80472920000003, -36.9588502], [174.80472920000003, -36.9579502], [174.80382920000002, -36.9579502], [174.80382920000002, -36.9588502], [174.80472920000003, -36.9588502]]]}, "properties": {"row": 8, "col": 27, "elevation_m": 12.4, "low_elevation": false, "drain_deficiency": 0.5, "adjusted_score": 25.0}}, {"type": "Feature", "geometry": {"type": "Polygon", "coordinates": [[[174.80562920000003, -36.9588502], [174.80562920000003, -36.9579502], [174.80472920000003, -36.9579502], [174.80472920000003, -36.9588502], [174.80562920000003, -36.9588502]]]}, "properties": {"row": 8, "col": 28, "elevation_m": 11.5, "low_elevation": false, "drain_deficiency": 0.625, "adjusted_score": 31.2}}, {"type": "Feature", "geometry": {"type": "Polygon", "coordinates": [[[174.80652920000003, -36.9588502], [174.80652920000003, -36.9579502], [174.80562920000003, -36.9579502], [174.80562920000003, -36.9588502], [174.80652920000003, -36.9588502]]]}, "properties": {"row": 8, "col": 29, "elevation_m": 10.6, "low_elevation": false, "drain_deficiency": 0.048, "adjusted_score": 2.4}}, {"type": "Feature", "geometry": {"type": "Polygon", "coordinates": [[[174.8074292, -36.9588502], [174.8074292, -36.9579502], [174.8065292, -36.9579502], [174.8065292, -36.9588502], [174.8074292, -36.9588502]]]}, "properties": {"row": 8, "col": 30, "elevation_m": 11.2, "low_elevation": false, "drain_deficiency": 0.375, "adjusted_score": 18.8}}, {"type": "Feature", "geometry": {"type": "Polygon", "coordinates": [[[174.8083292, -36.9588502], [174.8083292, -36.9579502], [174.8074292, -36.9579502], [174.8074292, -36.9588502], [174.8083292, -36.9588502]]]}, "properties": {"row": 8, "col": 31, "elevation_m": 11.8, "low_elevation": false, "drain_deficiency": 0.375, "adjusted_score": 18.8}}, {"type": "Feature", "geometry": {"type": "Polygon", "coordinates": [[[174.8092292, -36.9588502], [174.8092292, -36.9579502], [174.8083292, -36.9579502], [174.8083292, -36.9588502], [174.8092292, -36.9588502]]]}, "properties": {"row": 8, "col": 32, "elevation_m": 11.1, "low_elevation": false, "drain_deficiency": 0.75, "adjusted_score": 37.5}}, {"type": "Feature", "geometry": {"type": "Polygon", "coordinates": [[[174.8101292, -36.9588502], [174.8101292, -36.9579502], [174.8092292, -36.9579502], [174.8092292, -36.9588502], [174.8101292, -36.9588502]]]}, "properties": {"row": 8, "col": 33, "elevation_m": 11.2, "low_elevation": false, "drain_deficiency": 0.007, "adjusted_score": 0.4}}, {"type": "Feature", "geometry": {"type": "Polygon", "coordinates": [[[174.8110292, -36.9588502], [174.8110292, -36.9579502], [174.8101292, -36.9579502], [174.8101292, -36.9588502], [174.8110292, -36.9588502]]]}, "properties": {"row": 8, "col": 34, "elevation_m": 12.2, "low_elevation": false, "drain_deficiency": 0.5, "adjusted_score": 25.0}}, {"type": "Feature", "geometry": {"type": "Polygon", "coordinates": [[[174.8119292, -36.9588502], [174.8119292, -36.9579502], [174.8110292, -36.9579502], [174.8110292, -36.9588502], [174.8119292, -36.9588502]]]}, "properties": {"row": 8, "col": 35, "elevation_m": 14.2, "low_elevation": false, "drain_deficiency": 0.5, "adjusted_score": 25.0}}, {"type": "Feature", "geometry": {"type": "Polygon", "coordinates": [[[174.8128292, -36.9588502], [174.8128292, -36.9579502], [174.8119292, -36.9579502], [174.8119292, -36.9588502], [174.8128292, -36.9588502]]]}, "properties": {"row": 8, "col": 36, "elevation_m": 14.6, "low_elevation": false, "drain_deficiency": 0.75, "adjusted_score": 37.5}}, {"type": "Feature", "geometry": {"type": "Polygon", "coordinates": [[[174.8137292, -36.9588502], [174.8137292, -36.9579502], [174.8128292, -36.9579502], [174.8128292, -36.9588502], [174.8137292, -36.9588502]]]}, "properties": {"row": 8, "col": 37, "elevation_m": 14.2, "low_elevation": false, "drain_deficiency": 0.75, "adjusted_score": 37.5}}, {"type": "Feature", "geometry": {"type": "Polygon", "coordinates": [[[174.8146292, -36.9588502], [174.8146292, -36.9579502], [174.8137292, -36.9579502], [174.8137292, -36.9588502], [174.8146292, -36.9588502]]]}, "properties": {"row": 8, "col": 38, "elevation_m": 13.6, "low_elevation": false, "drain_deficiency": 0.75, "adjusted_score": 37.5}}, {"type": "Feature", "geometry": {"type": "Polygon", "coordinates": [[[174.81552920000001, -36.9588502], [174.81552920000001, -36.9579502], [174.8146292, -36.9579502], [174.8146292, -36.9588502], [174.81552920000001, -36.9588502]]]}, "properties": {"row": 8, "col": 39, "elevation_m": 12.4, "low_elevation": false, "drain_deficiency": 0.625, "adjusted_score": 31.2}}, {"type": "Feature", "geometry": {"type": "Polygon", "coordinates": [[[174.81642920000002, -36.9588502], [174.81642920000002, -36.9579502], [174.81552920000001, -36.9579502], [174.81552920000001, -36.9588502], [174.81642920000002, -36.9588502]]]}, "properties": {"row": 8, "col": 40, "elevation_m": 9.4, "low_elevation": false, "drain_deficiency": 0.4, "adjusted_score": 20.0}}, {"type": "Feature", "geometry": {"type": "Polygon", "coordinates": [[[174.81732920000002, -36.9588502], [174.81732920000002, -36.9579502], [174.81642920000002, -36.9579502], [174.81642920000002, -36.9588502], [174.81732920000002, -36.9588502]]]}, "properties": {"row": 8, "col": 41, "elevation_m": 6.1, "low_elevation": false, "drain_deficiency": 0.625, "adjusted_score": 31.2}}, {"type": "Feature", "geometry": {"type": "Polygon", "coordinates": [[[174.81822920000002, -36.9588502], [174.81822920000002, -36.9579502], [174.81732920000002, -36.9579502], [174.81732920000002, -36.9588502], [174.81822920000002, -36.9588502]]]}, "properties": {"row": 8, "col": 42, "elevation_m": 5.1, "low_elevation": false, "drain_deficiency": 0.857, "adjusted_score": 42.9}}, {"type": "Feature", "geometry": {"type": "Polygon", "coordinates": [[[174.81912920000002, -36.9588502], [174.81912920000002, -36.9579502], [174.81822920000002, -36.9579502], [174.81822920000002, -36.9588502], [174.81912920000002, -36.9588502]]]}, "properties": {"row": 8, "col": 43, "elevation_m": 7.2, "low_elevation": false, "drain_deficiency": 1.0, "adjusted_score": 50.0}}, {"type": "Feature", "geometry": {"type": "Polygon", "coordinates": [[[174.82002920000002, -36.9588502], [174.82002920000002, -36.9579502], [174.81912920000002, -36.9579502], [174.81912920000002, -36.9588502], [174.82002920000002, -36.9588502]]]}, "properties": {"row": 8, "col": 44, "elevation_m": 12.1, "low_elevation": false, "drain_deficiency": 1.0, "adjusted_score": 50.0}}, {"type": "Feature", "geometry": {"type": "Polygon", "coordinates": [[[174.78042920000001, -36.9597502], [174.78042920000001, -36.9588502], [174.7795292, -36.9588502], [174.7795292, -36.9597502], [174.78042920000001, -36.9597502]]]}, "properties": {"row": 9, "col": 0, "elevation_m": 5.6, "low_elevation": false, "drain_deficiency": 0.974, "adjusted_score": 48.7}}, {"type": "Feature", "geometry": {"type": "Polygon", "coordinates": [[[174.78132920000002, -36.9597502], [174.78132920000002, -36.9588502], [174.78042920000001, -36.9588502], [174.78042920000001, -36.9597502], [174.78132920000002, -36.9597502]]]}, "properties": {"row": 9, "col": 1, "elevation_m": 12.5, "low_elevation": false, "drain_deficiency": 1.0, "adjusted_score": 50.0}}, {"type": "Feature", "geometry": {"type": "Polygon", "coordinates": [[[174.78222920000002, -36.9597502], [174.78222920000002, -36.9588502], [174.78132920000002, -36.9588502], [174.78132920000002, -36.9597502], [174.78222920000002, -36.9597502]]]}, "properties": {"row": 9, "col": 2, "elevation_m": 12.5, "low_elevation": false, "drain_deficiency": 1.0, "adjusted_score": 50.0}}, {"type": "Feature", "geometry": {"type": "Polygon", "coordinates": [[[174.78312920000002, -36.9597502], [174.78312920000002, -36.9588502], [174.78222920000002, -36.9588502], [174.78222920000002, -36.9597502], [174.78312920000002, -36.9597502]]]}, "properties": {"row": 9, "col": 3, "elevation_m": 11.2, "low_elevation": false, "drain_deficiency": 0.758, "adjusted_score": 37.9}}, {"type": "Feature", "geometry": {"type": "Polygon", "coordinates": [[[174.78402920000002, -36.9597502], [174.78402920000002, -36.9588502], [174.78312920000002, -36.9588502], [174.78312920000002, -36.9597502], [174.78402920000002, -36.9597502]]]}, "properties": {"row": 9, "col": 4, "elevation_m": 13.1, "low_elevation": false, "drain_deficiency": 0.617, "adjusted_score": 30.8}}, {"type": "Feature", "geometry": {"type": "Polygon", "coordinates": [[[174.78492920000002, -36.9597502], [174.78492920000002, -36.9588502], [174.78402920000002, -36.9588502], [174.78402920000002, -36.9597502], [174.78492920000002, -36.9597502]]]}, "properties": {"row": 9, "col": 5, "elevation_m": 12.0, "low_elevation": false, "drain_deficiency": 0.617, "adjusted_score": 30.8}}, {"type": "Feature", "geometry": {"type": "Polygon", "coordinates": [[[174.78582920000002, -36.9597502], [174.78582920000002, -36.9588502], [174.78492920000002, -36.9588502], [174.78492920000002, -36.9597502], [174.78582920000002, -36.9597502]]]}, "properties": {"row": 9, "col": 6, "elevation_m": 9.5, "low_elevation": false, "drain_deficiency": 0.929, "adjusted_score": 46.5}}, {"type": "Feature", "geometry": {"type": "Polygon", "coordinates": [[[174.78672920000002, -36.9597502], [174.78672920000002, -36.9588502], [174.78582920000002, -36.9588502], [174.78582920000002, -36.9597502], [174.78672920000002, -36.9597502]]]}, "properties": {"row": 9, "col": 7, "elevation_m": 8.7, "low_elevation": false, "drain_deficiency": 1.0, "adjusted_score": 50.0}}, {"type": "Feature", "geometry": {"type": "Polygon", "coordinates": [[[174.78762920000003, -36.9597502], [174.78762920000003, -36.9588502], [174.78672920000002, -36.9588502], [174.78672920000002, -36.9597502], [174.78762920000003, -36.9597502]]]}, "properties": {"row": 9, "col": 8, "elevation_m": 8.2, "low_elevation": false, "drain_deficiency": 0.833, "adjusted_score": 41.7}}, {"type": "Feature", "geometry": {"type": "Polygon", "coordinates": [[[174.78852920000003, -36.9597502], [174.78852920000003, -36.9588502], [174.78762920000003, -36.9588502], [174.78762920000003, -36.9597502], [174.78852920000003, -36.9597502]]]}, "properties": {"row": 9, "col": 9, "elevation_m": 8.9, "low_elevation": false, "drain_deficiency": 0.833, "adjusted_score": 41.7}}, {"type": "Feature", "geometry": {"type": "Polygon", "coordinates": [[[174.7894292, -36.9597502], [174.7894292, -36.9588502], [174.7885292, -36.9588502], [174.7885292, -36.9597502], [174.7894292, -36.9597502]]]}, "properties": {"row": 9, "col": 10, "elevation_m": 9.7, "low_elevation": false, "drain_deficiency": 0.034, "adjusted_score": 1.7}}, {"type": "Feature", "geometry": {"type": "Polygon", "coordinates": [[[174.7903292, -36.9597502], [174.7903292, -36.9588502], [174.7894292, -36.9588502], [174.7894292, -36.9597502], [174.7903292, -36.9597502]]]}, "properties": {"row": 9, "col": 11, "elevation_m": 8.0, "low_elevation": false, "drain_deficiency": 0.75, "adjusted_score": 37.5}}, {"type": "Feature", "geometry": {"type": "Polygon", "coordinates": [[[174.7912292, -36.9597502], [174.7912292, -36.9588502], [174.7903292, -36.9588502], [174.7903292, -36.9597502], [174.7912292, -36.9597502]]]}, "properties": {"row": 9, "col": 12, "elevation_m": 6.7, "low_elevation": false, "drain_deficiency": 0.597, "adjusted_score": 29.9}}, {"type": "Feature", "geometry": {"type": "Polygon", "coordinates": [[[174.7921292, -36.9597502], [174.7921292, -36.9588502], [174.7912292, -36.9588502], [174.7912292, -36.9597502], [174.7921292, -36.9597502]]]}, "properties": {"row": 9, "col": 13, "elevation_m": 6.8, "low_elevation": false, "drain_deficiency": 0.375, "adjusted_score": 18.8}}, {"type": "Feature", "geometry": {"type": "Polygon", "coordinates": [[[174.7930292, -36.9597502], [174.7930292, -36.9588502], [174.7921292, -36.9588502], [174.7921292, -36.9597502], [174.7930292, -36.9597502]]]}, "properties": {"row": 9, "col": 14, "elevation_m": 5.9, "low_elevation": false, "drain_deficiency": 0.75, "adjusted_score": 37.5}}, {"type": "Feature", "geometry": {"type": "Polygon", "coordinates": [[[174.7939292, -36.9597502], [174.7939292, -36.9588502], [174.7930292, -36.9588502], [174.7930292, -36.9597502], [174.7939292, -36.9597502]]]}, "properties": {"row": 9, "col": 15, "elevation_m": 5.0, "low_elevation": true, "drain_deficiency": 0.5, "adjusted_score": 75.0}}, {"type": "Feature", "geometry": {"type": "Polygon", "coordinates": [[[174.7948292, -36.9597502], [174.7948292, -36.9588502], [174.7939292, -36.9588502], [174.7939292, -36.9597502], [174.7948292, -36.9597502]]]}, "properties": {"row": 9, "col": 16, "elevation_m": 4.9, "low_elevation": true, "drain_deficiency": 0.625, "adjusted_score": 81.2}}, {"type": "Feature", "geometry": {"type": "Polygon", "coordinates": [[[174.7957292, -36.9597502], [174.7957292, -36.9588502], [174.7948292, -36.9588502], [174.7948292, -36.9597502], [174.7957292, -36.9597502]]]}, "properties": {"row": 9, "col": 17, "elevation_m": 5.5, "low_elevation": false, "drain_deficiency": 0.625, "adjusted_score": 31.2}}, {"type": "Feature", "geometry": {"type": "Polygon", "coordinates": [[[174.7966292, -36.9597502], [174.7966292, -36.9588502], [174.7957292, -36.9588502], [174.7957292, -36.9597502], [174.7966292, -36.9597502]]]}, "properties": {"row": 9, "col": 18, "elevation_m": 6.0, "low_elevation": false, "drain_deficiency": 0.833, "adjusted_score": 41.7}}, {"type": "Feature", "geometry": {"type": "Polygon", "coordinates": [[[174.7975292, -36.9597502], [174.7975292, -36.9588502], [174.7966292, -36.9588502], [174.7966292, -36.9597502], [174.7975292, -36.9597502]]]}, "properties": {"row": 9, "col": 19, "elevation_m": 6.6, "low_elevation": false, "drain_deficiency": 0.625, "adjusted_score": 31.2}}, {"type": "Feature", "geometry": {"type": "Polygon", "coordinates": [[[174.79842920000002, -36.9597502], [174.79842920000002, -36.9588502], [174.7975292, -36.9588502], [174.7975292, -36.9597502], [174.79842920000002, -36.9597502]]]}, "properties": {"row": 9, "col": 20, "elevation_m": 10.3, "low_elevation": false, "drain_deficiency": 0.625, "adjusted_score": 31.2}}, {"type": "Feature", "geometry": {"type": "Polygon", "coordinates": [[[174.79932920000002, -36.9597502], [174.79932920000002, -36.9588502], [174.79842920000002, -36.9588502], [174.79842920000002, -36.9597502], [174.79932920000002, -36.9597502]]]}, "properties": {"row": 9, "col": 21, "elevation_m": 10.1, "low_elevation": false, "drain_deficiency": 0.75, "adjusted_score": 37.5}}, {"type": "Feature", "geometry": {"type": "Polygon", "coordinates": [[[174.80022920000002, -36.9597502], [174.80022920000002, -36.9588502], [174.79932920000002, -36.9588502], [174.79932920000002, -36.9597502], [174.80022920000002, -36.9597502]]]}, "properties": {"row": 9, "col": 22, "elevation_m": 10.2, "low_elevation": false, "drain_deficiency": 0.625, "adjusted_score": 31.2}}, {"type": "Feature", "geometry": {"type": "Polygon", "coordinates": [[[174.80112920000002, -36.9597502], [174.80112920000002, -36.9588502], [174.80022920000002, -36.9588502], [174.80022920000002, -36.9597502], [174.80112920000002, -36.9597502]]]}, "properties": {"row": 9, "col": 23, "elevation_m": 10.6, "low_elevation": false, "drain_deficiency": 0.507, "adjusted_score": 25.4}}, {"type": "Feature", "geometry": {"type": "Polygon", "coordinates": [[[174.80202920000002, -36.9597502], [174.80202920000002, -36.9588502], [174.80112920000002, -36.9588502], [174.80112920000002, -36.9597502], [174.80202920000002, -36.9597502]]]}, "properties": {"row": 9, "col": 24, "elevation_m": 11.0, "low_elevation": false, "drain_deficiency": 0.455, "adjusted_score": 22.8}}, {"type": "Feature", "geometry": {"type": "Polygon", "coordinates": [[[174.80292920000002, -36.9597502], [174.80292920000002, -36.9588502], [174.80202920000002, -36.9588502], [174.80202920000002, -36.9597502], [174.80292920000002, -36.9597502]]]}, "properties": {"row": 9, "col": 25, "elevation_m": 10.5, "low_elevation": false, "drain_deficiency": 0.375, "adjusted_score": 18.8}}, {"type": "Feature", "geometry": {"type": "Polygon", "coordinates": [[[174.80382920000002, -36.9597502], [174.80382920000002, -36.9588502], [174.80292920000002, -36.9588502], [174.80292920000002, -36.9597502], [174.80382920000002, -36.9597502]]]}, "properties": {"row": 9, "col": 26, "elevation_m": 10.7, "low_elevation": false, "drain_deficiency": 0.375, "adjusted_score": 18.8}}, {"type": "Feature", "geometry": {"type": "Polygon", "coordinates": [[[174.80472920000003, -36.9597502], [174.80472920000003, -36.9588502], [174.80382920000002, -36.9588502], [174.80382920000002, -36.9597502], [174.80472920000003, -36.9597502]]]}, "properties": {"row": 9, "col": 27, "elevation_m": 12.4, "low_elevation": false, "drain_deficiency": 0.375, "adjusted_score": 18.8}}, {"type": "Feature", "geometry": {"type": "Polygon", "coordinates": [[[174.80562920000003, -36.9597502], [174.80562920000003, -36.9588502], [174.80472920000003, -36.9588502], [174.80472920000003, -36.9597502], [174.80562920000003, -36.9597502]]]}, "properties": {"row": 9, "col": 28, "elevation_m": 12.6, "low_elevation": false, "drain_deficiency": 0.75, "adjusted_score": 37.5}}, {"type": "Feature", "geometry": {"type": "Polygon", "coordinates": [[[174.80652920000003, -36.9597502], [174.80652920000003, -36.9588502], [174.80562920000003, -36.9588502], [174.80562920000003, -36.9597502], [174.80652920000003, -36.9597502]]]}, "properties": {"row": 9, "col": 29, "elevation_m": 12.7, "low_elevation": false, "drain_deficiency": 0.375, "adjusted_score": 18.8}}, {"type": "Feature", "geometry": {"type": "Polygon", "coordinates": [[[174.8074292, -36.9597502], [174.8074292, -36.9588502], [174.8065292, -36.9588502], [174.8065292, -36.9597502], [174.8074292, -36.9597502]]]}, "properties": {"row": 9, "col": 30, "elevation_m": 13.2, "low_elevation": false, "drain_deficiency": 0.75, "adjusted_score": 37.5}}, {"type": "Feature", "geometry": {"type": "Polygon", "coordinates": [[[174.8083292, -36.9597502], [174.8083292, -36.9588502], [174.8074292, -36.9588502], [174.8074292, -36.9597502], [174.8083292, -36.9597502]]]}, "properties": {"row": 9, "col": 31, "elevation_m": 13.6, "low_elevation": false, "drain_deficiency": 0.5, "adjusted_score": 25.0}}, {"type": "Feature", "geometry": {"type": "Polygon", "coordinates": [[[174.8092292, -36.9597502], [174.8092292, -36.9588502], [174.8083292, -36.9588502], [174.8083292, -36.9597502], [174.8092292, -36.9597502]]]}, "properties": {"row": 9, "col": 32, "elevation_m": 12.6, "low_elevation": false, "drain_deficiency": 0.625, "adjusted_score": 31.2}}, {"type": "Feature", "geometry": {"type": "Polygon", "coordinates": [[[174.8101292, -36.9597502], [174.8101292, -36.9588502], [174.8092292, -36.9588502], [174.8092292, -36.9597502], [174.8101292, -36.9597502]]]}, "properties": {"row": 9, "col": 33, "elevation_m": 11.9, "low_elevation": false, "drain_deficiency": 0.625, "adjusted_score": 31.2}}, {"type": "Feature", "geometry": {"type": "Polygon", "coordinates": [[[174.8110292, -36.9597502], [174.8110292, -36.9588502], [174.8101292, -36.9588502], [174.8101292, -36.9597502], [174.8110292, -36.9597502]]]}, "properties": {"row": 9, "col": 34, "elevation_m": 12.1, "low_elevation": false, "drain_deficiency": 0.5, "adjusted_score": 25.0}}, {"type": "Feature", "geometry": {"type": "Polygon", "coordinates": [[[174.8119292, -36.9597502], [174.8119292, -36.9588502], [174.8110292, -36.9588502], [174.8110292, -36.9597502], [174.8119292, -36.9597502]]]}, "properties": {"row": 9, "col": 35, "elevation_m": 13.4, "low_elevation": false, "drain_deficiency": 0.5, "adjusted_score": 25.0}}, {"type": "Feature", "geometry": {"type": "Polygon", "coordinates": [[[174.8128292, -36.9597502], [174.8128292, -36.9588502], [174.8119292, -36.9588502], [174.8119292, -36.9597502], [174.8128292, -36.9597502]]]}, "properties": {"row": 9, "col": 36, "elevation_m": 13.8, "low_elevation": false, "drain_deficiency": 0.134, "adjusted_score": 6.7}}, {"type": "Feature", "geometry": {"type": "Polygon", "coordinates": [[[174.8137292, -36.9597502], [174.8137292, -36.9588502], [174.8128292, -36.9588502], [174.8128292, -36.9597502], [174.8137292, -36.9597502]]]}, "properties": {"row": 9, "col": 37, "elevation_m": 11.6, "low_elevation": false, "drain_deficiency": 0.133, "adjusted_score": 6.6}}, {"type": "Feature", "geometry": {"type": "Polygon", "coordinates": [[[174.8146292, -36.9597502], [174.8146292, -36.9588502], [174.8137292, -36.9588502], [174.8137292, -36.9597502], [174.8146292, -36.9597502]]]}, "properties": {"row": 9, "col": 38, "elevation_m": 9.2, "low_elevation": false, "drain_deficiency": 0.061, "adjusted_score": 3.1}}, {"type": "Feature", "geometry": {"type": "Polygon", "coordinates": [[[174.81552920000001, -36.9597502], [174.81552920000001, -36.9588502], [174.8146292, -36.9588502], [174.8146292, -36.9597502], [174.81552920000001, -36.9597502]]]}, "properties": {"row": 9, "col": 39, "elevation_m": 8.3, "low_elevation": false, "drain_deficiency": 0.125, "adjusted_score": 6.2}}, {"type": "Feature", "geometry": {"type": "Polygon", "coordinates": [[[174.81642920000002, -36.9597502], [174.81642920000002, -36.9588502], [174.81552920000001, -36.9588502], [174.81552920000001, -36.9597502], [174.81642920000002, -36.9597502]]]}, "properties": {"row": 9, "col": 40, "elevation_m": 6.7, "low_elevation": false, "drain_deficiency": 0.161, "adjusted_score": 8.1}}, {"type": "Feature", "geometry": {"type": "Polygon", "coordinates": [[[174.81732920000002, -36.9597502], [174.81732920000002, -36.9588502], [174.81642920000002, -36.9588502], [174.81642920000002, -36.9597502], [174.81732920000002, -36.9597502]]]}, "properties": {"row": 9, "col": 41, "elevation_m": 6.4, "low_elevation": false, "drain_deficiency": 0.625, "adjusted_score": 31.2}}, {"type": "Feature", "geometry": {"type": "Polygon", "coordinates": [[[174.81822920000002, -36.9597502], [174.81822920000002, -36.9588502], [174.81732920000002, -36.9588502], [174.81732920000002, -36.9597502], [174.81822920000002, -36.9597502]]]}, "properties": {"row": 9, "col": 42, "elevation_m": 7.0, "low_elevation": false, "drain_deficiency": 0.802, "adjusted_score": 40.1}}, {"type": "Feature", "geometry": {"type": "Polygon", "coordinates": [[[174.81912920000002, -36.9597502], [174.81912920000002, -36.9588502], [174.81822920000002, -36.9588502], [174.81822920000002, -36.9597502], [174.81912920000002, -36.9597502]]]}, "properties": {"row": 9, "col": 43, "elevation_m": 7.7, "low_elevation": false, "drain_deficiency": 0.748, "adjusted_score": 37.4}}, {"type": "Feature", "geometry": {"type": "Polygon", "coordinates": [[[174.82002920000002, -36.9597502], [174.82002920000002, -36.9588502], [174.81912920000002, -36.9588502], [174.81912920000002, -36.9597502], [174.82002920000002, -36.9597502]]]}, "properties": {"row": 9, "col": 44, "elevation_m": 11.3, "low_elevation": false, "drain_deficiency": 1.0, "adjusted_score": 50.0}}, {"type": "Feature", "geometry": {"type": "Polygon", "coordinates": [[[174.78042920000001, -36.9606502], [174.78042920000001, -36.9597502], [174.7795292, -36.9597502], [174.7795292, -36.9606502], [174.78042920000001, -36.9606502]]]}, "properties": {"row": 10, "col": 0, "elevation_m": 7.3, "low_elevation": false, "drain_deficiency": 0.352, "adjusted_score": 17.6}}, {"type": "Feature", "geometry": {"type": "Polygon", "coordinates": [[[174.78132920000002, -36.9606502], [174.78132920000002, -36.9597502], [174.78042920000001, -36.9597502], [174.78042920000001, -36.9606502], [174.78132920000002, -36.9606502]]]}, "properties": {"row": 10, "col": 1, "elevation_m": 7.5, "low_elevation": false, "drain_deficiency": 0.866, "adjusted_score": 43.3}}, {"type": "Feature", "geometry": {"type": "Polygon", "coordinates": [[[174.78222920000002, -36.9606502], [174.78222920000002, -36.9597502], [174.78132920000002, -36.9597502], [174.78132920000002, -36.9606502], [174.78222920000002, -36.9606502]]]}, "properties": {"row": 10, "col": 2, "elevation_m": 7.8, "low_elevation": false, "drain_deficiency": 1.0, "adjusted_score": 50.0}}, {"type": "Feature", "geometry": {"type": "Polygon", "coordinates": [[[174.78312920000002, -36.9606502], [174.78312920000002, -36.9597502], [174.78222920000002, -36.9597502], [174.78222920000002, -36.9606502], [174.78312920000002, -36.9606502]]]}, "properties": {"row": 10, "col": 3, "elevation_m": 6.7, "low_elevation": false, "drain_deficiency": 1.0, "adjusted_score": 50.0}}, {"type": "Feature", "geometry": {"type": "Polygon", "coordinates": [[[174.78402920000002, -36.9606502], [174.78402920000002, -36.9597502], [174.78312920000002, -36.9597502], [174.78312920000002, -36.9606502], [174.78402920000002, -36.9606502]]]}, "properties": {"row": 10, "col": 4, "elevation_m": 8.6, "low_elevation": false, "drain_deficiency": 0.839, "adjusted_score": 41.9}}, {"type": "Feature", "geometry": {"type": "Polygon", "coordinates": [[[174.78492920000002, -36.9606502], [174.78492920000002, -36.9597502], [174.78402920000002, -36.9597502], [174.78402920000002, -36.9606502], [174.78492920000002, -36.9606502]]]}, "properties": {"row": 10, "col": 5, "elevation_m": 10.0, "low_elevation": false, "drain_deficiency": 0.507, "adjusted_score": 25.3}}, {"type": "Feature", "geometry": {"type": "Polygon", "coordinates": [[[174.78582920000002, -36.9606502], [174.78582920000002, -36.9597502], [174.78492920000002, -36.9597502], [174.78492920000002, -36.9606502], [174.78582920000002, -36.9606502]]]}, "properties": {"row": 10, "col": 6, "elevation_m": 9.0, "low_elevation": false, "drain_deficiency": 0.698, "adjusted_score": 34.9}}, {"type": "Feature", "geometry": {"type": "Polygon", "coordinates": [[[174.78672920000002, -36.9606502], [174.78672920000002, -36.9597502], [174.78582920000002, -36.9597502], [174.78582920000002, -36.9606502], [174.78672920000002, -36.9606502]]]}, "properties": {"row": 10, "col": 7, "elevation_m": 8.8, "low_elevation": false, "drain_deficiency": 1.0, "adjusted_score": 50.0}}, {"type": "Feature", "geometry": {"type": "Polygon", "coordinates": [[[174.78762920000003, -36.9606502], [174.78762920000003, -36.9597502], [174.78672920000002, -36.9597502], [174.78672920000002, -36.9606502], [174.78762920000003, -36.9606502]]]}, "properties": {"row": 10, "col": 8, "elevation_m": 8.8, "low_elevation": false, "drain_deficiency": 0.915, "adjusted_score": 45.8}}, {"type": "Feature", "geometry": {"type": "Polygon", "coordinates": [[[174.78852920000003, -36.9606502], [174.78852920000003, -36.9597502], [174.78762920000003, -36.9597502], [174.78762920000003, -36.9606502], [174.78852920000003, -36.9606502]]]}, "properties": {"row": 10, "col": 9, "elevation_m": 8.6, "low_elevation": false, "drain_deficiency": 0.5, "adjusted_score": 25.0}}, {"type": "Feature", "geometry": {"type": "Polygon", "coordinates": [[[174.7894292, -36.9606502], [174.7894292, -36.9597502], [174.7885292, -36.9597502], [174.7885292, -36.9606502], [174.7894292, -36.9606502]]]}, "properties": {"row": 10, "col": 10, "elevation_m": 9.5, "low_elevation": false, "drain_deficiency": 0.5, "adjusted_score": 25.0}}, {"type": "Feature", "geometry": {"type": "Polygon", "coordinates": [[[174.7903292, -36.9606502], [174.7903292, -36.9597502], [174.7894292, -36.9597502], [174.7894292, -36.9606502], [174.7903292, -36.9606502]]]}, "properties": {"row": 10, "col": 11, "elevation_m": 8.8, "low_elevation": false, "drain_deficiency": 0.75, "adjusted_score": 37.5}}, {"type": "Feature", "geometry": {"type": "Polygon", "coordinates": [[[174.7912292, -36.9606502], [174.7912292, -36.9597502], [174.7903292, -36.9597502], [174.7903292, -36.9606502], [174.7912292, -36.9606502]]]}, "properties": {"row": 10, "col": 12, "elevation_m": 8.8, "low_elevation": false, "drain_deficiency": 0.75, "adjusted_score": 37.5}}, {"type": "Feature", "geometry": {"type": "Polygon", "coordinates": [[[174.7921292, -36.9606502], [174.7921292, -36.9597502], [174.7912292, -36.9597502], [174.7912292, -36.9606502], [174.7921292, -36.9606502]]]}, "properties": {"row": 10, "col": 13, "elevation_m": 7.7, "low_elevation": false, "drain_deficiency": 0.75, "adjusted_score": 37.5}}, {"type": "Feature", "geometry": {"type": "Polygon", "coordinates": [[[174.7930292, -36.9606502], [174.7930292, -36.9597502], [174.7921292, -36.9597502], [174.7921292, -36.9606502], [174.7930292, -36.9606502]]]}, "properties": {"row": 10, "col": 14, "elevation_m": 6.7, "low_elevation": false, "drain_deficiency": 0.75, "adjusted_score": 37.5}}, {"type": "Feature", "geometry": {"type": "Polygon", "coordinates": [[[174.7939292, -36.9606502], [174.7939292, -36.9597502], [174.7930292, -36.9597502], [174.7930292, -36.9606502], [174.7939292, -36.9606502]]]}, "properties": {"row": 10, "col": 15, "elevation_m": 5.9, "low_elevation": false, "drain_deficiency": 0.608, "adjusted_score": 30.4}}, {"type": "Feature", "geometry": {"type": "Polygon", "coordinates": [[[174.7948292, -36.9606502], [174.7948292, -36.9597502], [174.7939292, -36.9597502], [174.7939292, -36.9606502], [174.7948292, -36.9606502]]]}, "properties": {"row": 10, "col": 16, "elevation_m": 5.4, "low_elevation": false, "drain_deficiency": 0.226, "adjusted_score": 11.3}}, {"type": "Feature", "geometry": {"type": "Polygon", "coordinates": [[[174.7957292, -36.9606502], [174.7957292, -36.9597502], [174.7948292, -36.9597502], [174.7948292, -36.9606502], [174.7957292, -36.9606502]]]}, "properties": {"row": 10, "col": 17, "elevation_m": 5.6, "low_elevation": false, "drain_deficiency": 0.75, "adjusted_score": 37.5}}, {"type": "Feature", "geometry": {"type": "Polygon", "coordinates": [[[174.7966292, -36.9606502], [174.7966292, -36.9597502], [174.7957292, -36.9597502], [174.7957292, -36.9606502], [174.7966292, -36.9606502]]]}, "properties": {"row": 10, "col": 18, "elevation_m": 5.6, "low_elevation": false, "drain_deficiency": 0.5, "adjusted_score": 25.0}}, {"type": "Feature", "geometry": {"type": "Polygon", "coordinates": [[[174.7975292, -36.9606502], [174.7975292, -36.9597502], [174.7966292, -36.9597502], [174.7966292, -36.9606502], [174.7975292, -36.9606502]]]}, "properties": {"row": 10, "col": 19, "elevation_m": 5.6, "low_elevation": false, "drain_deficiency": 0.341, "adjusted_score": 17.0}}, {"type": "Feature", "geometry": {"type": "Polygon", "coordinates": [[[174.79842920000002, -36.9606502], [174.79842920000002, -36.9597502], [174.7975292, -36.9597502], [174.7975292, -36.9606502], [174.79842920000002, -36.9606502]]]}, "properties": {"row": 10, "col": 20, "elevation_m": 8.5, "low_elevation": false, "drain_deficiency": 0.5, "adjusted_score": 25.0}}, {"type": "Feature", "geometry": {"type": "Polygon", "coordinates": [[[174.79932920000002, -36.9606502], [174.79932920000002, -36.9597502], [174.79842920000002, -36.9597502], [174.79842920000002, -36.9606502], [174.79932920000002, -36.9606502]]]}, "properties": {"row": 10, "col": 21, "elevation_m": 10.2, "low_elevation": false, "drain_deficiency": 0.625, "adjusted_score": 31.2}}, {"type": "Feature", "geometry": {"type": "Polygon", "coordinates": [[[174.80022920000002, -36.9606502], [174.80022920000002, -36.9597502], [174.79932920000002, -36.9597502], [174.79932920000002, -36.9606502], [174.80022920000002, -36.9606502]]]}, "properties": {"row": 10, "col": 22, "elevation_m": 8.7, "low_elevation": false, "drain_deficiency": 0.5, "adjusted_score": 25.0}}, {"type": "Feature", "geometry": {"type": "Polygon", "coordinates": [[[174.80112920000002, -36.9606502], [174.80112920000002, -36.9597502], [174.80022920000002, -36.9597502], [174.80022920000002, -36.9606502], [174.80112920000002, -36.9606502]]]}, "properties": {"row": 10, "col": 23, "elevation_m": 8.2, "low_elevation": false, "drain_deficiency": 0.25, "adjusted_score": 12.5}}, {"type": "Feature", "geometry": {"type": "Polygon", "coordinates": [[[174.80202920000002, -36.9606502], [174.80202920000002, -36.9597502], [174.80112920000002, -36.9597502], [174.80112920000002, -36.9606502], [174.80202920000002, -36.9606502]]]}, "properties": {"row": 10, "col": 24, "elevation_m": 8.8, "low_elevation": false, "drain_deficiency": 0.5, "adjusted_score": 25.0}}, {"type": "Feature", "geometry": {"type": "Polygon", "coordinates": [[[174.80292920000002, -36.9606502], [174.80292920000002, -36.9597502], [174.80202920000002, -36.9597502], [174.80202920000002, -36.9606502], [174.80292920000002, -36.9606502]]]}, "properties": {"row": 10, "col": 25, "elevation_m": 9.0, "low_elevation": false, "drain_deficiency": 0.75, "adjusted_score": 37.5}}, {"type": "Feature", "geometry": {"type": "Polygon", "coordinates": [[[174.80382920000002, -36.9606502], [174.80382920000002, -36.9597502], [174.80292920000002, -36.9597502], [174.80292920000002, -36.9606502], [174.80382920000002, -36.9606502]]]}, "properties": {"row": 10, "col": 26, "elevation_m": 10.3, "low_elevation": false, "drain_deficiency": 0.75, "adjusted_score": 37.5}}, {"type": "Feature", "geometry": {"type": "Polygon", "coordinates": [[[174.80472920000003, -36.9606502], [174.80472920000003, -36.9597502], [174.80382920000002, -36.9597502], [174.80382920000002, -36.9606502], [174.80472920000003, -36.9606502]]]}, "properties": {"row": 10, "col": 27, "elevation_m": 11.7, "low_elevation": false, "drain_deficiency": 0.418, "adjusted_score": 20.9}}, {"type": "Feature", "geometry": {"type": "Polygon", "coordinates": [[[174.80562920000003, -36.9606502], [174.80562920000003, -36.9597502], [174.80472920000003, -36.9597502], [174.80472920000003, -36.9606502], [174.80562920000003, -36.9606502]]]}, "properties": {"row": 10, "col": 28, "elevation_m": 12.5, "low_elevation": false, "drain_deficiency": 0.617, "adjusted_score": 30.8}}, {"type": "Feature", "geometry": {"type": "Polygon", "coordinates": [[[174.80652920000003, -36.9606502], [174.80652920000003, -36.9597502], [174.80562920000003, -36.9597502], [174.80562920000003, -36.9606502], [174.80652920000003, -36.9606502]]]}, "properties": {"row": 10, "col": 29, "elevation_m": 13.5, "low_elevation": false, "drain_deficiency": 0.75, "adjusted_score": 37.5}}, {"type": "Feature", "geometry": {"type": "Polygon", "coordinates": [[[174.8074292, -36.9606502], [174.8074292, -36.9597502], [174.8065292, -36.9597502], [174.8065292, -36.9606502], [174.8074292, -36.9606502]]]}, "properties": {"row": 10, "col": 30, "elevation_m": 14.7, "low_elevation": false, "drain_deficiency": 0.75, "adjusted_score": 37.5}}, {"type": "Feature", "geometry": {"type": "Polygon", "coordinates": [[[174.8083292, -36.9606502], [174.8083292, -36.9597502], [174.8074292, -36.9597502], [174.8074292, -36.9606502], [174.8083292, -36.9606502]]]}, "properties": {"row": 10, "col": 31, "elevation_m": 15.4, "low_elevation": false, "drain_deficiency": 0.625, "adjusted_score": 31.2}}, {"type": "Feature", "geometry": {"type": "Polygon", "coordinates": [[[174.8092292, -36.9606502], [174.8092292, -36.9597502], [174.8083292, -36.9597502], [174.8083292, -36.9606502], [174.8092292, -36.9606502]]]}, "properties": {"row": 10, "col": 32, "elevation_m": 13.9, "low_elevation": false, "drain_deficiency": 0.625, "adjusted_score": 31.2}}, {"type": "Feature", "geometry": {"type": "Polygon", "coordinates": [[[174.8101292, -36.9606502], [174.8101292, -36.9597502], [174.8092292, -36.9597502], [174.8092292, -36.9606502], [174.8101292, -36.9606502]]]}, "properties": {"row": 10, "col": 33, "elevation_m": 13.7, "low_elevation": false, "drain_deficiency": 0.625, "adjusted_score": 31.2}}, {"type": "Feature", "geometry": {"type": "Polygon", "coordinates": [[[174.8110292, -36.9606502], [174.8110292, -36.9597502], [174.8101292, -36.9597502], [174.8101292, -36.9606502], [174.8110292, -36.9606502]]]}, "properties": {"row": 10, "col": 34, "elevation_m": 13.8, "low_elevation": false, "drain_deficiency": 0.833, "adjusted_score": 41.7}}, {"type": "Feature", "geometry": {"type": "Polygon", "coordinates": [[[174.8119292, -36.9606502], [174.8119292, -36.9597502], [174.8110292, -36.9597502], [174.8110292, -36.9606502], [174.8119292, -36.9606502]]]}, "properties": {"row": 10, "col": 35, "elevation_m": 13.2, "low_elevation": false, "drain_deficiency": 0.75, "adjusted_score": 37.5}}, {"type": "Feature", "geometry": {"type": "Polygon", "coordinates": [[[174.8128292, -36.9606502], [174.8128292, -36.9597502], [174.8119292, -36.9597502], [174.8119292, -36.9606502], [174.8128292, -36.9606502]]]}, "properties": {"row": 10, "col": 36, "elevation_m": 12.5, "low_elevation": false, "drain_deficiency": 0.75, "adjusted_score": 37.5}}, {"type": "Feature", "geometry": {"type": "Polygon", "coordinates": [[[174.8137292, -36.9606502], [174.8137292, -36.9597502], [174.8128292, -36.9597502], [174.8128292, -36.9606502], [174.8137292, -36.9606502]]]}, "properties": {"row": 10, "col": 37, "elevation_m": 10.2, "low_elevation": false, "drain_deficiency": 0.625, "adjusted_score": 31.2}}, {"type": "Feature", "geometry": {"type": "Polygon", "coordinates": [[[174.8146292, -36.9606502], [174.8146292, -36.9597502], [174.8137292, -36.9597502], [174.8137292, -36.9606502], [174.8146292, -36.9606502]]]}, "properties": {"row": 10, "col": 38, "elevation_m": 6.9, "low_elevation": false, "drain_deficiency": 0.25, "adjusted_score": 12.5}}, {"type": "Feature", "geometry": {"type": "Polygon", "coordinates": [[[174.81552920000001, -36.9606502], [174.81552920000001, -36.9597502], [174.8146292, -36.9597502], [174.8146292, -36.9606502], [174.81552920000001, -36.9606502]]]}, "properties": {"row": 10, "col": 39, "elevation_m": 6.6, "low_elevation": false, "drain_deficiency": 0.356, "adjusted_score": 17.8}}, {"type": "Feature", "geometry": {"type": "Polygon", "coordinates": [[[174.81642920000002, -36.9606502], [174.81642920000002, -36.9597502], [174.81552920000001, -36.9597502], [174.81552920000001, -36.9606502], [174.81642920000002, -36.9606502]]]}, "properties": {"row": 10, "col": 40, "elevation_m": 6.9, "low_elevation": false, "drain_deficiency": 0.056, "adjusted_score": 2.8}}, {"type": "Feature", "geometry": {"type": "Polygon", "coordinates": [[[174.81732920000002, -36.9606502], [174.81732920000002, -36.9597502], [174.81642920000002, -36.9597502], [174.81642920000002, -36.9606502], [174.81732920000002, -36.9606502]]]}, "properties": {"row": 10, "col": 41, "elevation_m": 8.8, "low_elevation": false, "drain_deficiency": 0.75, "adjusted_score": 37.5}}, {"type": "Feature", "geometry": {"type": "Polygon", "coordinates": [[[174.81822920000002, -36.9606502], [174.81822920000002, -36.9597502], [174.81732920000002, -36.9597502], [174.81732920000002, -36.9606502], [174.81822920000002, -36.9606502]]]}, "properties": {"row": 10, "col": 42, "elevation_m": 9.1, "low_elevation": false, "drain_deficiency": 0.5, "adjusted_score": 25.0}}, {"type": "Feature", "geometry": {"type": "Polygon", "coordinates": [[[174.81912920000002, -36.9606502], [174.81912920000002, -36.9597502], [174.81822920000002, -36.9597502], [174.81822920000002, -36.9606502], [174.81912920000002, -36.9606502]]]}, "properties": {"row": 10, "col": 43, "elevation_m": 8.3, "low_elevation": false, "drain_deficiency": 0.5, "adjusted_score": 25.0}}, {"type": "Feature", "geometry": {"type": "Polygon", "coordinates": [[[174.82002920000002, -36.9606502], [174.82002920000002, -36.9597502], [174.81912920000002, -36.9597502], [174.81912920000002, -36.9606502], [174.82002920000002, -36.9606502]]]}, "properties": {"row": 10, "col": 44, "elevation_m": 9.2, "low_elevation": false, "drain_deficiency": 0.783, "adjusted_score": 39.2}}, {"type": "Feature", "geometry": {"type": "Polygon", "coordinates": [[[174.78042920000001, -36.961550200000005], [174.78042920000001, -36.9606502], [174.7795292, -36.9606502], [174.7795292, -36.961550200000005], [174.78042920000001, -36.961550200000005]]]}, "properties": {"row": 11, "col": 0, "elevation_m": 7.8, "low_elevation": false, "drain_deficiency": 0.37, "adjusted_score": 18.5}}, {"type": "Feature", "geometry": {"type": "Polygon", "coordinates": [[[174.78132920000002, -36.961550200000005], [174.78132920000002, -36.9606502], [174.78042920000001, -36.9606502], [174.78042920000001, -36.961550200000005], [174.78132920000002, -36.961550200000005]]]}, "properties": {"row": 11, "col": 1, "elevation_m": 5.8, "low_elevation": false, "drain_deficiency": 0.874, "adjusted_score": 43.7}}, {"type": "Feature", "geometry": {"type": "Polygon", "coordinates": [[[174.78222920000002, -36.961550200000005], [174.78222920000002, -36.9606502], [174.78132920000002, -36.9606502], [174.78132920000002, -36.961550200000005], [174.78222920000002, -36.961550200000005]]]}, "properties": {"row": 11, "col": 2, "elevation_m": 7.5, "low_elevation": false, "drain_deficiency": 1.0, "adjusted_score": 50.0}}, {"type": "Feature", "geometry": {"type": "Polygon", "coordinates": [[[174.78312920000002, -36.961550200000005], [174.78312920000002, -36.9606502], [174.78222920000002, -36.9606502], [174.78222920000002, -36.961550200000005], [174.78312920000002, -36.961550200000005]]]}, "properties": {"row": 11, "col": 3, "elevation_m": 6.2, "low_elevation": false, "drain_deficiency": 0.688, "adjusted_score": 34.4}}, {"type": "Feature", "geometry": {"type": "Polygon", "coordinates": [[[174.78402920000002, -36.961550200000005], [174.78402920000002, -36.9606502], [174.78312920000002, -36.9606502], [174.78312920000002, -36.961550200000005], [174.78402920000002, -36.961550200000005]]]}, "properties": {"row": 11, "col": 4, "elevation_m": 6.2, "low_elevation": false, "drain_deficiency": 0.576, "adjusted_score": 28.8}}, {"type": "Feature", "geometry": {"type": "Polygon", "coordinates": [[[174.78492920000002, -36.961550200000005], [174.78492920000002, -36.9606502], [174.78402920000002, -36.9606502], [174.78402920000002, -36.961550200000005], [174.78492920000002, -36.961550200000005]]]}, "properties": {"row": 11, "col": 5, "elevation_m": 9.1, "low_elevation": false, "drain_deficiency": 0.25, "adjusted_score": 12.5}}, {"type": "Feature", "geometry": {"type": "Polygon", "coordinates": [[[174.78582920000002, -36.961550200000005], [174.78582920000002, -36.9606502], [174.78492920000002, -36.9606502], [174.78492920000002, -36.961550200000005], [174.78582920000002, -36.961550200000005]]]}, "properties": {"row": 11, "col": 6, "elevation_m": 9.2, "low_elevation": false, "drain_deficiency": 0.448, "adjusted_score": 22.4}}, {"type": "Feature", "geometry": {"type": "Polygon", "coordinates": [[[174.78672920000002, -36.961550200000005], [174.78672920000002, -36.9606502], [174.78582920000002, -36.9606502], [174.78582920000002, -36.961550200000005], [174.78672920000002, -36.961550200000005]]]}, "properties": {"row": 11, "col": 7, "elevation_m": 9.1, "low_elevation": false, "drain_deficiency": 1.0, "adjusted_score": 50.0}}, {"type": "Feature", "geometry": {"type": "Polygon", "coordinates": [[[174.78762920000003, -36.961550200000005], [174.78762920000003, -36.9606502], [174.78672920000002, -36.9606502], [174.78672920000002, -36.961550200000005], [174.78762920000003, -36.961550200000005]]]}, "properties": {"row": 11, "col": 8, "elevation_m": 9.1, "low_elevation": false, "drain_deficiency": 0.761, "adjusted_score": 38.0}}, {"type": "Feature", "geometry": {"type": "Polygon", "coordinates": [[[174.78852920000003, -36.961550200000005], [174.78852920000003, -36.9606502], [174.78762920000003, -36.9606502], [174.78762920000003, -36.961550200000005], [174.78852920000003, -36.961550200000005]]]}, "properties": {"row": 11, "col": 9, "elevation_m": 9.1, "low_elevation": false, "drain_deficiency": 0.625, "adjusted_score": 31.2}}, {"type": "Feature", "geometry": {"type": "Polygon", "coordinates": [[[174.7894292, -36.961550200000005], [174.7894292, -36.9606502], [174.7885292, -36.9606502], [174.7885292, -36.961550200000005], [174.7894292, -36.961550200000005]]]}, "properties": {"row": 11, "col": 10, "elevation_m": 9.6, "low_elevation": false, "drain_deficiency": 0.5, "adjusted_score": 25.0}}, {"type": "Feature", "geometry": {"type": "Polygon", "coordinates": [[[174.7903292, -36.961550200000005], [174.7903292, -36.9606502], [174.7894292, -36.9606502], [174.7894292, -36.961550200000005], [174.7903292, -36.961550200000005]]]}, "properties": {"row": 11, "col": 11, "elevation_m": 8.5, "low_elevation": false, "drain_deficiency": 0.818, "adjusted_score": 40.9}}, {"type": "Feature", "geometry": {"type": "Polygon", "coordinates": [[[174.7912292, -36.961550200000005], [174.7912292, -36.9606502], [174.7903292, -36.9606502], [174.7903292, -36.961550200000005], [174.7912292, -36.961550200000005]]]}, "properties": {"row": 11, "col": 12, "elevation_m": 8.1, "low_elevation": false, "drain_deficiency": 0.905, "adjusted_score": 45.3}}, {"type": "Feature", "geometry": {"type": "Polygon", "coordinates": [[[174.7921292, -36.961550200000005], [174.7921292, -36.9606502], [174.7912292, -36.9606502], [174.7912292, -36.961550200000005], [174.7921292, -36.961550200000005]]]}, "properties": {"row": 11, "col": 13, "elevation_m": 6.9, "low_elevation": false, "drain_deficiency": 0.75, "adjusted_score": 37.5}}, {"type": "Feature", "geometry": {"type": "Polygon", "coordinates": [[[174.7930292, -36.961550200000005], [174.7930292, -36.9606502], [174.7921292, -36.9606502], [174.7921292, -36.961550200000005], [174.7930292, -36.961550200000005]]]}, "properties": {"row": 11, "col": 14, "elevation_m": 6.2, "low_elevation": false, "drain_deficiency": 0.4, "adjusted_score": 20.0}}, {"type": "Feature", "geometry": {"type": "Polygon", "coordinates": [[[174.7939292, -36.961550200000005], [174.7939292, -36.9606502], [174.7930292, -36.9606502], [174.7930292, -36.961550200000005], [174.7939292, -36.961550200000005]]]}, "properties": {"row": 11, "col": 15, "elevation_m": 6.9, "low_elevation": false, "drain_deficiency": 0.221, "adjusted_score": 11.1}}, {"type": "Feature", "geometry": {"type": "Polygon", "coordinates": [[[174.7948292, -36.961550200000005], [174.7948292, -36.9606502], [174.7939292, -36.9606502], [174.7939292, -36.961550200000005], [174.7948292, -36.961550200000005]]]}, "properties": {"row": 11, "col": 16, "elevation_m": 5.8, "low_elevation": false, "drain_deficiency": 0.625, "adjusted_score": 31.2}}, {"type": "Feature", "geometry": {"type": "Polygon", "coordinates": [[[174.7957292, -36.961550200000005], [174.7957292, -36.9606502], [174.7948292, -36.9606502], [174.7948292, -36.961550200000005], [174.7957292, -36.961550200000005]]]}, "properties": {"row": 11, "col": 17, "elevation_m": 5.8, "low_elevation": false, "drain_deficiency": 0.75, "adjusted_score": 37.5}}, {"type": "Feature", "geometry": {"type": "Polygon", "coordinates": [[[174.7966292, -36.961550200000005], [174.7966292, -36.9606502], [174.7957292, -36.9606502], [174.7957292, -36.961550200000005], [174.7966292, -36.961550200000005]]]}, "properties": {"row": 11, "col": 18, "elevation_m": 5.7, "low_elevation": false, "drain_deficiency": 0.75, "adjusted_score": 37.5}}, {"type": "Feature", "geometry": {"type": "Polygon", "coordinates": [[[174.7975292, -36.961550200000005], [174.7975292, -36.9606502], [174.7966292, -36.9606502], [174.7966292, -36.961550200000005], [174.7975292, -36.961550200000005]]]}, "properties": {"row": 11, "col": 19, "elevation_m": 5.5, "low_elevation": false, "drain_deficiency": 0.5, "adjusted_score": 25.0}}, {"type": "Feature", "geometry": {"type": "Polygon", "coordinates": [[[174.79842920000002, -36.961550200000005], [174.79842920000002, -36.9606502], [174.7975292, -36.9606502], [174.7975292, -36.961550200000005], [174.79842920000002, -36.961550200000005]]]}, "properties": {"row": 11, "col": 20, "elevation_m": 6.1, "low_elevation": false, "drain_deficiency": 0.5, "adjusted_score": 25.0}}, {"type": "Feature", "geometry": {"type": "Polygon", "coordinates": [[[174.79932920000002, -36.961550200000005], [174.79932920000002, -36.9606502], [174.79842920000002, -36.9606502], [174.79842920000002, -36.961550200000005], [174.79932920000002, -36.961550200000005]]]}, "properties": {"row": 11, "col": 21, "elevation_m": 8.7, "low_elevation": false, "drain_deficiency": 0.635, "adjusted_score": 31.8}}, {"type": "Feature", "geometry": {"type": "Polygon", "coordinates": [[[174.80022920000002, -36.961550200000005], [174.80022920000002, -36.9606502], [174.79932920000002, -36.9606502], [174.79932920000002, -36.961550200000005], [174.80022920000002, -36.961550200000005]]]}, "properties": {"row": 11, "col": 22, "elevation_m": 8.1, "low_elevation": false, "drain_deficiency": 0.019, "adjusted_score": 1.0}}, {"type": "Feature", "geometry": {"type": "Polygon", "coordinates": [[[174.80112920000002, -36.961550200000005], [174.80112920000002, -36.9606502], [174.80022920000002, -36.9606502], [174.80022920000002, -36.961550200000005], [174.80112920000002, -36.961550200000005]]]}, "properties": {"row": 11, "col": 23, "elevation_m": 6.9, "low_elevation": false, "drain_deficiency": 0.123, "adjusted_score": 6.2}}, {"type": "Feature", "geometry": {"type": "Polygon", "coordinates": [[[174.80202920000002, -36.961550200000005], [174.80202920000002, -36.9606502], [174.80112920000002, -36.9606502], [174.80112920000002, -36.961550200000005], [174.80202920000002, -36.961550200000005]]]}, "properties": {"row": 11, "col": 24, "elevation_m": 7.8, "low_elevation": false, "drain_deficiency": 0.5, "adjusted_score": 25.0}}, {"type": "Feature", "geometry": {"type": "Polygon", "coordinates": [[[174.80292920000002, -36.961550200000005], [174.80292920000002, -36.9606502], [174.80202920000002, -36.9606502], [174.80202920000002, -36.961550200000005], [174.80292920000002, -36.961550200000005]]]}, "properties": {"row": 11, "col": 25, "elevation_m": 9.1, "low_elevation": false, "drain_deficiency": 0.125, "adjusted_score": 6.2}}, {"type": "Feature", "geometry": {"type": "Polygon", "coordinates": [[[174.80382920000002, -36.961550200000005], [174.80382920000002, -36.9606502], [174.80292920000002, -36.9606502], [174.80292920000002, -36.961550200000005], [174.80382920000002, -36.961550200000005]]]}, "properties": {"row": 11, "col": 26, "elevation_m": 10.4, "low_elevation": false, "drain_deficiency": 0.57, "adjusted_score": 28.5}}, {"type": "Feature", "geometry": {"type": "Polygon", "coordinates": [[[174.80472920000003, -36.961550200000005], [174.80472920000003, -36.9606502], [174.80382920000002, -36.9606502], [174.80382920000002, -36.961550200000005], [174.80472920000003, -36.961550200000005]]]}, "properties": {"row": 11, "col": 27, "elevation_m": 11.0, "low_elevation": false, "drain_deficiency": 0.375, "adjusted_score": 18.8}}, {"type": "Feature", "geometry": {"type": "Polygon", "coordinates": [[[174.80562920000003, -36.961550200000005], [174.80562920000003, -36.9606502], [174.80472920000003, -36.9606502], [174.80472920000003, -36.961550200000005], [174.80562920000003, -36.961550200000005]]]}, "properties": {"row": 11, "col": 28, "elevation_m": 12.2, "low_elevation": false, "drain_deficiency": 0.375, "adjusted_score": 18.8}}, {"type": "Feature", "geometry": {"type": "Polygon", "coordinates": [[[174.80652920000003, -36.961550200000005], [174.80652920000003, -36.9606502], [174.80562920000003, -36.9606502], [174.80562920000003, -36.961550200000005], [174.80652920000003, -36.961550200000005]]]}, "properties": {"row": 11, "col": 29, "elevation_m": 15.2, "low_elevation": false, "drain_deficiency": 0.625, "adjusted_score": 31.2}}, {"type": "Feature", "geometry": {"type": "Polygon", "coordinates": [[[174.8074292, -36.961550200000005], [174.8074292, -36.9606502], [174.8065292, -36.9606502], [174.8065292, -36.961550200000005], [174.8074292, -36.961550200000005]]]}, "properties": {"row": 11, "col": 30, "elevation_m": 18.0, "low_elevation": false, "drain_deficiency": 0.625, "adjusted_score": 31.2}}, {"type": "Feature", "geometry": {"type": "Polygon", "coordinates": [[[174.8083292, -36.961550200000005], [174.8083292, -36.9606502], [174.8074292, -36.9606502], [174.8074292, -36.961550200000005], [174.8083292, -36.961550200000005]]]}, "properties": {"row": 11, "col": 31, "elevation_m": 18.6, "low_elevation": false, "drain_deficiency": 0.5, "adjusted_score": 25.0}}, {"type": "Feature", "geometry": {"type": "Polygon", "coordinates": [[[174.8092292, -36.961550200000005], [174.8092292, -36.9606502], [174.8083292, -36.9606502], [174.8083292, -36.961550200000005], [174.8092292, -36.961550200000005]]]}, "properties": {"row": 11, "col": 32, "elevation_m": 16.5, "low_elevation": false, "drain_deficiency": 0.5, "adjusted_score": 25.0}}, {"type": "Feature", "geometry": {"type": "Polygon", "coordinates": [[[174.8101292, -36.961550200000005], [174.8101292, -36.9606502], [174.8092292, -36.9606502], [174.8092292, -36.961550200000005], [174.8101292, -36.961550200000005]]]}, "properties": {"row": 11, "col": 33, "elevation_m": 15.5, "low_elevation": false, "drain_deficiency": 0.218, "adjusted_score": 10.9}}, {"type": "Feature", "geometry": {"type": "Polygon", "coordinates": [[[174.8110292, -36.961550200000005], [174.8110292, -36.9606502], [174.8101292, -36.9606502], [174.8101292, -36.961550200000005], [174.8110292, -36.961550200000005]]]}, "properties": {"row": 11, "col": 34, "elevation_m": 14.8, "low_elevation": false, "drain_deficiency": 0.253, "adjusted_score": 12.7}}, {"type": "Feature", "geometry": {"type": "Polygon", "coordinates": [[[174.8119292, -36.961550200000005], [174.8119292, -36.9606502], [174.8110292, -36.9606502], [174.8110292, -36.961550200000005], [174.8119292, -36.961550200000005]]]}, "properties": {"row": 11, "col": 35, "elevation_m": 12.6, "low_elevation": false, "drain_deficiency": 0.195, "adjusted_score": 9.7}}, {"type": "Feature", "geometry": {"type": "Polygon", "coordinates": [[[174.8128292, -36.961550200000005], [174.8128292, -36.9606502], [174.8119292, -36.9606502], [174.8119292, -36.961550200000005], [174.8128292, -36.961550200000005]]]}, "properties": {"row": 11, "col": 36, "elevation_m": 10.1, "low_elevation": false, "drain_deficiency": 0.383, "adjusted_score": 19.1}}, {"type": "Feature", "geometry": {"type": "Polygon", "coordinates": [[[174.8137292, -36.961550200000005], [174.8137292, -36.9606502], [174.8128292, -36.9606502], [174.8128292, -36.961550200000005], [174.8137292, -36.961550200000005]]]}, "properties": {"row": 11, "col": 37, "elevation_m": 7.9, "low_elevation": false, "drain_deficiency": 0.353, "adjusted_score": 17.6}}, {"type": "Feature", "geometry": {"type": "Polygon", "coordinates": [[[174.8146292, -36.961550200000005], [174.8146292, -36.9606502], [174.8137292, -36.9606502], [174.8137292, -36.961550200000005], [174.8146292, -36.961550200000005]]]}, "properties": {"row": 11, "col": 38, "elevation_m": 6.9, "low_elevation": false, "drain_deficiency": 0.187, "adjusted_score": 9.4}}, {"type": "Feature", "geometry": {"type": "Polygon", "coordinates": [[[174.81552920000001, -36.961550200000005], [174.81552920000001, -36.9606502], [174.8146292, -36.9606502], [174.8146292, -36.961550200000005], [174.81552920000001, -36.961550200000005]]]}, "properties": {"row": 11, "col": 39, "elevation_m": 7.7, "low_elevation": false, "drain_deficiency": 0.51, "adjusted_score": 25.5}}, {"type": "Feature", "geometry": {"type": "Polygon", "coordinates": [[[174.81642920000002, -36.961550200000005], [174.81642920000002, -36.9606502], [174.81552920000001, -36.9606502], [174.81552920000001, -36.961550200000005], [174.81642920000002, -36.961550200000005]]]}, "properties": {"row": 11, "col": 40, "elevation_m": 8.2, "low_elevation": false, "drain_deficiency": 0.576, "adjusted_score": 28.8}}, {"type": "Feature", "geometry": {"type": "Polygon", "coordinates": [[[174.81732920000002, -36.961550200000005], [174.81732920000002, -36.9606502], [174.81642920000002, -36.9606502], [174.81642920000002, -36.961550200000005], [174.81732920000002, -36.961550200000005]]]}, "properties": {"row": 11, "col": 41, "elevation_m": 8.9, "low_elevation": false, "drain_deficiency": 0.625, "adjusted_score": 31.2}}, {"type": "Feature", "geometry": {"type": "Polygon", "coordinates": [[[174.81822920000002, -36.961550200000005], [174.81822920000002, -36.9606502], [174.81732920000002, -36.9606502], [174.81732920000002, -36.961550200000005], [174.81822920000002, -36.961550200000005]]]}, "properties": {"row": 11, "col": 42, "elevation_m": 9.7, "low_elevation": false, "drain_deficiency": 0.75, "adjusted_score": 37.5}}, {"type": "Feature", "geometry": {"type": "Polygon", "coordinates": [[[174.81912920000002, -36.961550200000005], [174.81912920000002, -36.9606502], [174.81822920000002, -36.9606502], [174.81822920000002, -36.961550200000005], [174.81912920000002, -36.961550200000005]]]}, "properties": {"row": 11, "col": 43, "elevation_m": 8.8, "low_elevation": false, "drain_deficiency": 0.375, "adjusted_score": 18.8}}, {"type": "Feature", "geometry": {"type": "Polygon", "coordinates": [[[174.82002920000002, -36.961550200000005], [174.82002920000002, -36.9606502], [174.81912920000002, -36.9606502], [174.81912920000002, -36.961550200000005], [174.82002920000002, -36.961550200000005]]]}, "properties": {"row": 11, "col": 44, "elevation_m": 8.8, "low_elevation": false, "drain_deficiency": 0.516, "adjusted_score": 25.8}}, {"type": "Feature", "geometry": {"type": "Polygon", "coordinates": [[[174.78042920000001, -36.962450200000006], [174.78042920000001, -36.961550200000005], [174.7795292, -36.961550200000005], [174.7795292, -36.962450200000006], [174.78042920000001, -36.962450200000006]]]}, "properties": {"row": 12, "col": 0, "elevation_m": 9.6, "low_elevation": false, "drain_deficiency": 0.964, "adjusted_score": 48.2}}, {"type": "Feature", "geometry": {"type": "Polygon", "coordinates": [[[174.78132920000002, -36.962450200000006], [174.78132920000002, -36.961550200000005], [174.78042920000001, -36.961550200000005], [174.78042920000001, -36.962450200000006], [174.78132920000002, -36.962450200000006]]]}, "properties": {"row": 12, "col": 1, "elevation_m": 6.6, "low_elevation": false, "drain_deficiency": 1.0, "adjusted_score": 50.0}}, {"type": "Feature", "geometry": {"type": "Polygon", "coordinates": [[[174.78222920000002, -36.962450200000006], [174.78222920000002, -36.961550200000005], [174.78132920000002, -36.961550200000005], [174.78132920000002, -36.962450200000006], [174.78222920000002, -36.962450200000006]]]}, "properties": {"row": 12, "col": 2, "elevation_m": 7.4, "low_elevation": false, "drain_deficiency": 1.0, "adjusted_score": 50.0}}, {"type": "Feature", "geometry": {"type": "Polygon", "coordinates": [[[174.78312920000002, -36.962450200000006], [174.78312920000002, -36.961550200000005], [174.78222920000002, -36.961550200000005], [174.78222920000002, -36.962450200000006], [174.78312920000002, -36.962450200000006]]]}, "properties": {"row": 12, "col": 3, "elevation_m": 6.3, "low_elevation": false, "drain_deficiency": 0.448, "adjusted_score": 22.4}}, {"type": "Feature", "geometry": {"type": "Polygon", "coordinates": [[[174.78402920000002, -36.962450200000006], [174.78402920000002, -36.961550200000005], [174.78312920000002, -36.961550200000005], [174.78312920000002, -36.962450200000006], [174.78402920000002, -36.962450200000006]]]}, "properties": {"row": 12, "col": 4, "elevation_m": 7.3, "low_elevation": false, "drain_deficiency": 0.216, "adjusted_score": 10.8}}, {"type": "Feature", "geometry": {"type": "Polygon", "coordinates": [[[174.78492920000002, -36.962450200000006], [174.78492920000002, -36.961550200000005], [174.78402920000002, -36.961550200000005], [174.78402920000002, -36.962450200000006], [174.78492920000002, -36.962450200000006]]]}, "properties": {"row": 12, "col": 5, "elevation_m": 9.2, "low_elevation": false, "drain_deficiency": 0.477, "adjusted_score": 23.9}}, {"type": "Feature", "geometry": {"type": "Polygon", "coordinates": [[[174.78582920000002, -36.962450200000006], [174.78582920000002, -36.961550200000005], [174.78492920000002, -36.961550200000005], [174.78492920000002, -36.962450200000006], [174.78582920000002, -36.962450200000006]]]}, "properties": {"row": 12, "col": 6, "elevation_m": 9.1, "low_elevation": false, "drain_deficiency": 0.573, "adjusted_score": 28.7}}, {"type": "Feature", "geometry": {"type": "Polygon", "coordinates": [[[174.78672920000002, -36.962450200000006], [174.78672920000002, -36.961550200000005], [174.78582920000002, -36.961550200000005], [174.78582920000002, -36.962450200000006], [174.78672920000002, -36.962450200000006]]]}, "properties": {"row": 12, "col": 7, "elevation_m": 8.3, "low_elevation": false, "drain_deficiency": 0.926, "adjusted_score": 46.3}}, {"type": "Feature", "geometry": {"type": "Polygon", "coordinates": [[[174.78762920000003, -36.962450200000006], [174.78762920000003, -36.961550200000005], [174.78672920000002, -36.961550200000005], [174.78672920000002, -36.962450200000006], [174.78762920000003, -36.962450200000006]]]}, "properties": {"row": 12, "col": 8, "elevation_m": 8.9, "low_elevation": false, "drain_deficiency": 0.5, "adjusted_score": 25.0}}, {"type": "Feature", "geometry": {"type": "Polygon", "coordinates": [[[174.78852920000003, -36.962450200000006], [174.78852920000003, -36.961550200000005], [174.78762920000003, -36.961550200000005], [174.78762920000003, -36.962450200000006], [174.78852920000003, -36.962450200000006]]]}, "properties": {"row": 12, "col": 9, "elevation_m": 8.9, "low_elevation": false, "drain_deficiency": 0.625, "adjusted_score": 31.2}}, {"type": "Feature", "geometry": {"type": "Polygon", "coordinates": [[[174.7894292, -36.962450200000006], [174.7894292, -36.961550200000005], [174.7885292, -36.961550200000005], [174.7885292, -36.962450200000006], [174.7894292, -36.962450200000006]]]}, "properties": {"row": 12, "col": 10, "elevation_m": 9.2, "low_elevation": false, "drain_deficiency": 0.625, "adjusted_score": 31.2}}, {"type": "Feature", "geometry": {"type": "Polygon", "coordinates": [[[174.7903292, -36.962450200000006], [174.7903292, -36.961550200000005], [174.7894292, -36.961550200000005], [174.7894292, -36.962450200000006], [174.7903292, -36.962450200000006]]]}, "properties": {"row": 12, "col": 11, "elevation_m": 8.4, "low_elevation": false, "drain_deficiency": 0.641, "adjusted_score": 32.1}}, {"type": "Feature", "geometry": {"type": "Polygon", "coordinates": [[[174.7912292, -36.962450200000006], [174.7912292, -36.961550200000005], [174.7903292, -36.961550200000005], [174.7903292, -36.962450200000006], [174.7912292, -36.962450200000006]]]}, "properties": {"row": 12, "col": 12, "elevation_m": 6.8, "low_elevation": false, "drain_deficiency": 0.838, "adjusted_score": 41.9}}, {"type": "Feature", "geometry": {"type": "Polygon", "coordinates": [[[174.7921292, -36.962450200000006], [174.7921292, -36.961550200000005], [174.7912292, -36.961550200000005], [174.7912292, -36.962450200000006], [174.7921292, -36.962450200000006]]]}, "properties": {"row": 12, "col": 13, "elevation_m": 6.3, "low_elevation": false, "drain_deficiency": 0.682, "adjusted_score": 34.1}}, {"type": "Feature", "geometry": {"type": "Polygon", "coordinates": [[[174.7930292, -36.962450200000006], [174.7930292, -36.961550200000005], [174.7921292, -36.961550200000005], [174.7921292, -36.962450200000006], [174.7930292, -36.962450200000006]]]}, "properties": {"row": 12, "col": 14, "elevation_m": 5.6, "low_elevation": false, "drain_deficiency": 0.065, "adjusted_score": 3.2}}, {"type": "Feature", "geometry": {"type": "Polygon", "coordinates": [[[174.7939292, -36.962450200000006], [174.7939292, -36.961550200000005], [174.7930292, -36.961550200000005], [174.7930292, -36.962450200000006], [174.7939292, -36.962450200000006]]]}, "properties": {"row": 12, "col": 15, "elevation_m": 7.4, "low_elevation": false, "drain_deficiency": 0.514, "adjusted_score": 25.7}}, {"type": "Feature", "geometry": {"type": "Polygon", "coordinates": [[[174.7948292, -36.962450200000006], [174.7948292, -36.961550200000005], [174.7939292, -36.961550200000005], [174.7939292, -36.962450200000006], [174.7948292, -36.962450200000006]]]}, "properties": {"row": 12, "col": 16, "elevation_m": 7.2, "low_elevation": false, "drain_deficiency": 0.75, "adjusted_score": 37.5}}, {"type": "Feature", "geometry": {"type": "Polygon", "coordinates": [[[174.7957292, -36.962450200000006], [174.7957292, -36.961550200000005], [174.7948292, -36.961550200000005], [174.7948292, -36.962450200000006], [174.7957292, -36.962450200000006]]]}, "properties": {"row": 12, "col": 17, "elevation_m": 9.0, "low_elevation": false, "drain_deficiency": 0.625, "adjusted_score": 31.2}}, {"type": "Feature", "geometry": {"type": "Polygon", "coordinates": [[[174.7966292, -36.962450200000006], [174.7966292, -36.961550200000005], [174.7957292, -36.961550200000005], [174.7957292, -36.962450200000006], [174.7966292, -36.962450200000006]]]}, "properties": {"row": 12, "col": 18, "elevation_m": 7.4, "low_elevation": false, "drain_deficiency": 0.625, "adjusted_score": 31.2}}, {"type": "Feature", "geometry": {"type": "Polygon", "coordinates": [[[174.7975292, -36.962450200000006], [174.7975292, -36.961550200000005], [174.7966292, -36.961550200000005], [174.7966292, -36.962450200000006], [174.7975292, -36.962450200000006]]]}, "properties": {"row": 12, "col": 19, "elevation_m": 5.6, "low_elevation": false, "drain_deficiency": 0.625, "adjusted_score": 31.2}}, {"type": "Feature", "geometry": {"type": "Polygon", "coordinates": [[[174.79842920000002, -36.962450200000006], [174.79842920000002, -36.961550200000005], [174.7975292, -36.961550200000005], [174.7975292, -36.962450200000006], [174.79842920000002, -36.962450200000006]]]}, "properties": {"row": 12, "col": 20, "elevation_m": 5.4, "low_elevation": false, "drain_deficiency": 0.648, "adjusted_score": 32.4}}, {"type": "Feature", "geometry": {"type": "Polygon", "coordinates": [[[174.79932920000002, -36.962450200000006], [174.79932920000002, -36.961550200000005], [174.79842920000002, -36.961550200000005], [174.79842920000002, -36.962450200000006], [174.79932920000002, -36.962450200000006]]]}, "properties": {"row": 12, "col": 21, "elevation_m": 8.5, "low_elevation": false, "drain_deficiency": 0.903, "adjusted_score": 45.2}}, {"type": "Feature", "geometry": {"type": "Polygon", "coordinates": [[[174.80022920000002, -36.962450200000006], [174.80022920000002, -36.961550200000005], [174.79932920000002, -36.961550200000005], [174.79932920000002, -36.962450200000006], [174.80022920000002, -36.962450200000006]]]}, "properties": {"row": 12, "col": 22, "elevation_m": 9.9, "low_elevation": false, "drain_deficiency": 0.628, "adjusted_score": 31.4}}, {"type": "Feature", "geometry": {"type": "Polygon", "coordinates": [[[174.80112920000002, -36.962450200000006], [174.80112920000002, -36.961550200000005], [174.80022920000002, -36.961550200000005], [174.80022920000002, -36.962450200000006], [174.80112920000002, -36.962450200000006]]]}, "properties": {"row": 12, "col": 23, "elevation_m": 8.2, "low_elevation": false, "drain_deficiency": 0.754, "adjusted_score": 37.7}}, {"type": "Feature", "geometry": {"type": "Polygon", "coordinates": [[[174.80202920000002, -36.962450200000006], [174.80202920000002, -36.961550200000005], [174.80112920000002, -36.961550200000005], [174.80112920000002, -36.962450200000006], [174.80202920000002, -36.962450200000006]]]}, "properties": {"row": 12, "col": 24, "elevation_m": 8.8, "low_elevation": false, "drain_deficiency": 0.765, "adjusted_score": 38.2}}, {"type": "Feature", "geometry": {"type": "Polygon", "coordinates": [[[174.80292920000002, -36.962450200000006], [174.80292920000002, -36.961550200000005], [174.80202920000002, -36.961550200000005], [174.80202920000002, -36.962450200000006], [174.80292920000002, -36.962450200000006]]]}, "properties": {"row": 12, "col": 25, "elevation_m": 9.9, "low_elevation": false, "drain_deficiency": 0.529, "adjusted_score": 26.5}}, {"type": "Feature", "geometry": {"type": "Polygon", "coordinates": [[[174.80382920000002, -36.962450200000006], [174.80382920000002, -36.961550200000005], [174.80292920000002, -36.961550200000005], [174.80292920000002, -36.962450200000006], [174.80382920000002, -36.962450200000006]]]}, "properties": {"row": 12, "col": 26, "elevation_m": 9.9, "low_elevation": false, "drain_deficiency": 0.542, "adjusted_score": 27.1}}, {"type": "Feature", "geometry": {"type": "Polygon", "coordinates": [[[174.80472920000003, -36.962450200000006], [174.80472920000003, -36.961550200000005], [174.80382920000002, -36.961550200000005], [174.80382920000002, -36.962450200000006], [174.80472920000003, -36.962450200000006]]]}, "properties": {"row": 12, "col": 27, "elevation_m": 10.6, "low_elevation": false, "drain_deficiency": 0.5, "adjusted_score": 25.0}}, {"type": "Feature", "geometry": {"type": "Polygon", "coordinates": [[[174.80562920000003, -36.962450200000006], [174.80562920000003, -36.961550200000005], [174.80472920000003, -36.961550200000005], [174.80472920000003, -36.962450200000006], [174.80562920000003, -36.962450200000006]]]}, "properties": {"row": 12, "col": 28, "elevation_m": 12.0, "low_elevation": false, "drain_deficiency": 0.75, "adjusted_score": 37.5}}, {"type": "Feature", "geometry": {"type": "Polygon", "coordinates": [[[174.80652920000003, -36.962450200000006], [174.80652920000003, -36.961550200000005], [174.80562920000003, -36.961550200000005], [174.80562920000003, -36.962450200000006], [174.80652920000003, -36.962450200000006]]]}, "properties": {"row": 12, "col": 29, "elevation_m": 16.7, "low_elevation": false, "drain_deficiency": 0.75, "adjusted_score": 37.5}}, {"type": "Feature", "geometry": {"type": "Polygon", "coordinates": [[[174.8074292, -36.962450200000006], [174.8074292, -36.961550200000005], [174.8065292, -36.961550200000005], [174.8065292, -36.962450200000006], [174.8074292, -36.962450200000006]]]}, "properties": {"row": 12, "col": 30, "elevation_m": 19.5, "low_elevation": false, "drain_deficiency": 0.75, "adjusted_score": 37.5}}, {"type": "Feature", "geometry": {"type": "Polygon", "coordinates": [[[174.8083292, -36.962450200000006], [174.8083292, -36.961550200000005], [174.8074292, -36.961550200000005], [174.8074292, -36.962450200000006], [174.8083292, -36.962450200000006]]]}, "properties": {"row": 12, "col": 31, "elevation_m": 20.5, "low_elevation": false, "drain_deficiency": 0.75, "adjusted_score": 37.5}}, {"type": "Feature", "geometry": {"type": "Polygon", "coordinates": [[[174.8092292, -36.962450200000006], [174.8092292, -36.961550200000005], [174.8083292, -36.961550200000005], [174.8083292, -36.962450200000006], [174.8092292, -36.962450200000006]]]}, "properties": {"row": 12, "col": 32, "elevation_m": 18.9, "low_elevation": false, "drain_deficiency": 0.181, "adjusted_score": 9.0}}, {"type": "Feature", "geometry": {"type": "Polygon", "coordinates": [[[174.8101292, -36.962450200000006], [174.8101292, -36.961550200000005], [174.8092292, -36.961550200000005], [174.8092292, -36.962450200000006], [174.8101292, -36.962450200000006]]]}, "properties": {"row": 12, "col": 33, "elevation_m": 18.0, "low_elevation": false, "drain_deficiency": 0.75, "adjusted_score": 37.5}}, {"type": "Feature", "geometry": {"type": "Polygon", "coordinates": [[[174.8110292, -36.962450200000006], [174.8110292, -36.961550200000005], [174.8101292, -36.961550200000005], [174.8101292, -36.962450200000006], [174.8110292, -36.962450200000006]]]}, "properties": {"row": 12, "col": 34, "elevation_m": 16.0, "low_elevation": false, "drain_deficiency": 0.165, "adjusted_score": 8.3}}, {"type": "Feature", "geometry": {"type": "Polygon", "coordinates": [[[174.8119292, -36.962450200000006], [174.8119292, -36.961550200000005], [174.8110292, -36.961550200000005], [174.8110292, -36.962450200000006], [174.8119292, -36.962450200000006]]]}, "properties": {"row": 12, "col": 35, "elevation_m": 13.4, "low_elevation": false, "drain_deficiency": 0.625, "adjusted_score": 31.2}}, {"type": "Feature", "geometry": {"type": "Polygon", "coordinates": [[[174.8128292, -36.962450200000006], [174.8128292, -36.961550200000005], [174.8119292, -36.961550200000005], [174.8119292, -36.962450200000006], [174.8128292, -36.962450200000006]]]}, "properties": {"row": 12, "col": 36, "elevation_m": 10.3, "low_elevation": false, "drain_deficiency": 0.5, "adjusted_score": 25.0}}, {"type": "Feature", "geometry": {"type": "Polygon", "coordinates": [[[174.8137292, -36.962450200000006], [174.8137292, -36.961550200000005], [174.8128292, -36.961550200000005], [174.8128292, -36.962450200000006], [174.8137292, -36.962450200000006]]]}, "properties": {"row": 12, "col": 37, "elevation_m": 8.4, "low_elevation": false, "drain_deficiency": 0.5, "adjusted_score": 25.0}}, {"type": "Feature", "geometry": {"type": "Polygon", "coordinates": [[[174.8146292, -36.962450200000006], [174.8146292, -36.961550200000005], [174.8137292, -36.961550200000005], [174.8137292, -36.962450200000006], [174.8146292, -36.962450200000006]]]}, "properties": {"row": 12, "col": 38, "elevation_m": 8.0, "low_elevation": false, "drain_deficiency": 0.5, "adjusted_score": 25.0}}, {"type": "Feature", "geometry": {"type": "Polygon", "coordinates": [[[174.81552920000001, -36.962450200000006], [174.81552920000001, -36.961550200000005], [174.8146292, -36.961550200000005], [174.8146292, -36.962450200000006], [174.81552920000001, -36.962450200000006]]]}, "properties": {"row": 12, "col": 39, "elevation_m": 8.8, "low_elevation": false, "drain_deficiency": 0.5, "adjusted_score": 25.0}}, {"type": "Feature", "geometry": {"type": "Polygon", "coordinates": [[[174.81642920000002, -36.962450200000006], [174.81642920000002, -36.961550200000005], [174.81552920000001, -36.961550200000005], [174.81552920000001, -36.962450200000006], [174.81642920000002, -36.962450200000006]]]}, "properties": {"row": 12, "col": 40, "elevation_m": 10.0, "low_elevation": false, "drain_deficiency": 0.375, "adjusted_score": 18.8}}, {"type": "Feature", "geometry": {"type": "Polygon", "coordinates": [[[174.81732920000002, -36.962450200000006], [174.81732920000002, -36.961550200000005], [174.81642920000002, -36.961550200000005], [174.81642920000002, -36.962450200000006], [174.81732920000002, -36.962450200000006]]]}, "properties": {"row": 12, "col": 41, "elevation_m": 10.3, "low_elevation": false, "drain_deficiency": 0.75, "adjusted_score": 37.5}}, {"type": "Feature", "geometry": {"type": "Polygon", "coordinates": [[[174.81822920000002, -36.962450200000006], [174.81822920000002, -36.961550200000005], [174.81732920000002, -36.961550200000005], [174.81732920000002, -36.962450200000006], [174.81822920000002, -36.962450200000006]]]}, "properties": {"row": 12, "col": 42, "elevation_m": 11.1, "low_elevation": false, "drain_deficiency": 0.5, "adjusted_score": 25.0}}, {"type": "Feature", "geometry": {"type": "Polygon", "coordinates": [[[174.81912920000002, -36.962450200000006], [174.81912920000002, -36.961550200000005], [174.81822920000002, -36.961550200000005], [174.81822920000002, -36.962450200000006], [174.81912920000002, -36.962450200000006]]]}, "properties": {"row": 12, "col": 43, "elevation_m": 10.2, "low_elevation": false, "drain_deficiency": 0.095, "adjusted_score": 4.7}}, {"type": "Feature", "geometry": {"type": "Polygon", "coordinates": [[[174.82002920000002, -36.962450200000006], [174.82002920000002, -36.961550200000005], [174.81912920000002, -36.961550200000005], [174.81912920000002, -36.962450200000006], [174.82002920000002, -36.962450200000006]]]}, "properties": {"row": 12, "col": 44, "elevation_m": 9.9, "low_elevation": false, "drain_deficiency": 0.125, "adjusted_score": 6.2}}, {"type": "Feature", "geometry": {"type": "Polygon", "coordinates": [[[174.78042920000001, -36.9633502], [174.78042920000001, -36.9624502], [174.7795292, -36.9624502], [174.7795292, -36.9633502], [174.78042920000001, -36.9633502]]]}, "properties": {"row": 13, "col": 0, "elevation_m": 8.7, "low_elevation": false, "drain_deficiency": 1.0, "adjusted_score": 50.0}}, {"type": "Feature", "geometry": {"type": "Polygon", "coordinates": [[[174.78132920000002, -36.9633502], [174.78132920000002, -36.9624502], [174.78042920000001, -36.9624502], [174.78042920000001, -36.9633502], [174.78132920000002, -36.9633502]]]}, "properties": {"row": 13, "col": 1, "elevation_m": 8.2, "low_elevation": false, "drain_deficiency": 1.0, "adjusted_score": 50.0}}, {"type": "Feature", "geometry": {"type": "Polygon", "coordinates": [[[174.78222920000002, -36.9633502], [174.78222920000002, -36.9624502], [174.78132920000002, -36.9624502], [174.78132920000002, -36.9633502], [174.78222920000002, -36.9633502]]]}, "properties": {"row": 13, "col": 2, "elevation_m": 8.8, "low_elevation": false, "drain_deficiency": 1.0, "adjusted_score": 50.0}}, {"type": "Feature", "geometry": {"type": "Polygon", "coordinates": [[[174.78312920000002, -36.9633502], [174.78312920000002, -36.9624502], [174.78222920000002, -36.9624502], [174.78222920000002, -36.9633502], [174.78312920000002, -36.9633502]]]}, "properties": {"row": 13, "col": 3, "elevation_m": 8.3, "low_elevation": false, "drain_deficiency": 0.845, "adjusted_score": 42.3}}, {"type": "Feature", "geometry": {"type": "Polygon", "coordinates": [[[174.78402920000002, -36.9633502], [174.78402920000002, -36.9624502], [174.78312920000002, -36.9624502], [174.78312920000002, -36.9633502], [174.78402920000002, -36.9633502]]]}, "properties": {"row": 13, "col": 4, "elevation_m": 7.8, "low_elevation": false, "drain_deficiency": 0.748, "adjusted_score": 37.4}}, {"type": "Feature", "geometry": {"type": "Polygon", "coordinates": [[[174.78492920000002, -36.9633502], [174.78492920000002, -36.9624502], [174.78402920000002, -36.9624502], [174.78402920000002, -36.9633502], [174.78492920000002, -36.9633502]]]}, "properties": {"row": 13, "col": 5, "elevation_m": 9.3, "low_elevation": false, "drain_deficiency": 1.0, "adjusted_score": 50.0}}, {"type": "Feature", "geometry": {"type": "Polygon", "coordinates": [[[174.78582920000002, -36.9633502], [174.78582920000002, -36.9624502], [174.78492920000002, -36.9624502], [174.78492920000002, -36.9633502], [174.78582920000002, -36.9633502]]]}, "properties": {"row": 13, "col": 6, "elevation_m": 8.7, "low_elevation": false, "drain_deficiency": 0.977, "adjusted_score": 48.8}}, {"type": "Feature", "geometry": {"type": "Polygon", "coordinates": [[[174.78672920000002, -36.9633502], [174.78672920000002, -36.9624502], [174.78582920000002, -36.9624502], [174.78582920000002, -36.9633502], [174.78672920000002, -36.9633502]]]}, "properties": {"row": 13, "col": 7, "elevation_m": 7.7, "low_elevation": false, "drain_deficiency": 0.833, "adjusted_score": 41.7}}, {"type": "Feature", "geometry": {"type": "Polygon", "coordinates": [[[174.78762920000003, -36.9633502], [174.78762920000003, -36.9624502], [174.78672920000002, -36.9624502], [174.78672920000002, -36.9633502], [174.78762920000003, -36.9633502]]]}, "properties": {"row": 13, "col": 8, "elevation_m": 8.6, "low_elevation": false, "drain_deficiency": 0.5, "adjusted_score": 25.0}}, {"type": "Feature", "geometry": {"type": "Polygon", "coordinates": [[[174.78852920000003, -36.9633502], [174.78852920000003, -36.9624502], [174.78762920000003, -36.9624502], [174.78762920000003, -36.9633502], [174.78852920000003, -36.9633502]]]}, "properties": {"row": 13, "col": 9, "elevation_m": 8.5, "low_elevation": false, "drain_deficiency": 0.25, "adjusted_score": 12.5}}, {"type": "Feature", "geometry": {"type": "Polygon", "coordinates": [[[174.7894292, -36.9633502], [174.7894292, -36.9624502], [174.7885292, -36.9624502], [174.7885292, -36.9633502], [174.7894292, -36.9633502]]]}, "properties": {"row": 13, "col": 10, "elevation_m": 8.3, "low_elevation": false, "drain_deficiency": 0.25, "adjusted_score": 12.5}}, {"type": "Feature", "geometry": {"type": "Polygon", "coordinates": [[[174.7903292, -36.9633502], [174.7903292, -36.9624502], [174.7894292, -36.9624502], [174.7894292, -36.9633502], [174.7903292, -36.9633502]]]}, "properties": {"row": 13, "col": 11, "elevation_m": 8.0, "low_elevation": false, "drain_deficiency": 0.25, "adjusted_score": 12.5}}, {"type": "Feature", "geometry": {"type": "Polygon", "coordinates": [[[174.7912292, -36.9633502], [174.7912292, -36.9624502], [174.7903292, -36.9624502], [174.7903292, -36.9633502], [174.7912292, -36.9633502]]]}, "properties": {"row": 13, "col": 12, "elevation_m": 7.3, "low_elevation": false, "drain_deficiency": 0.253, "adjusted_score": 12.6}}, {"type": "Feature", "geometry": {"type": "Polygon", "coordinates": [[[174.7921292, -36.9633502], [174.7921292, -36.9624502], [174.7912292, -36.9624502], [174.7912292, -36.9633502], [174.7921292, -36.9633502]]]}, "properties": {"row": 13, "col": 13, "elevation_m": 7.3, "low_elevation": false, "drain_deficiency": 0.625, "adjusted_score": 31.2}}, {"type": "Feature", "geometry": {"type": "Polygon", "coordinates": [[[174.7930292, -36.9633502], [174.7930292, -36.9624502], [174.7921292, -36.9624502], [174.7921292, -36.9633502], [174.7930292, -36.9633502]]]}, "properties": {"row": 13, "col": 14, "elevation_m": 6.2, "low_elevation": false, "drain_deficiency": 0.132, "adjusted_score": 6.6}}, {"type": "Feature", "geometry": {"type": "Polygon", "coordinates": [[[174.7939292, -36.9633502], [174.7939292, -36.9624502], [174.7930292, -36.9624502], [174.7930292, -36.9633502], [174.7939292, -36.9633502]]]}, "properties": {"row": 13, "col": 15, "elevation_m": 6.4, "low_elevation": false, "drain_deficiency": 0.75, "adjusted_score": 37.5}}, {"type": "Feature", "geometry": {"type": "Polygon", "coordinates": [[[174.7948292, -36.9633502], [174.7948292, -36.9624502], [174.7939292, -36.9624502], [174.7939292, -36.9633502], [174.7948292, -36.9633502]]]}, "properties": {"row": 13, "col": 16, "elevation_m": 6.6, "low_elevation": false, "drain_deficiency": 0.521, "adjusted_score": 26.1}}, {"type": "Feature", "geometry": {"type": "Polygon", "coordinates": [[[174.7957292, -36.9633502], [174.7957292, -36.9624502], [174.7948292, -36.9624502], [174.7948292, -36.9633502], [174.7957292, -36.9633502]]]}, "properties": {"row": 13, "col": 17, "elevation_m": 6.7, "low_elevation": false, "drain_deficiency": 0.5, "adjusted_score": 25.0}}, {"type": "Feature", "geometry": {"type": "Polygon", "coordinates": [[[174.7966292, -36.9633502], [174.7966292, -36.9624502], [174.7957292, -36.9624502], [174.7957292, -36.9633502], [174.7966292, -36.9633502]]]}, "properties": {"row": 13, "col": 18, "elevation_m": 6.7, "low_elevation": false, "drain_deficiency": 0.5, "adjusted_score": 25.0}}, {"type": "Feature", "geometry": {"type": "Polygon", "coordinates": [[[174.7975292, -36.9633502], [174.7975292, -36.9624502], [174.7966292, -36.9624502], [174.7966292, -36.9633502], [174.7975292, -36.9633502]]]}, "properties": {"row": 13, "col": 19, "elevation_m": 5.9, "low_elevation": false, "drain_deficiency": 0.426, "adjusted_score": 21.3}}, {"type": "Feature", "geometry": {"type": "Polygon", "coordinates": [[[174.79842920000002, -36.9633502], [174.79842920000002, -36.9624502], [174.7975292, -36.9624502], [174.7975292, -36.9633502], [174.79842920000002, -36.9633502]]]}, "properties": {"row": 13, "col": 20, "elevation_m": 6.1, "low_elevation": false, "drain_deficiency": 1.0, "adjusted_score": 50.0}}, {"type": "Feature", "geometry": {"type": "Polygon", "coordinates": [[[174.79932920000002, -36.9633502], [174.79932920000002, -36.9624502], [174.79842920000002, -36.9624502], [174.79842920000002, -36.9633502], [174.79932920000002, -36.9633502]]]}, "properties": {"row": 13, "col": 21, "elevation_m": 6.3, "low_elevation": false, "drain_deficiency": 1.0, "adjusted_score": 50.0}}, {"type": "Feature", "geometry": {"type": "Polygon", "coordinates": [[[174.80022920000002, -36.9633502], [174.80022920000002, -36.9624502], [174.79932920000002, -36.9624502], [174.79932920000002, -36.9633502], [174.80022920000002, -36.9633502]]]}, "properties": {"row": 13, "col": 22, "elevation_m": 8.8, "low_elevation": false, "drain_deficiency": 1.0, "adjusted_score": 50.0}}, {"type": "Feature", "geometry": {"type": "Polygon", "coordinates": [[[174.80112920000002, -36.9633502], [174.80112920000002, -36.9624502], [174.80022920000002, -36.9624502], [174.80022920000002, -36.9633502], [174.80112920000002, -36.9633502]]]}, "properties": {"row": 13, "col": 23, "elevation_m": 9.4, "low_elevation": false, "drain_deficiency": 1.0, "adjusted_score": 50.0}}, {"type": "Feature", "geometry": {"type": "Polygon", "coordinates": [[[174.80202920000002, -36.9633502], [174.80202920000002, -36.9624502], [174.80112920000002, -36.9624502], [174.80112920000002, -36.9633502], [174.80202920000002, -36.9633502]]]}, "properties": {"row": 13, "col": 24, "elevation_m": 9.7, "low_elevation": false, "drain_deficiency": 1.0, "adjusted_score": 50.0}}, {"type": "Feature", "geometry": {"type": "Polygon", "coordinates": [[[174.80292920000002, -36.9633502], [174.80292920000002, -36.9624502], [174.80202920000002, -36.9624502], [174.80202920000002, -36.9633502], [174.80292920000002, -36.9633502]]]}, "properties": {"row": 13, "col": 25, "elevation_m": 10.0, "low_elevation": false, "drain_deficiency": 1.0, "adjusted_score": 50.0}}, {"type": "Feature", "geometry": {"type": "Polygon", "coordinates": [[[174.80382920000002, -36.9633502], [174.80382920000002, -36.9624502], [174.80292920000002, -36.9624502], [174.80292920000002, -36.9633502], [174.80382920000002, -36.9633502]]]}, "properties": {"row": 13, "col": 26, "elevation_m": 10.8, "low_elevation": false, "drain_deficiency": 0.946, "adjusted_score": 47.3}}, {"type": "Feature", "geometry": {"type": "Polygon", "coordinates": [[[174.80472920000003, -36.9633502], [174.80472920000003, -36.9624502], [174.80382920000002, -36.9624502], [174.80382920000002, -36.9633502], [174.80472920000003, -36.9633502]]]}, "properties": {"row": 13, "col": 27, "elevation_m": 11.0, "low_elevation": false, "drain_deficiency": 0.535, "adjusted_score": 26.7}}, {"type": "Feature", "geometry": {"type": "Polygon", "coordinates": [[[174.80562920000003, -36.9633502], [174.80562920000003, -36.9624502], [174.80472920000003, -36.9624502], [174.80472920000003, -36.9633502], [174.80562920000003, -36.9633502]]]}, "properties": {"row": 13, "col": 28, "elevation_m": 11.5, "low_elevation": false, "drain_deficiency": 0.75, "adjusted_score": 37.5}}, {"type": "Feature", "geometry": {"type": "Polygon", "coordinates": [[[174.80652920000003, -36.9633502], [174.80652920000003, -36.9624502], [174.80562920000003, -36.9624502], [174.80562920000003, -36.9633502], [174.80652920000003, -36.9633502]]]}, "properties": {"row": 13, "col": 29, "elevation_m": 15.1, "low_elevation": false, "drain_deficiency": 0.625, "adjusted_score": 31.2}}, {"type": "Feature", "geometry": {"type": "Polygon", "coordinates": [[[174.8074292, -36.9633502], [174.8074292, -36.9624502], [174.8065292, -36.9624502], [174.8065292, -36.9633502], [174.8074292, -36.9633502]]]}, "properties": {"row": 13, "col": 30, "elevation_m": 18.1, "low_elevation": false, "drain_deficiency": 0.625, "adjusted_score": 31.2}}, {"type": "Feature", "geometry": {"type": "Polygon", "coordinates": [[[174.8083292, -36.9633502], [174.8083292, -36.9624502], [174.8074292, -36.9624502], [174.8074292, -36.9633502], [174.8083292, -36.9633502]]]}, "properties": {"row": 13, "col": 31, "elevation_m": 18.4, "low_elevation": false, "drain_deficiency": 0.273, "adjusted_score": 13.7}}, {"type": "Feature", "geometry": {"type": "Polygon", "coordinates": [[[174.8092292, -36.9633502], [174.8092292, -36.9624502], [174.8083292, -36.9624502], [174.8083292, -36.9633502], [174.8092292, -36.9633502]]]}, "properties": {"row": 13, "col": 32, "elevation_m": 18.1, "low_elevation": false, "drain_deficiency": 0.167, "adjusted_score": 8.4}}, {"type": "Feature", "geometry": {"type": "Polygon", "coordinates": [[[174.8101292, -36.9633502], [174.8101292, -36.9624502], [174.8092292, -36.9624502], [174.8092292, -36.9633502], [174.8101292, -36.9633502]]]}, "properties": {"row": 13, "col": 33, "elevation_m": 18.8, "low_elevation": false, "drain_deficiency": 0.75, "adjusted_score": 37.5}}, {"type": "Feature", "geometry": {"type": "Polygon", "coordinates": [[[174.8110292, -36.9633502], [174.8110292, -36.9624502], [174.8101292, -36.9624502], [174.8101292, -36.9633502], [174.8110292, -36.9633502]]]}, "properties": {"row": 13, "col": 34, "elevation_m": 16.1, "low_elevation": false, "drain_deficiency": 0.625, "adjusted_score": 31.2}}, {"type": "Feature", "geometry": {"type": "Polygon", "coordinates": [[[174.8119292, -36.9633502], [174.8119292, -36.9624502], [174.8110292, -36.9624502], [174.8110292, -36.9633502], [174.8119292, -36.9633502]]]}, "properties": {"row": 13, "col": 35, "elevation_m": 13.7, "low_elevation": false, "drain_deficiency": 0.625, "adjusted_score": 31.2}}, {"type": "Feature", "geometry": {"type": "Polygon", "coordinates": [[[174.8128292, -36.9633502], [174.8128292, -36.9624502], [174.8119292, -36.9624502], [174.8119292, -36.9633502], [174.8128292, -36.9633502]]]}, "properties": {"row": 13, "col": 36, "elevation_m": 10.9, "low_elevation": false, "drain_deficiency": 0.5, "adjusted_score": 25.0}}, {"type": "Feature", "geometry": {"type": "Polygon", "coordinates": [[[174.8137292, -36.9633502], [174.8137292, -36.9624502], [174.8128292, -36.9624502], [174.8128292, -36.9633502], [174.8137292, -36.9633502]]]}, "properties": {"row": 13, "col": 37, "elevation_m": 9.6, "low_elevation": false, "drain_deficiency": 0.508, "adjusted_score": 25.4}}, {"type": "Feature", "geometry": {"type": "Polygon", "coordinates": [[[174.8146292, -36.9633502], [174.8146292, -36.9624502], [174.8137292, -36.9624502], [174.8137292, -36.9633502], [174.8146292, -36.9633502]]]}, "properties": {"row": 13, "col": 38, "elevation_m": 9.6, "low_elevation": false, "drain_deficiency": 0.5, "adjusted_score": 25.0}}, {"type": "Feature", "geometry": {"type": "Polygon", "coordinates": [[[174.81552920000001, -36.9633502], [174.81552920000001, -36.9624502], [174.8146292, -36.9624502], [174.8146292, -36.9633502], [174.81552920000001, -36.9633502]]]}, "properties": {"row": 13, "col": 39, "elevation_m": 10.8, "low_elevation": false, "drain_deficiency": 0.547, "adjusted_score": 27.4}}, {"type": "Feature", "geometry": {"type": "Polygon", "coordinates": [[[174.81642920000002, -36.9633502], [174.81642920000002, -36.9624502], [174.81552920000001, -36.9624502], [174.81552920000001, -36.9633502], [174.81642920000002, -36.9633502]]]}, "properties": {"row": 13, "col": 40, "elevation_m": 13.2, "low_elevation": false, "drain_deficiency": 0.589, "adjusted_score": 29.4}}, {"type": "Feature", "geometry": {"type": "Polygon", "coordinates": [[[174.81732920000002, -36.9633502], [174.81732920000002, -36.9624502], [174.81642920000002, -36.9624502], [174.81642920000002, -36.9633502], [174.81732920000002, -36.9633502]]]}, "properties": {"row": 13, "col": 41, "elevation_m": 12.8, "low_elevation": false, "drain_deficiency": 0.75, "adjusted_score": 37.5}}, {"type": "Feature", "geometry": {"type": "Polygon", "coordinates": [[[174.81822920000002, -36.9633502], [174.81822920000002, -36.9624502], [174.81732920000002, -36.9624502], [174.81732920000002, -36.9633502], [174.81822920000002, -36.9633502]]]}, "properties": {"row": 13, "col": 42, "elevation_m": 13.2, "low_elevation": false, "drain_deficiency": 0.406, "adjusted_score": 20.3}}, {"type": "Feature", "geometry": {"type": "Polygon", "coordinates": [[[174.81912920000002, -36.9633502], [174.81912920000002, -36.9624502], [174.81822920000002, -36.9624502], [174.81822920000002, -36.9633502], [174.81912920000002, -36.9633502]]]}, "properties": {"row": 13, "col": 43, "elevation_m": 11.8, "low_elevation": false, "drain_deficiency": 0.073, "adjusted_score": 3.7}}, {"type": "Feature", "geometry": {"type": "Polygon", "coordinates": [[[174.82002920000002, -36.9633502], [174.82002920000002, -36.9624502], [174.81912920000002, -36.9624502], [174.81912920000002, -36.9633502], [174.82002920000002, -36.9633502]]]}, "properties": {"row": 13, "col": 44, "elevation_m": 11.5, "low_elevation": false, "drain_deficiency": 0.625, "adjusted_score": 31.2}}, {"type": "Feature", "geometry": {"type": "Polygon", "coordinates": [[[174.78042920000001, -36.9642502], [174.78042920000001, -36.9633502], [174.7795292, -36.9633502], [174.7795292, -36.9642502], [174.78042920000001, -36.9642502]]]}, "properties": {"row": 14, "col": 0, "elevation_m": 9.3, "low_elevation": false, "drain_deficiency": 1.0, "adjusted_score": 50.0}}, {"type": "Feature", "geometry": {"type": "Polygon", "coordinates": [[[174.78132920000002, -36.9642502], [174.78132920000002, -36.9633502], [174.78042920000001, -36.9633502], [174.78042920000001, -36.9642502], [174.78132920000002, -36.9642502]]]}, "properties": {"row": 14, "col": 1, "elevation_m": 9.2, "low_elevation": false, "drain_deficiency": 1.0, "adjusted_score": 50.0}}, {"type": "Feature", "geometry": {"type": "Polygon", "coordinates": [[[174.78222920000002, -36.9642502], [174.78222920000002, -36.9633502], [174.78132920000002, -36.9633502], [174.78132920000002, -36.9642502], [174.78222920000002, -36.9642502]]]}, "properties": {"row": 14, "col": 2, "elevation_m": 8.8, "low_elevation": false, "drain_deficiency": 1.0, "adjusted_score": 50.0}}, {"type": "Feature", "geometry": {"type": "Polygon", "coordinates": [[[174.78312920000002, -36.9642502], [174.78312920000002, -36.9633502], [174.78222920000002, -36.9633502], [174.78222920000002, -36.9642502], [174.78312920000002, -36.9642502]]]}, "properties": {"row": 14, "col": 3, "elevation_m": 8.8, "low_elevation": false, "drain_deficiency": 1.0, "adjusted_score": 50.0}}, {"type": "Feature", "geometry": {"type": "Polygon", "coordinates": [[[174.78402920000002, -36.9642502], [174.78402920000002, -36.9633502], [174.78312920000002, -36.9633502], [174.78312920000002, -36.9642502], [174.78402920000002, -36.9642502]]]}, "properties": {"row": 14, "col": 4, "elevation_m": 8.4, "low_elevation": false, "drain_deficiency": 0.98, "adjusted_score": 49.0}}, {"type": "Feature", "geometry": {"type": "Polygon", "coordinates": [[[174.78492920000002, -36.9642502], [174.78492920000002, -36.9633502], [174.78402920000002, -36.9633502], [174.78402920000002, -36.9642502], [174.78492920000002, -36.9642502]]]}, "properties": {"row": 14, "col": 5, "elevation_m": 9.6, "low_elevation": false, "drain_deficiency": 0.475, "adjusted_score": 23.8}}, {"type": "Feature", "geometry": {"type": "Polygon", "coordinates": [[[174.78582920000002, -36.9642502], [174.78582920000002, -36.9633502], [174.78492920000002, -36.9633502], [174.78492920000002, -36.9642502], [174.78582920000002, -36.9642502]]]}, "properties": {"row": 14, "col": 6, "elevation_m": 8.1, "low_elevation": false, "drain_deficiency": 0.625, "adjusted_score": 31.2}}, {"type": "Feature", "geometry": {"type": "Polygon", "coordinates": [[[174.78672920000002, -36.9642502], [174.78672920000002, -36.9633502], [174.78582920000002, -36.9633502], [174.78582920000002, -36.9642502], [174.78672920000002, -36.9642502]]]}, "properties": {"row": 14, "col": 7, "elevation_m": 7.7, "low_elevation": false, "drain_deficiency": 0.383, "adjusted_score": 19.1}}, {"type": "Feature", "geometry": {"type": "Polygon", "coordinates": [[[174.78762920000003, -36.9642502], [174.78762920000003, -36.9633502], [174.78672920000002, -36.9633502], [174.78672920000002, -36.9642502], [174.78762920000003, -36.9642502]]]}, "properties": {"row": 14, "col": 8, "elevation_m": 7.5, "low_elevation": false, "drain_deficiency": 0.5, "adjusted_score": 25.0}}, {"type": "Feature", "geometry": {"type": "Polygon", "coordinates": [[[174.78852920000003, -36.9642502], [174.78852920000003, -36.9633502], [174.78762920000003, -36.9633502], [174.78762920000003, -36.9642502], [174.78852920000003, -36.9642502]]]}, "properties": {"row": 14, "col": 9, "elevation_m": 7.7, "low_elevation": false, "drain_deficiency": 0.75, "adjusted_score": 37.5}}, {"type": "Feature", "geometry": {"type": "Polygon", "coordinates": [[[174.7894292, -36.9642502], [174.7894292, -36.9633502], [174.7885292, -36.9633502], [174.7885292, -36.9642502], [174.7894292, -36.9642502]]]}, "properties": {"row": 14, "col": 10, "elevation_m": 7.2, "low_elevation": false, "drain_deficiency": 0.75, "adjusted_score": 37.5}}, {"type": "Feature", "geometry": {"type": "Polygon", "coordinates": [[[174.7903292, -36.9642502], [174.7903292, -36.9633502], [174.7894292, -36.9633502], [174.7894292, -36.9642502], [174.7903292, -36.9642502]]]}, "properties": {"row": 14, "col": 11, "elevation_m": 6.6, "low_elevation": false, "drain_deficiency": 0.504, "adjusted_score": 25.2}}, {"type": "Feature", "geometry": {"type": "Polygon", "coordinates": [[[174.7912292, -36.9642502], [174.7912292, -36.9633502], [174.7903292, -36.9633502], [174.7903292, -36.9642502], [174.7912292, -36.9642502]]]}, "properties": {"row": 14, "col": 12, "elevation_m": 7.0, "low_elevation": false, "drain_deficiency": 0.308, "adjusted_score": 15.4}}, {"type": "Feature", "geometry": {"type": "Polygon", "coordinates": [[[174.7921292, -36.9642502], [174.7921292, -36.9633502], [174.7912292, -36.9633502], [174.7912292, -36.9642502], [174.7921292, -36.9642502]]]}, "properties": {"row": 14, "col": 13, "elevation_m": 6.4, "low_elevation": false, "drain_deficiency": 0.625, "adjusted_score": 31.2}}, {"type": "Feature", "geometry": {"type": "Polygon", "coordinates": [[[174.7930292, -36.9642502], [174.7930292, -36.9633502], [174.7921292, -36.9633502], [174.7921292, -36.9642502], [174.7930292, -36.9642502]]]}, "properties": {"row": 14, "col": 14, "elevation_m": 6.3, "low_elevation": false, "drain_deficiency": 0.25, "adjusted_score": 12.5}}, {"type": "Feature", "geometry": {"type": "Polygon", "coordinates": [[[174.7939292, -36.9642502], [174.7939292, -36.9633502], [174.7930292, -36.9633502], [174.7930292, -36.9642502], [174.7939292, -36.9642502]]]}, "properties": {"row": 14, "col": 15, "elevation_m": 6.3, "low_elevation": false, "drain_deficiency": 0.75, "adjusted_score": 37.5}}, {"type": "Feature", "geometry": {"type": "Polygon", "coordinates": [[[174.7948292, -36.9642502], [174.7948292, -36.9633502], [174.7939292, -36.9633502], [174.7939292, -36.9642502], [174.7948292, -36.9642502]]]}, "properties": {"row": 14, "col": 16, "elevation_m": 6.5, "low_elevation": false, "drain_deficiency": 0.75, "adjusted_score": 37.5}}, {"type": "Feature", "geometry": {"type": "Polygon", "coordinates": [[[174.7957292, -36.9642502], [174.7957292, -36.9633502], [174.7948292, -36.9633502], [174.7948292, -36.9642502], [174.7957292, -36.9642502]]]}, "properties": {"row": 14, "col": 17, "elevation_m": 6.0, "low_elevation": false, "drain_deficiency": 0.75, "adjusted_score": 37.5}}, {"type": "Feature", "geometry": {"type": "Polygon", "coordinates": [[[174.7966292, -36.9642502], [174.7966292, -36.9633502], [174.7957292, -36.9633502], [174.7957292, -36.9642502], [174.7966292, -36.9642502]]]}, "properties": {"row": 14, "col": 18, "elevation_m": 6.0, "low_elevation": false, "drain_deficiency": 0.167, "adjusted_score": 8.4}}, {"type": "Feature", "geometry": {"type": "Polygon", "coordinates": [[[174.7975292, -36.9642502], [174.7975292, -36.9633502], [174.7966292, -36.9633502], [174.7966292, -36.9642502], [174.7975292, -36.9642502]]]}, "properties": {"row": 14, "col": 19, "elevation_m": 6.5, "low_elevation": false, "drain_deficiency": 0.473, "adjusted_score": 23.7}}, {"type": "Feature", "geometry": {"type": "Polygon", "coordinates": [[[174.79842920000002, -36.9642502], [174.79842920000002, -36.9633502], [174.7975292, -36.9633502], [174.7975292, -36.9642502], [174.79842920000002, -36.9642502]]]}, "properties": {"row": 14, "col": 20, "elevation_m": 7.8, "low_elevation": false, "drain_deficiency": 1.0, "adjusted_score": 50.0}}, {"type": "Feature", "geometry": {"type": "Polygon", "coordinates": [[[174.79932920000002, -36.9642502], [174.79932920000002, -36.9633502], [174.79842920000002, -36.9633502], [174.79842920000002, -36.9642502], [174.79932920000002, -36.9642502]]]}, "properties": {"row": 14, "col": 21, "elevation_m": 9.1, "low_elevation": false, "drain_deficiency": 1.0, "adjusted_score": 50.0}}, {"type": "Feature", "geometry": {"type": "Polygon", "coordinates": [[[174.80022920000002, -36.9642502], [174.80022920000002, -36.9633502], [174.79932920000002, -36.9633502], [174.79932920000002, -36.9642502], [174.80022920000002, -36.9642502]]]}, "properties": {"row": 14, "col": 22, "elevation_m": 9.1, "low_elevation": false, "drain_deficiency": 1.0, "adjusted_score": 50.0}}, {"type": "Feature", "geometry": {"type": "Polygon", "coordinates": [[[174.80112920000002, -36.9642502], [174.80112920000002, -36.9633502], [174.80022920000002, -36.9633502], [174.80022920000002, -36.9642502], [174.80112920000002, -36.9642502]]]}, "properties": {"row": 14, "col": 23, "elevation_m": 12.2, "low_elevation": false, "drain_deficiency": 1.0, "adjusted_score": 50.0}}, {"type": "Feature", "geometry": {"type": "Polygon", "coordinates": [[[174.80202920000002, -36.9642502], [174.80202920000002, -36.9633502], [174.80112920000002, -36.9633502], [174.80112920000002, -36.9642502], [174.80202920000002, -36.9642502]]]}, "properties": {"row": 14, "col": 24, "elevation_m": 8.6, "low_elevation": false, "drain_deficiency": 1.0, "adjusted_score": 50.0}}, {"type": "Feature", "geometry": {"type": "Polygon", "coordinates": [[[174.80292920000002, -36.9642502], [174.80292920000002, -36.9633502], [174.80202920000002, -36.9633502], [174.80202920000002, -36.9642502], [174.80292920000002, -36.9642502]]]}, "properties": {"row": 14, "col": 25, "elevation_m": 9.5, "low_elevation": false, "drain_deficiency": 1.0, "adjusted_score": 50.0}}, {"type": "Feature", "geometry": {"type": "Polygon", "coordinates": [[[174.80382920000002, -36.9642502], [174.80382920000002, -36.9633502], [174.80292920000002, -36.9633502], [174.80292920000002, -36.9642502], [174.80382920000002, -36.9642502]]]}, "properties": {"row": 14, "col": 26, "elevation_m": 10.0, "low_elevation": false, "drain_deficiency": 1.0, "adjusted_score": 50.0}}, {"type": "Feature", "geometry": {"type": "Polygon", "coordinates": [[[174.80472920000003, -36.9642502], [174.80472920000003, -36.9633502], [174.80382920000002, -36.9633502], [174.80382920000002, -36.9642502], [174.80472920000003, -36.9642502]]]}, "properties": {"row": 14, "col": 27, "elevation_m": 10.6, "low_elevation": false, "drain_deficiency": 1.0, "adjusted_score": 50.0}}, {"type": "Feature", "geometry": {"type": "Polygon", "coordinates": [[[174.80562920000003, -36.9642502], [174.80562920000003, -36.9633502], [174.80472920000003, -36.9633502], [174.80472920000003, -36.9642502], [174.80562920000003, -36.9642502]]]}, "properties": {"row": 14, "col": 28, "elevation_m": 10.9, "low_elevation": false, "drain_deficiency": 0.829, "adjusted_score": 41.5}}, {"type": "Feature", "geometry": {"type": "Polygon", "coordinates": [[[174.80652920000003, -36.9642502], [174.80652920000003, -36.9633502], [174.80562920000003, -36.9633502], [174.80562920000003, -36.9642502], [174.80652920000003, -36.9642502]]]}, "properties": {"row": 14, "col": 29, "elevation_m": 12.5, "low_elevation": false, "drain_deficiency": 0.639, "adjusted_score": 32.0}}, {"type": "Feature", "geometry": {"type": "Polygon", "coordinates": [[[174.8074292, -36.9642502], [174.8074292, -36.9633502], [174.8065292, -36.9633502], [174.8065292, -36.9642502], [174.8074292, -36.9642502]]]}, "properties": {"row": 14, "col": 30, "elevation_m": 15.5, "low_elevation": false, "drain_deficiency": 0.375, "adjusted_score": 18.8}}, {"type": "Feature", "geometry": {"type": "Polygon", "coordinates": [[[174.8083292, -36.9642502], [174.8083292, -36.9633502], [174.8074292, -36.9633502], [174.8074292, -36.9642502], [174.8083292, -36.9642502]]]}, "properties": {"row": 14, "col": 31, "elevation_m": 15.8, "low_elevation": false, "drain_deficiency": 0.297, "adjusted_score": 14.8}}, {"type": "Feature", "geometry": {"type": "Polygon", "coordinates": [[[174.8092292, -36.9642502], [174.8092292, -36.9633502], [174.8083292, -36.9633502], [174.8083292, -36.9642502], [174.8092292, -36.9642502]]]}, "properties": {"row": 14, "col": 32, "elevation_m": 15.7, "low_elevation": false, "drain_deficiency": 0.642, "adjusted_score": 32.1}}, {"type": "Feature", "geometry": {"type": "Polygon", "coordinates": [[[174.8101292, -36.9642502], [174.8101292, -36.9633502], [174.8092292, -36.9633502], [174.8092292, -36.9642502], [174.8101292, -36.9642502]]]}, "properties": {"row": 14, "col": 33, "elevation_m": 15.8, "low_elevation": false, "drain_deficiency": 0.75, "adjusted_score": 37.5}}, {"type": "Feature", "geometry": {"type": "Polygon", "coordinates": [[[174.8110292, -36.9642502], [174.8110292, -36.9633502], [174.8101292, -36.9633502], [174.8101292, -36.9642502], [174.8110292, -36.9642502]]]}, "properties": {"row": 14, "col": 34, "elevation_m": 14.6, "low_elevation": false, "drain_deficiency": 0.75, "adjusted_score": 37.5}}, {"type": "Feature", "geometry": {"type": "Polygon", "coordinates": [[[174.8119292, -36.9642502], [174.8119292, -36.9633502], [174.8110292, -36.9633502], [174.8110292, -36.9642502], [174.8119292, -36.9642502]]]}, "properties": {"row": 14, "col": 35, "elevation_m": 12.7, "low_elevation": false, "drain_deficiency": 0.625, "adjusted_score": 31.2}}, {"type": "Feature", "geometry": {"type": "Polygon", "coordinates": [[[174.8128292, -36.9642502], [174.8128292, -36.9633502], [174.8119292, -36.9633502], [174.8119292, -36.9642502], [174.8128292, -36.9642502]]]}, "properties": {"row": 14, "col": 36, "elevation_m": 10.8, "low_elevation": false, "drain_deficiency": 0.136, "adjusted_score": 6.8}}, {"type": "Feature", "geometry": {"type": "Polygon", "coordinates": [[[174.8137292, -36.9642502], [174.8137292, -36.9633502], [174.8128292, -36.9633502], [174.8128292, -36.9642502], [174.8137292, -36.9642502]]]}, "properties": {"row": 14, "col": 37, "elevation_m": 9.7, "low_elevation": false, "drain_deficiency": 0.315, "adjusted_score": 15.8}}, {"type": "Feature", "geometry": {"type": "Polygon", "coordinates": [[[174.8146292, -36.9642502], [174.8146292, -36.9633502], [174.8137292, -36.9633502], [174.8137292, -36.9642502], [174.8146292, -36.9642502]]]}, "properties": {"row": 14, "col": 38, "elevation_m": 10.3, "low_elevation": false, "drain_deficiency": 0.5, "adjusted_score": 25.0}}, {"type": "Feature", "geometry": {"type": "Polygon", "coordinates": [[[174.81552920000001, -36.9642502], [174.81552920000001, -36.9633502], [174.8146292, -36.9633502], [174.8146292, -36.9642502], [174.81552920000001, -36.9642502]]]}, "properties": {"row": 14, "col": 39, "elevation_m": 11.8, "low_elevation": false, "drain_deficiency": 0.5, "adjusted_score": 25.0}}, {"type": "Feature", "geometry": {"type": "Polygon", "coordinates": [[[174.81642920000002, -36.9642502], [174.81642920000002, -36.9633502], [174.81552920000001, -36.9633502], [174.81552920000001, -36.9642502], [174.81642920000002, -36.9642502]]]}, "properties": {"row": 14, "col": 40, "elevation_m": 13.9, "low_elevation": false, "drain_deficiency": 1.0, "adjusted_score": 50.0}}, {"type": "Feature", "geometry": {"type": "Polygon", "coordinates": [[[174.81732920000002, -36.9642502], [174.81732920000002, -36.9633502], [174.81642920000002, -36.9633502], [174.81642920000002, -36.9642502], [174.81732920000002, -36.9642502]]]}, "properties": {"row": 14, "col": 41, "elevation_m": 14.8, "low_elevation": false, "drain_deficiency": 0.962, "adjusted_score": 48.1}}, {"type": "Feature", "geometry": {"type": "Polygon", "coordinates": [[[174.81822920000002, -36.9642502], [174.81822920000002, -36.9633502], [174.81732920000002, -36.9633502], [174.81732920000002, -36.9642502], [174.81822920000002, -36.9642502]]]}, "properties": {"row": 14, "col": 42, "elevation_m": 15.3, "low_elevation": false, "drain_deficiency": 0.684, "adjusted_score": 34.2}}, {"type": "Feature", "geometry": {"type": "Polygon", "coordinates": [[[174.81912920000002, -36.9642502], [174.81912920000002, -36.9633502], [174.81822920000002, -36.9633502], [174.81822920000002, -36.9642502], [174.81912920000002, -36.9642502]]]}, "properties": {"row": 14, "col": 43, "elevation_m": 13.8, "low_elevation": false, "drain_deficiency": 0.611, "adjusted_score": 30.6}}, {"type": "Feature", "geometry": {"type": "Polygon", "coordinates": [[[174.82002920000002, -36.9642502], [174.82002920000002, -36.9633502], [174.81912920000002, -36.9633502], [174.81912920000002, -36.9642502], [174.82002920000002, -36.9642502]]]}, "properties": {"row": 14, "col": 44, "elevation_m": 13.3, "low_elevation": false, "drain_deficiency": 0.724, "adjusted_score": 36.2}}, {"type": "Feature", "geometry": {"type": "Polygon", "coordinates": [[[174.78042920000001, -36.965150200000004], [174.78042920000001, -36.9642502], [174.7795292, -36.9642502], [174.7795292, -36.965150200000004], [174.78042920000001, -36.965150200000004]]]}, "properties": {"row": 15, "col": 0, "elevation_m": 8.8, "low_elevation": false, "drain_deficiency": 1.0, "adjusted_score": 50.0}}, {"type": "Feature", "geometry": {"type": "Polygon", "coordinates": [[[174.78132920000002, -36.965150200000004], [174.78132920000002, -36.9642502], [174.78042920000001, -36.9642502], [174.78042920000001, -36.965150200000004], [174.78132920000002, -36.965150200000004]]]}, "properties": {"row": 15, "col": 1, "elevation_m": 9.6, "low_elevation": false, "drain_deficiency": 1.0, "adjusted_score": 50.0}}, {"type": "Feature", "geometry": {"type": "Polygon", "coordinates": [[[174.78222920000002, -36.965150200000004], [174.78222920000002, -36.9642502], [174.78132920000002, -36.9642502], [174.78132920000002, -36.965150200000004], [174.78222920000002, -36.965150200000004]]]}, "properties": {"row": 15, "col": 2, "elevation_m": 7.7, "low_elevation": false, "drain_deficiency": 1.0, "adjusted_score": 50.0}}, {"type": "Feature", "geometry": {"type": "Polygon", "coordinates": [[[174.78312920000002, -36.965150200000004], [174.78312920000002, -36.9642502], [174.78222920000002, -36.9642502], [174.78222920000002, -36.965150200000004], [174.78312920000002, -36.965150200000004]]]}, "properties": {"row": 15, "col": 3, "elevation_m": 6.9, "low_elevation": false, "drain_deficiency": 1.0, "adjusted_score": 50.0}}, {"type": "Feature", "geometry": {"type": "Polygon", "coordinates": [[[174.78402920000002, -36.965150200000004], [174.78402920000002, -36.9642502], [174.78312920000002, -36.9642502], [174.78312920000002, -36.965150200000004], [174.78402920000002, -36.965150200000004]]]}, "properties": {"row": 15, "col": 4, "elevation_m": 7.1, "low_elevation": false, "drain_deficiency": 0.922, "adjusted_score": 46.1}}, {"type": "Feature", "geometry": {"type": "Polygon", "coordinates": [[[174.78492920000002, -36.965150200000004], [174.78492920000002, -36.9642502], [174.78402920000002, -36.9642502], [174.78402920000002, -36.965150200000004], [174.78492920000002, -36.965150200000004]]]}, "properties": {"row": 15, "col": 5, "elevation_m": 8.8, "low_elevation": false, "drain_deficiency": 0.375, "adjusted_score": 18.8}}, {"type": "Feature", "geometry": {"type": "Polygon", "coordinates": [[[174.78582920000002, -36.965150200000004], [174.78582920000002, -36.9642502], [174.78492920000002, -36.9642502], [174.78492920000002, -36.965150200000004], [174.78582920000002, -36.965150200000004]]]}, "properties": {"row": 15, "col": 6, "elevation_m": 8.2, "low_elevation": false, "drain_deficiency": 0.625, "adjusted_score": 31.2}}, {"type": "Feature", "geometry": {"type": "Polygon", "coordinates": [[[174.78672920000002, -36.965150200000004], [174.78672920000002, -36.9642502], [174.78582920000002, -36.9642502], [174.78582920000002, -36.965150200000004], [174.78672920000002, -36.965150200000004]]]}, "properties": {"row": 15, "col": 7, "elevation_m": 7.3, "low_elevation": false, "drain_deficiency": 0.375, "adjusted_score": 18.8}}, {"type": "Feature", "geometry": {"type": "Polygon", "coordinates": [[[174.78762920000003, -36.965150200000004], [174.78762920000003, -36.9642502], [174.78672920000002, -36.9642502], [174.78672920000002, -36.965150200000004], [174.78762920000003, -36.965150200000004]]]}, "properties": {"row": 15, "col": 8, "elevation_m": 6.9, "low_elevation": false, "drain_deficiency": 0.625, "adjusted_score": 31.2}}, {"type": "Feature", "geometry": {"type": "Polygon", "coordinates": [[[174.78852920000003, -36.965150200000004], [174.78852920000003, -36.9642502], [174.78762920000003, -36.9642502], [174.78762920000003, -36.965150200000004], [174.78852920000003, -36.965150200000004]]]}, "properties": {"row": 15, "col": 9, "elevation_m": 6.8, "low_elevation": false, "drain_deficiency": 0.625, "adjusted_score": 31.2}}, {"type": "Feature", "geometry": {"type": "Polygon", "coordinates": [[[174.7894292, -36.965150200000004], [174.7894292, -36.9642502], [174.7885292, -36.9642502], [174.7885292, -36.965150200000004], [174.7894292, -36.965150200000004]]]}, "properties": {"row": 15, "col": 10, "elevation_m": 6.9, "low_elevation": false, "drain_deficiency": 0.625, "adjusted_score": 31.2}}, {"type": "Feature", "geometry": {"type": "Polygon", "coordinates": [[[174.7903292, -36.965150200000004], [174.7903292, -36.9642502], [174.7894292, -36.9642502], [174.7894292, -36.965150200000004], [174.7903292, -36.965150200000004]]]}, "properties": {"row": 15, "col": 11, "elevation_m": 6.9, "low_elevation": false, "drain_deficiency": 0.326, "adjusted_score": 16.3}}, {"type": "Feature", "geometry": {"type": "Polygon", "coordinates": [[[174.7912292, -36.965150200000004], [174.7912292, -36.9642502], [174.7903292, -36.9642502], [174.7903292, -36.965150200000004], [174.7912292, -36.965150200000004]]]}, "properties": {"row": 15, "col": 12, "elevation_m": 6.7, "low_elevation": false, "drain_deficiency": 0.182, "adjusted_score": 9.1}}, {"type": "Feature", "geometry": {"type": "Polygon", "coordinates": [[[174.7921292, -36.965150200000004], [174.7921292, -36.9642502], [174.7912292, -36.9642502], [174.7912292, -36.965150200000004], [174.7921292, -36.965150200000004]]]}, "properties": {"row": 15, "col": 13, "elevation_m": 6.6, "low_elevation": false, "drain_deficiency": 0.625, "adjusted_score": 31.2}}, {"type": "Feature", "geometry": {"type": "Polygon", "coordinates": [[[174.7930292, -36.965150200000004], [174.7930292, -36.9642502], [174.7921292, -36.9642502], [174.7921292, -36.965150200000004], [174.7930292, -36.965150200000004]]]}, "properties": {"row": 15, "col": 14, "elevation_m": 7.7, "low_elevation": false, "drain_deficiency": 0.5, "adjusted_score": 25.0}}, {"type": "Feature", "geometry": {"type": "Polygon", "coordinates": [[[174.7939292, -36.965150200000004], [174.7939292, -36.9642502], [174.7930292, -36.9642502], [174.7930292, -36.965150200000004], [174.7939292, -36.965150200000004]]]}, "properties": {"row": 15, "col": 15, "elevation_m": 7.8, "low_elevation": false, "drain_deficiency": 0.5, "adjusted_score": 25.0}}, {"type": "Feature", "geometry": {"type": "Polygon", "coordinates": [[[174.7948292, -36.965150200000004], [174.7948292, -36.9642502], [174.7939292, -36.9642502], [174.7939292, -36.965150200000004], [174.7948292, -36.965150200000004]]]}, "properties": {"row": 15, "col": 16, "elevation_m": 7.4, "low_elevation": false, "drain_deficiency": 0.511, "adjusted_score": 25.5}}, {"type": "Feature", "geometry": {"type": "Polygon", "coordinates": [[[174.7957292, -36.965150200000004], [174.7957292, -36.9642502], [174.7948292, -36.9642502], [174.7948292, -36.965150200000004], [174.7957292, -36.965150200000004]]]}, "properties": {"row": 15, "col": 17, "elevation_m": 6.6, "low_elevation": false, "drain_deficiency": 0.393, "adjusted_score": 19.7}}, {"type": "Feature", "geometry": {"type": "Polygon", "coordinates": [[[174.7966292, -36.965150200000004], [174.7966292, -36.9642502], [174.7957292, -36.9642502], [174.7957292, -36.965150200000004], [174.7966292, -36.965150200000004]]]}, "properties": {"row": 15, "col": 18, "elevation_m": 7.5, "low_elevation": false, "drain_deficiency": 0.065, "adjusted_score": 3.2}}, {"type": "Feature", "geometry": {"type": "Polygon", "coordinates": [[[174.7975292, -36.965150200000004], [174.7975292, -36.9642502], [174.7966292, -36.9642502], [174.7966292, -36.965150200000004], [174.7975292, -36.965150200000004]]]}, "properties": {"row": 15, "col": 19, "elevation_m": 8.4, "low_elevation": false, "drain_deficiency": 0.574, "adjusted_score": 28.7}}, {"type": "Feature", "geometry": {"type": "Polygon", "coordinates": [[[174.79842920000002, -36.965150200000004], [174.79842920000002, -36.9642502], [174.7975292, -36.9642502], [174.7975292, -36.965150200000004], [174.79842920000002, -36.965150200000004]]]}, "properties": {"row": 15, "col": 20, "elevation_m": 8.2, "low_elevation": false, "drain_deficiency": 1.0, "adjusted_score": 50.0}}, {"type": "Feature", "geometry": {"type": "Polygon", "coordinates": [[[174.79932920000002, -36.965150200000004], [174.79932920000002, -36.9642502], [174.79842920000002, -36.9642502], [174.79842920000002, -36.965150200000004], [174.79932920000002, -36.965150200000004]]]}, "properties": {"row": 15, "col": 21, "elevation_m": 7.5, "low_elevation": false, "drain_deficiency": 1.0, "adjusted_score": 50.0}}, {"type": "Feature", "geometry": {"type": "Polygon", "coordinates": [[[174.80022920000002, -36.965150200000004], [174.80022920000002, -36.9642502], [174.79932920000002, -36.9642502], [174.79932920000002, -36.965150200000004], [174.80022920000002, -36.965150200000004]]]}, "properties": {"row": 15, "col": 22, "elevation_m": 8.8, "low_elevation": false, "drain_deficiency": 1.0, "adjusted_score": 50.0}}, {"type": "Feature", "geometry": {"type": "Polygon", "coordinates": [[[174.80112920000002, -36.965150200000004], [174.80112920000002, -36.9642502], [174.80022920000002, -36.9642502], [174.80022920000002, -36.965150200000004], [174.80112920000002, -36.965150200000004]]]}, "properties": {"row": 15, "col": 23, "elevation_m": 10.9, "low_elevation": false, "drain_deficiency": 1.0, "adjusted_score": 50.0}}, {"type": "Feature", "geometry": {"type": "Polygon", "coordinates": [[[174.80202920000002, -36.965150200000004], [174.80202920000002, -36.9642502], [174.80112920000002, -36.9642502], [174.80112920000002, -36.965150200000004], [174.80202920000002, -36.965150200000004]]]}, "properties": {"row": 15, "col": 24, "elevation_m": 10.8, "low_elevation": false, "drain_deficiency": 1.0, "adjusted_score": 50.0}}, {"type": "Feature", "geometry": {"type": "Polygon", "coordinates": [[[174.80292920000002, -36.965150200000004], [174.80292920000002, -36.9642502], [174.80202920000002, -36.9642502], [174.80202920000002, -36.965150200000004], [174.80292920000002, -36.965150200000004]]]}, "properties": {"row": 15, "col": 25, "elevation_m": 9.4, "low_elevation": false, "drain_deficiency": 1.0, "adjusted_score": 50.0}}, {"type": "Feature", "geometry": {"type": "Polygon", "coordinates": [[[174.80382920000002, -36.965150200000004], [174.80382920000002, -36.9642502], [174.80292920000002, -36.9642502], [174.80292920000002, -36.965150200000004], [174.80382920000002, -36.965150200000004]]]}, "properties": {"row": 15, "col": 26, "elevation_m": 10.4, "low_elevation": false, "drain_deficiency": 1.0, "adjusted_score": 50.0}}, {"type": "Feature", "geometry": {"type": "Polygon", "coordinates": [[[174.80472920000003, -36.965150200000004], [174.80472920000003, -36.9642502], [174.80382920000002, -36.9642502], [174.80382920000002, -36.965150200000004], [174.80472920000003, -36.965150200000004]]]}, "properties": {"row": 15, "col": 27, "elevation_m": 9.5, "low_elevation": false, "drain_deficiency": 0.822, "adjusted_score": 41.1}}, {"type": "Feature", "geometry": {"type": "Polygon", "coordinates": [[[174.80562920000003, -36.965150200000004], [174.80562920000003, -36.9642502], [174.80472920000003, -36.9642502], [174.80472920000003, -36.965150200000004], [174.80562920000003, -36.965150200000004]]]}, "properties": {"row": 15, "col": 28, "elevation_m": 10.3, "low_elevation": false, "drain_deficiency": 0.855, "adjusted_score": 42.7}}, {"type": "Feature", "geometry": {"type": "Polygon", "coordinates": [[[174.80652920000003, -36.965150200000004], [174.80652920000003, -36.9642502], [174.80562920000003, -36.9642502], [174.80562920000003, -36.965150200000004], [174.80652920000003, -36.965150200000004]]]}, "properties": {"row": 15, "col": 29, "elevation_m": 12.3, "low_elevation": false, "drain_deficiency": 0.922, "adjusted_score": 46.1}}, {"type": "Feature", "geometry": {"type": "Polygon", "coordinates": [[[174.8074292, -36.965150200000004], [174.8074292, -36.9642502], [174.8065292, -36.9642502], [174.8065292, -36.965150200000004], [174.8074292, -36.965150200000004]]]}, "properties": {"row": 15, "col": 30, "elevation_m": 16.6, "low_elevation": false, "drain_deficiency": 0.458, "adjusted_score": 22.9}}, {"type": "Feature", "geometry": {"type": "Polygon", "coordinates": [[[174.8083292, -36.965150200000004], [174.8083292, -36.9642502], [174.8074292, -36.9642502], [174.8074292, -36.965150200000004], [174.8083292, -36.965150200000004]]]}, "properties": {"row": 15, "col": 31, "elevation_m": 16.3, "low_elevation": false, "drain_deficiency": 0.25, "adjusted_score": 12.5}}, {"type": "Feature", "geometry": {"type": "Polygon", "coordinates": [[[174.8092292, -36.965150200000004], [174.8092292, -36.9642502], [174.8083292, -36.9642502], [174.8083292, -36.965150200000004], [174.8092292, -36.965150200000004]]]}, "properties": {"row": 15, "col": 32, "elevation_m": 14.9, "low_elevation": false, "drain_deficiency": 0.591, "adjusted_score": 29.5}}, {"type": "Feature", "geometry": {"type": "Polygon", "coordinates": [[[174.8101292, -36.965150200000004], [174.8101292, -36.9642502], [174.8092292, -36.9642502], [174.8092292, -36.965150200000004], [174.8101292, -36.965150200000004]]]}, "properties": {"row": 15, "col": 33, "elevation_m": 14.5, "low_elevation": false, "drain_deficiency": 0.75, "adjusted_score": 37.5}}, {"type": "Feature", "geometry": {"type": "Polygon", "coordinates": [[[174.8110292, -36.965150200000004], [174.8110292, -36.9642502], [174.8101292, -36.9642502], [174.8101292, -36.965150200000004], [174.8110292, -36.965150200000004]]]}, "properties": {"row": 15, "col": 34, "elevation_m": 14.4, "low_elevation": false, "drain_deficiency": 0.073, "adjusted_score": 3.7}}, {"type": "Feature", "geometry": {"type": "Polygon", "coordinates": [[[174.8119292, -36.965150200000004], [174.8119292, -36.9642502], [174.8110292, -36.9642502], [174.8110292, -36.965150200000004], [174.8119292, -36.965150200000004]]]}, "properties": {"row": 15, "col": 35, "elevation_m": 14.0, "low_elevation": false, "drain_deficiency": 0.147, "adjusted_score": 7.3}}, {"type": "Feature", "geometry": {"type": "Polygon", "coordinates": [[[174.8128292, -36.965150200000004], [174.8128292, -36.9642502], [174.8119292, -36.9642502], [174.8119292, -36.965150200000004], [174.8128292, -36.965150200000004]]]}, "properties": {"row": 15, "col": 36, "elevation_m": 12.6, "low_elevation": false, "drain_deficiency": 0.51, "adjusted_score": 25.5}}, {"type": "Feature", "geometry": {"type": "Polygon", "coordinates": [[[174.8137292, -36.965150200000004], [174.8137292, -36.9642502], [174.8128292, -36.9642502], [174.8128292, -36.965150200000004], [174.8137292, -36.965150200000004]]]}, "properties": {"row": 15, "col": 37, "elevation_m": 11.4, "low_elevation": false, "drain_deficiency": 0.279, "adjusted_score": 14.0}}, {"type": "Feature", "geometry": {"type": "Polygon", "coordinates": [[[174.8146292, -36.965150200000004], [174.8146292, -36.9642502], [174.8137292, -36.9642502], [174.8137292, -36.965150200000004], [174.8146292, -36.965150200000004]]]}, "properties": {"row": 15, "col": 38, "elevation_m": 11.5, "low_elevation": false, "drain_deficiency": 0.375, "adjusted_score": 18.8}}, {"type": "Feature", "geometry": {"type": "Polygon", "coordinates": [[[174.81552920000001, -36.965150200000004], [174.81552920000001, -36.9642502], [174.8146292, -36.9642502], [174.8146292, -36.965150200000004], [174.81552920000001, -36.965150200000004]]]}, "properties": {"row": 15, "col": 39, "elevation_m": 12.9, "low_elevation": false, "drain_deficiency": 0.382, "adjusted_score": 19.1}}, {"type": "Feature", "geometry": {"type": "Polygon", "coordinates": [[[174.81642920000002, -36.965150200000004], [174.81642920000002, -36.9642502], [174.81552920000001, -36.9642502], [174.81552920000001, -36.965150200000004], [174.81642920000002, -36.965150200000004]]]}, "properties": {"row": 15, "col": 40, "elevation_m": 14.4, "low_elevation": false, "drain_deficiency": 0.597, "adjusted_score": 29.8}}, {"type": "Feature", "geometry": {"type": "Polygon", "coordinates": [[[174.81732920000002, -36.965150200000004], [174.81732920000002, -36.9642502], [174.81642920000002, -36.9642502], [174.81642920000002, -36.965150200000004], [174.81732920000002, -36.965150200000004]]]}, "properties": {"row": 15, "col": 41, "elevation_m": 14.9, "low_elevation": false, "drain_deficiency": 0.948, "adjusted_score": 47.4}}, {"type": "Feature", "geometry": {"type": "Polygon", "coordinates": [[[174.81822920000002, -36.965150200000004], [174.81822920000002, -36.9642502], [174.81732920000002, -36.9642502], [174.81732920000002, -36.965150200000004], [174.81822920000002, -36.965150200000004]]]}, "properties": {"row": 15, "col": 42, "elevation_m": 14.7, "low_elevation": false, "drain_deficiency": 1.0, "adjusted_score": 50.0}}, {"type": "Feature", "geometry": {"type": "Polygon", "coordinates": [[[174.81912920000002, -36.965150200000004], [174.81912920000002, -36.9642502], [174.81822920000002, -36.9642502], [174.81822920000002, -36.965150200000004], [174.81912920000002, -36.965150200000004]]]}, "properties": {"row": 15, "col": 43, "elevation_m": 14.6, "low_elevation": false, "drain_deficiency": 1.0, "adjusted_score": 50.0}}, {"type": "Feature", "geometry": {"type": "Polygon", "coordinates": [[[174.82002920000002, -36.965150200000004], [174.82002920000002, -36.9642502], [174.81912920000002, -36.9642502], [174.81912920000002, -36.965150200000004], [174.82002920000002, -36.965150200000004]]]}, "properties": {"row": 15, "col": 44, "elevation_m": 14.7, "low_elevation": false, "drain_deficiency": 0.668, "adjusted_score": 33.4}}, {"type": "Feature", "geometry": {"type": "Polygon", "coordinates": [[[174.78042920000001, -36.966050200000005], [174.78042920000001, -36.965150200000004], [174.7795292, -36.965150200000004], [174.7795292, -36.966050200000005], [174.78042920000001, -36.966050200000005]]]}, "properties": {"row": 16, "col": 0, "elevation_m": 7.9, "low_elevation": false, "drain_deficiency": 1.0, "adjusted_score": 50.0}}, {"type": "Feature", "geometry": {"type": "Polygon", "coordinates": [[[174.78132920000002, -36.966050200000005], [174.78132920000002, -36.965150200000004], [174.78042920000001, -36.965150200000004], [174.78042920000001, -36.966050200000005], [174.78132920000002, -36.966050200000005]]]}, "properties": {"row": 16, "col": 1, "elevation_m": 10.5, "low_elevation": false, "drain_deficiency": 1.0, "adjusted_score": 50.0}}, {"type": "Feature", "geometry": {"type": "Polygon", "coordinates": [[[174.78222920000002, -36.966050200000005], [174.78222920000002, -36.965150200000004], [174.78132920000002, -36.965150200000004], [174.78132920000002, -36.966050200000005], [174.78222920000002, -36.966050200000005]]]}, "properties": {"row": 16, "col": 2, "elevation_m": 8.3, "low_elevation": false, "drain_deficiency": 1.0, "adjusted_score": 50.0}}, {"type": "Feature", "geometry": {"type": "Polygon", "coordinates": [[[174.78312920000002, -36.966050200000005], [174.78312920000002, -36.965150200000004], [174.78222920000002, -36.965150200000004], [174.78222920000002, -36.966050200000005], [174.78312920000002, -36.966050200000005]]]}, "properties": {"row": 16, "col": 3, "elevation_m": 8.0, "low_elevation": false, "drain_deficiency": 1.0, "adjusted_score": 50.0}}, {"type": "Feature", "geometry": {"type": "Polygon", "coordinates": [[[174.78402920000002, -36.966050200000005], [174.78402920000002, -36.965150200000004], [174.78312920000002, -36.965150200000004], [174.78312920000002, -36.966050200000005], [174.78402920000002, -36.966050200000005]]]}, "properties": {"row": 16, "col": 4, "elevation_m": 8.2, "low_elevation": false, "drain_deficiency": 1.0, "adjusted_score": 50.0}}, {"type": "Feature", "geometry": {"type": "Polygon", "coordinates": [[[174.78492920000002, -36.966050200000005], [174.78492920000002, -36.965150200000004], [174.78402920000002, -36.965150200000004], [174.78402920000002, -36.966050200000005], [174.78492920000002, -36.966050200000005]]]}, "properties": {"row": 16, "col": 5, "elevation_m": 9.7, "low_elevation": false, "drain_deficiency": 0.81, "adjusted_score": 40.5}}, {"type": "Feature", "geometry": {"type": "Polygon", "coordinates": [[[174.78582920000002, -36.966050200000005], [174.78582920000002, -36.965150200000004], [174.78492920000002, -36.965150200000004], [174.78492920000002, -36.966050200000005], [174.78582920000002, -36.966050200000005]]]}, "properties": {"row": 16, "col": 6, "elevation_m": 9.9, "low_elevation": false, "drain_deficiency": 0.75, "adjusted_score": 37.5}}, {"type": "Feature", "geometry": {"type": "Polygon", "coordinates": [[[174.78672920000002, -36.966050200000005], [174.78672920000002, -36.965150200000004], [174.78582920000002, -36.965150200000004], [174.78582920000002, -36.966050200000005], [174.78672920000002, -36.966050200000005]]]}, "properties": {"row": 16, "col": 7, "elevation_m": 8.5, "low_elevation": false, "drain_deficiency": 0.75, "adjusted_score": 37.5}}, {"type": "Feature", "geometry": {"type": "Polygon", "coordinates": [[[174.78762920000003, -36.966050200000005], [174.78762920000003, -36.965150200000004], [174.78672920000002, -36.965150200000004], [174.78672920000002, -36.966050200000005], [174.78762920000003, -36.966050200000005]]]}, "properties": {"row": 16, "col": 8, "elevation_m": 7.3, "low_elevation": false, "drain_deficiency": 0.182, "adjusted_score": 9.1}}, {"type": "Feature", "geometry": {"type": "Polygon", "coordinates": [[[174.78852920000003, -36.966050200000005], [174.78852920000003, -36.965150200000004], [174.78762920000003, -36.965150200000004], [174.78762920000003, -36.966050200000005], [174.78852920000003, -36.966050200000005]]]}, "properties": {"row": 16, "col": 9, "elevation_m": 6.5, "low_elevation": false, "drain_deficiency": 0.75, "adjusted_score": 37.5}}, {"type": "Feature", "geometry": {"type": "Polygon", "coordinates": [[[174.7894292, -36.966050200000005], [174.7894292, -36.965150200000004], [174.7885292, -36.965150200000004], [174.7885292, -36.966050200000005], [174.7894292, -36.966050200000005]]]}, "properties": {"row": 16, "col": 10, "elevation_m": 6.7, "low_elevation": false, "drain_deficiency": 0.281, "adjusted_score": 14.1}}, {"type": "Feature", "geometry": {"type": "Polygon", "coordinates": [[[174.7903292, -36.966050200000005], [174.7903292, -36.965150200000004], [174.7894292, -36.965150200000004], [174.7894292, -36.966050200000005], [174.7903292, -36.966050200000005]]]}, "properties": {"row": 16, "col": 11, "elevation_m": 7.0, "low_elevation": false, "drain_deficiency": 0.5, "adjusted_score": 25.0}}, {"type": "Feature", "geometry": {"type": "Polygon", "coordinates": [[[174.7912292, -36.966050200000005], [174.7912292, -36.965150200000004], [174.7903292, -36.965150200000004], [174.7903292, -36.966050200000005], [174.7912292, -36.966050200000005]]]}, "properties": {"row": 16, "col": 12, "elevation_m": 7.2, "low_elevation": false, "drain_deficiency": 0.321, "adjusted_score": 16.1}}, {"type": "Feature", "geometry": {"type": "Polygon", "coordinates": [[[174.7921292, -36.966050200000005], [174.7921292, -36.965150200000004], [174.7912292, -36.965150200000004], [174.7912292, -36.966050200000005], [174.7921292, -36.966050200000005]]]}, "properties": {"row": 16, "col": 13, "elevation_m": 7.8, "low_elevation": false, "drain_deficiency": 0.625, "adjusted_score": 31.2}}, {"type": "Feature", "geometry": {"type": "Polygon", "coordinates": [[[174.7930292, -36.966050200000005], [174.7930292, -36.965150200000004], [174.7921292, -36.965150200000004], [174.7921292, -36.966050200000005], [174.7930292, -36.966050200000005]]]}, "properties": {"row": 16, "col": 14, "elevation_m": 9.3, "low_elevation": false, "drain_deficiency": 0.625, "adjusted_score": 31.2}}, {"type": "Feature", "geometry": {"type": "Polygon", "coordinates": [[[174.7939292, -36.966050200000005], [174.7939292, -36.965150200000004], [174.7930292, -36.965150200000004], [174.7930292, -36.966050200000005], [174.7939292, -36.966050200000005]]]}, "properties": {"row": 16, "col": 15, "elevation_m": 8.5, "low_elevation": false, "drain_deficiency": 0.75, "adjusted_score": 37.5}}, {"type": "Feature", "geometry": {"type": "Polygon", "coordinates": [[[174.7948292, -36.966050200000005], [174.7948292, -36.965150200000004], [174.7939292, -36.965150200000004], [174.7939292, -36.966050200000005], [174.7948292, -36.966050200000005]]]}, "properties": {"row": 16, "col": 16, "elevation_m": 7.6, "low_elevation": false, "drain_deficiency": 0.75, "adjusted_score": 37.5}}, {"type": "Feature", "geometry": {"type": "Polygon", "coordinates": [[[174.7957292, -36.966050200000005], [174.7957292, -36.965150200000004], [174.7948292, -36.965150200000004], [174.7948292, -36.966050200000005], [174.7957292, -36.966050200000005]]]}, "properties": {"row": 16, "col": 17, "elevation_m": 7.7, "low_elevation": false, "drain_deficiency": 0.75, "adjusted_score": 37.5}}, {"type": "Feature", "geometry": {"type": "Polygon", "coordinates": [[[174.7966292, -36.966050200000005], [174.7966292, -36.965150200000004], [174.7957292, -36.965150200000004], [174.7957292, -36.966050200000005], [174.7966292, -36.966050200000005]]]}, "properties": {"row": 16, "col": 18, "elevation_m": 9.3, "low_elevation": false, "drain_deficiency": 0.25, "adjusted_score": 12.5}}, {"type": "Feature", "geometry": {"type": "Polygon", "coordinates": [[[174.7975292, -36.966050200000005], [174.7975292, -36.965150200000004], [174.7966292, -36.965150200000004], [174.7966292, -36.966050200000005], [174.7975292, -36.966050200000005]]]}, "properties": {"row": 16, "col": 19, "elevation_m": 9.4, "low_elevation": false, "drain_deficiency": 0.661, "adjusted_score": 33.1}}, {"type": "Feature", "geometry": {"type": "Polygon", "coordinates": [[[174.79842920000002, -36.966050200000005], [174.79842920000002, -36.965150200000004], [174.7975292, -36.965150200000004], [174.7975292, -36.966050200000005], [174.79842920000002, -36.966050200000005]]]}, "properties": {"row": 16, "col": 20, "elevation_m": 7.9, "low_elevation": false, "drain_deficiency": 1.0, "adjusted_score": 50.0}}, {"type": "Feature", "geometry": {"type": "Polygon", "coordinates": [[[174.79932920000002, -36.966050200000005], [174.79932920000002, -36.965150200000004], [174.79842920000002, -36.965150200000004], [174.79842920000002, -36.966050200000005], [174.79932920000002, -36.966050200000005]]]}, "properties": {"row": 16, "col": 21, "elevation_m": 7.9, "low_elevation": false, "drain_deficiency": 1.0, "adjusted_score": 50.0}}, {"type": "Feature", "geometry": {"type": "Polygon", "coordinates": [[[174.80022920000002, -36.966050200000005], [174.80022920000002, -36.965150200000004], [174.79932920000002, -36.965150200000004], [174.79932920000002, -36.966050200000005], [174.80022920000002, -36.966050200000005]]]}, "properties": {"row": 16, "col": 22, "elevation_m": 7.3, "low_elevation": false, "drain_deficiency": 1.0, "adjusted_score": 50.0}}, {"type": "Feature", "geometry": {"type": "Polygon", "coordinates": [[[174.80112920000002, -36.966050200000005], [174.80112920000002, -36.965150200000004], [174.80022920000002, -36.965150200000004], [174.80022920000002, -36.966050200000005], [174.80112920000002, -36.966050200000005]]]}, "properties": {"row": 16, "col": 23, "elevation_m": 7.7, "low_elevation": false, "drain_deficiency": 1.0, "adjusted_score": 50.0}}, {"type": "Feature", "geometry": {"type": "Polygon", "coordinates": [[[174.80202920000002, -36.966050200000005], [174.80202920000002, -36.965150200000004], [174.80112920000002, -36.965150200000004], [174.80112920000002, -36.966050200000005], [174.80202920000002, -36.966050200000005]]]}, "properties": {"row": 16, "col": 24, "elevation_m": 8.9, "low_elevation": false, "drain_deficiency": 1.0, "adjusted_score": 50.0}}, {"type": "Feature", "geometry": {"type": "Polygon", "coordinates": [[[174.80292920000002, -36.966050200000005], [174.80292920000002, -36.965150200000004], [174.80202920000002, -36.965150200000004], [174.80202920000002, -36.966050200000005], [174.80292920000002, -36.966050200000005]]]}, "properties": {"row": 16, "col": 25, "elevation_m": 10.4, "low_elevation": false, "drain_deficiency": 0.935, "adjusted_score": 46.8}}, {"type": "Feature", "geometry": {"type": "Polygon", "coordinates": [[[174.80382920000002, -36.966050200000005], [174.80382920000002, -36.965150200000004], [174.80292920000002, -36.965150200000004], [174.80292920000002, -36.966050200000005], [174.80382920000002, -36.966050200000005]]]}, "properties": {"row": 16, "col": 26, "elevation_m": 9.9, "low_elevation": false, "drain_deficiency": 0.884, "adjusted_score": 44.2}}, {"type": "Feature", "geometry": {"type": "Polygon", "coordinates": [[[174.80472920000003, -36.966050200000005], [174.80472920000003, -36.965150200000004], [174.80382920000002, -36.965150200000004], [174.80382920000002, -36.966050200000005], [174.80472920000003, -36.966050200000005]]]}, "properties": {"row": 16, "col": 27, "elevation_m": 9.7, "low_elevation": false, "drain_deficiency": 0.5, "adjusted_score": 25.0}}, {"type": "Feature", "geometry": {"type": "Polygon", "coordinates": [[[174.80562920000003, -36.966050200000005], [174.80562920000003, -36.965150200000004], [174.80472920000003, -36.965150200000004], [174.80472920000003, -36.966050200000005], [174.80562920000003, -36.966050200000005]]]}, "properties": {"row": 16, "col": 28, "elevation_m": 9.9, "low_elevation": false, "drain_deficiency": 0.5, "adjusted_score": 25.0}}, {"type": "Feature", "geometry": {"type": "Polygon", "coordinates": [[[174.80652920000003, -36.966050200000005], [174.80652920000003, -36.965150200000004], [174.80562920000003, -36.965150200000004], [174.80562920000003, -36.966050200000005], [174.80652920000003, -36.966050200000005]]]}, "properties": {"row": 16, "col": 29, "elevation_m": 11.7, "low_elevation": false, "drain_deficiency": 0.628, "adjusted_score": 31.4}}, {"type": "Feature", "geometry": {"type": "Polygon", "coordinates": [[[174.8074292, -36.966050200000005], [174.8074292, -36.965150200000004], [174.8065292, -36.965150200000004], [174.8065292, -36.966050200000005], [174.8074292, -36.966050200000005]]]}, "properties": {"row": 16, "col": 30, "elevation_m": 14.9, "low_elevation": false, "drain_deficiency": 0.625, "adjusted_score": 31.2}}, {"type": "Feature", "geometry": {"type": "Polygon", "coordinates": [[[174.8083292, -36.966050200000005], [174.8083292, -36.965150200000004], [174.8074292, -36.965150200000004], [174.8074292, -36.966050200000005], [174.8083292, -36.966050200000005]]]}, "properties": {"row": 16, "col": 31, "elevation_m": 17.4, "low_elevation": false, "drain_deficiency": 0.625, "adjusted_score": 31.2}}, {"type": "Feature", "geometry": {"type": "Polygon", "coordinates": [[[174.8092292, -36.966050200000005], [174.8092292, -36.965150200000004], [174.8083292, -36.965150200000004], [174.8083292, -36.966050200000005], [174.8092292, -36.966050200000005]]]}, "properties": {"row": 16, "col": 32, "elevation_m": 16.8, "low_elevation": false, "drain_deficiency": 0.375, "adjusted_score": 18.8}}, {"type": "Feature", "geometry": {"type": "Polygon", "coordinates": [[[174.8101292, -36.966050200000005], [174.8101292, -36.965150200000004], [174.8092292, -36.965150200000004], [174.8092292, -36.966050200000005], [174.8101292, -36.966050200000005]]]}, "properties": {"row": 16, "col": 33, "elevation_m": 17.3, "low_elevation": false, "drain_deficiency": 0.375, "adjusted_score": 18.8}}, {"type": "Feature", "geometry": {"type": "Polygon", "coordinates": [[[174.8110292, -36.966050200000005], [174.8110292, -36.965150200000004], [174.8101292, -36.965150200000004], [174.8101292, -36.966050200000005], [174.8110292, -36.966050200000005]]]}, "properties": {"row": 16, "col": 34, "elevation_m": 17.0, "low_elevation": false, "drain_deficiency": 0.549, "adjusted_score": 27.4}}, {"type": "Feature", "geometry": {"type": "Polygon", "coordinates": [[[174.8119292, -36.966050200000005], [174.8119292, -36.965150200000004], [174.8110292, -36.965150200000004], [174.8110292, -36.966050200000005], [174.8119292, -36.966050200000005]]]}, "properties": {"row": 16, "col": 35, "elevation_m": 14.8, "low_elevation": false, "drain_deficiency": 0.375, "adjusted_score": 18.8}}, {"type": "Feature", "geometry": {"type": "Polygon", "coordinates": [[[174.8128292, -36.966050200000005], [174.8128292, -36.965150200000004], [174.8119292, -36.965150200000004], [174.8119292, -36.966050200000005], [174.8128292, -36.966050200000005]]]}, "properties": {"row": 16, "col": 36, "elevation_m": 13.9, "low_elevation": false, "drain_deficiency": 0.75, "adjusted_score": 37.5}}, {"type": "Feature", "geometry": {"type": "Polygon", "coordinates": [[[174.8137292, -36.966050200000005], [174.8137292, -36.965150200000004], [174.8128292, -36.965150200000004], [174.8128292, -36.966050200000005], [174.8137292, -36.966050200000005]]]}, "properties": {"row": 16, "col": 37, "elevation_m": 13.4, "low_elevation": false, "drain_deficiency": 0.362, "adjusted_score": 18.1}}, {"type": "Feature", "geometry": {"type": "Polygon", "coordinates": [[[174.8146292, -36.966050200000005], [174.8146292, -36.965150200000004], [174.8137292, -36.965150200000004], [174.8137292, -36.966050200000005], [174.8146292, -36.966050200000005]]]}, "properties": {"row": 16, "col": 38, "elevation_m": 12.8, "low_elevation": false, "drain_deficiency": 0.75, "adjusted_score": 37.5}}, {"type": "Feature", "geometry": {"type": "Polygon", "coordinates": [[[174.81552920000001, -36.966050200000005], [174.81552920000001, -36.965150200000004], [174.8146292, -36.965150200000004], [174.8146292, -36.966050200000005], [174.81552920000001, -36.966050200000005]]]}, "properties": {"row": 16, "col": 39, "elevation_m": 13.5, "low_elevation": false, "drain_deficiency": 0.375, "adjusted_score": 18.8}}, {"type": "Feature", "geometry": {"type": "Polygon", "coordinates": [[[174.81642920000002, -36.966050200000005], [174.81642920000002, -36.965150200000004], [174.81552920000001, -36.965150200000004], [174.81552920000001, -36.966050200000005], [174.81642920000002, -36.966050200000005]]]}, "properties": {"row": 16, "col": 40, "elevation_m": 14.6, "low_elevation": false, "drain_deficiency": 0.5, "adjusted_score": 25.0}}, {"type": "Feature", "geometry": {"type": "Polygon", "coordinates": [[[174.81732920000002, -36.966050200000005], [174.81732920000002, -36.965150200000004], [174.81642920000002, -36.965150200000004], [174.81642920000002, -36.966050200000005], [174.81732920000002, -36.966050200000005]]]}, "properties": {"row": 16, "col": 41, "elevation_m": 15.8, "low_elevation": false, "drain_deficiency": 0.745, "adjusted_score": 37.2}}, {"type": "Feature", "geometry": {"type": "Polygon", "coordinates": [[[174.81822920000002, -36.966050200000005], [174.81822920000002, -36.965150200000004], [174.81732920000002, -36.965150200000004], [174.81732920000002, -36.966050200000005], [174.81822920000002, -36.966050200000005]]]}, "properties": {"row": 16, "col": 42, "elevation_m": 16.6, "low_elevation": false, "drain_deficiency": 1.0, "adjusted_score": 50.0}}, {"type": "Feature", "geometry": {"type": "Polygon", "coordinates": [[[174.81912920000002, -36.966050200000005], [174.81912920000002, -36.965150200000004], [174.81822920000002, -36.965150200000004], [174.81822920000002, -36.966050200000005], [174.81912920000002, -36.966050200000005]]]}, "properties": {"row": 16, "col": 43, "elevation_m": 15.0, "low_elevation": false, "drain_deficiency": 0.75, "adjusted_score": 37.5}}, {"type": "Feature", "geometry": {"type": "Polygon", "coordinates": [[[174.82002920000002, -36.966050200000005], [174.82002920000002, -36.965150200000004], [174.81912920000002, -36.965150200000004], [174.81912920000002, -36.966050200000005], [174.82002920000002, -36.966050200000005]]]}, "properties": {"row": 16, "col": 44, "elevation_m": 14.0, "low_elevation": false, "drain_deficiency": 0.214, "adjusted_score": 10.7}}, {"type": "Feature", "geometry": {"type": "Polygon", "coordinates": [[[174.78042920000001, -36.96695020000001], [174.78042920000001, -36.966050200000005], [174.7795292, -36.966050200000005], [174.7795292, -36.96695020000001], [174.78042920000001, -36.96695020000001]]]}, "properties": {"row": 17, "col": 0, "elevation_m": 10.0, "low_elevation": false, "drain_deficiency": 1.0, "adjusted_score": 50.0}}, {"type": "Feature", "geometry": {"type": "Polygon", "coordinates": [[[174.78132920000002, -36.96695020000001], [174.78132920000002, -36.966050200000005], [174.78042920000001, -36.966050200000005], [174.78042920000001, -36.96695020000001], [174.78132920000002, -36.96695020000001]]]}, "properties": {"row": 17, "col": 1, "elevation_m": 11.6, "low_elevation": false, "drain_deficiency": 1.0, "adjusted_score": 50.0}}, {"type": "Feature", "geometry": {"type": "Polygon", "coordinates": [[[174.78222920000002, -36.96695020000001], [174.78222920000002, -36.966050200000005], [174.78132920000002, -36.966050200000005], [174.78132920000002, -36.96695020000001], [174.78222920000002, -36.96695020000001]]]}, "properties": {"row": 17, "col": 2, "elevation_m": 9.0, "low_elevation": false, "drain_deficiency": 1.0, "adjusted_score": 50.0}}, {"type": "Feature", "geometry": {"type": "Polygon", "coordinates": [[[174.78312920000002, -36.96695020000001], [174.78312920000002, -36.966050200000005], [174.78222920000002, -36.966050200000005], [174.78222920000002, -36.96695020000001], [174.78312920000002, -36.96695020000001]]]}, "properties": {"row": 17, "col": 3, "elevation_m": 8.6, "low_elevation": false, "drain_deficiency": 1.0, "adjusted_score": 50.0}}, {"type": "Feature", "geometry": {"type": "Polygon", "coordinates": [[[174.78402920000002, -36.96695020000001], [174.78402920000002, -36.966050200000005], [174.78312920000002, -36.966050200000005], [174.78312920000002, -36.96695020000001], [174.78402920000002, -36.96695020000001]]]}, "properties": {"row": 17, "col": 4, "elevation_m": 9.3, "low_elevation": false, "drain_deficiency": 1.0, "adjusted_score": 50.0}}, {"type": "Feature", "geometry": {"type": "Polygon", "coordinates": [[[174.78492920000002, -36.96695020000001], [174.78492920000002, -36.966050200000005], [174.78402920000002, -36.966050200000005], [174.78402920000002, -36.96695020000001], [174.78492920000002, -36.96695020000001]]]}, "properties": {"row": 17, "col": 5, "elevation_m": 9.8, "low_elevation": false, "drain_deficiency": 0.874, "adjusted_score": 43.7}}, {"type": "Feature", "geometry": {"type": "Polygon", "coordinates": [[[174.78582920000002, -36.96695020000001], [174.78582920000002, -36.966050200000005], [174.78492920000002, -36.966050200000005], [174.78492920000002, -36.96695020000001], [174.78582920000002, -36.96695020000001]]]}, "properties": {"row": 17, "col": 6, "elevation_m": 9.9, "low_elevation": false, "drain_deficiency": 0.75, "adjusted_score": 37.5}}, {"type": "Feature", "geometry": {"type": "Polygon", "coordinates": [[[174.78672920000002, -36.96695020000001], [174.78672920000002, -36.966050200000005], [174.78582920000002, -36.966050200000005], [174.78582920000002, -36.96695020000001], [174.78672920000002, -36.96695020000001]]]}, "properties": {"row": 17, "col": 7, "elevation_m": 8.6, "low_elevation": false, "drain_deficiency": 0.75, "adjusted_score": 37.5}}, {"type": "Feature", "geometry": {"type": "Polygon", "coordinates": [[[174.78762920000003, -36.96695020000001], [174.78762920000003, -36.966050200000005], [174.78672920000002, -36.966050200000005], [174.78672920000002, -36.96695020000001], [174.78762920000003, -36.96695020000001]]]}, "properties": {"row": 17, "col": 8, "elevation_m": 7.2, "low_elevation": false, "drain_deficiency": 0.375, "adjusted_score": 18.8}}, {"type": "Feature", "geometry": {"type": "Polygon", "coordinates": [[[174.78852920000003, -36.96695020000001], [174.78852920000003, -36.966050200000005], [174.78762920000003, -36.966050200000005], [174.78762920000003, -36.96695020000001], [174.78852920000003, -36.96695020000001]]]}, "properties": {"row": 17, "col": 9, "elevation_m": 6.9, "low_elevation": false, "drain_deficiency": 0.625, "adjusted_score": 31.2}}, {"type": "Feature", "geometry": {"type": "Polygon", "coordinates": [[[174.7894292, -36.96695020000001], [174.7894292, -36.966050200000005], [174.7885292, -36.966050200000005], [174.7885292, -36.96695020000001], [174.7894292, -36.96695020000001]]]}, "properties": {"row": 17, "col": 10, "elevation_m": 6.8, "low_elevation": false, "drain_deficiency": 0.228, "adjusted_score": 11.4}}, {"type": "Feature", "geometry": {"type": "Polygon", "coordinates": [[[174.7903292, -36.96695020000001], [174.7903292, -36.966050200000005], [174.7894292, -36.966050200000005], [174.7894292, -36.96695020000001], [174.7903292, -36.96695020000001]]]}, "properties": {"row": 17, "col": 11, "elevation_m": 7.0, "low_elevation": false, "drain_deficiency": 0.375, "adjusted_score": 18.8}}, {"type": "Feature", "geometry": {"type": "Polygon", "coordinates": [[[174.7912292, -36.96695020000001], [174.7912292, -36.966050200000005], [174.7903292, -36.966050200000005], [174.7903292, -36.96695020000001], [174.7912292, -36.96695020000001]]]}, "properties": {"row": 17, "col": 12, "elevation_m": 7.7, "low_elevation": false, "drain_deficiency": 0.375, "adjusted_score": 18.8}}, {"type": "Feature", "geometry": {"type": "Polygon", "coordinates": [[[174.7921292, -36.96695020000001], [174.7921292, -36.966050200000005], [174.7912292, -36.966050200000005], [174.7912292, -36.96695020000001], [174.7921292, -36.96695020000001]]]}, "properties": {"row": 17, "col": 13, "elevation_m": 9.0, "low_elevation": false, "drain_deficiency": 0.625, "adjusted_score": 31.2}}, {"type": "Feature", "geometry": {"type": "Polygon", "coordinates": [[[174.7930292, -36.96695020000001], [174.7930292, -36.966050200000005], [174.7921292, -36.966050200000005], [174.7921292, -36.96695020000001], [174.7930292, -36.96695020000001]]]}, "properties": {"row": 17, "col": 14, "elevation_m": 10.4, "low_elevation": false, "drain_deficiency": 0.625, "adjusted_score": 31.2}}, {"type": "Feature", "geometry": {"type": "Polygon", "coordinates": [[[174.7939292, -36.96695020000001], [174.7939292, -36.966050200000005], [174.7930292, -36.966050200000005], [174.7930292, -36.96695020000001], [174.7939292, -36.96695020000001]]]}, "properties": {"row": 17, "col": 15, "elevation_m": 9.5, "low_elevation": false, "drain_deficiency": 0.625, "adjusted_score": 31.2}}, {"type": "Feature", "geometry": {"type": "Polygon", "coordinates": [[[174.7948292, -36.96695020000001], [174.7948292, -36.966050200000005], [174.7939292, -36.966050200000005], [174.7939292, -36.96695020000001], [174.7948292, -36.96695020000001]]]}, "properties": {"row": 17, "col": 16, "elevation_m": 9.0, "low_elevation": false, "drain_deficiency": 0.75, "adjusted_score": 37.5}}, {"type": "Feature", "geometry": {"type": "Polygon", "coordinates": [[[174.7957292, -36.96695020000001], [174.7957292, -36.966050200000005], [174.7948292, -36.966050200000005], [174.7948292, -36.96695020000001], [174.7957292, -36.96695020000001]]]}, "properties": {"row": 17, "col": 17, "elevation_m": 8.6, "low_elevation": false, "drain_deficiency": 0.75, "adjusted_score": 37.5}}, {"type": "Feature", "geometry": {"type": "Polygon", "coordinates": [[[174.7966292, -36.96695020000001], [174.7966292, -36.966050200000005], [174.7957292, -36.966050200000005], [174.7957292, -36.96695020000001], [174.7966292, -36.96695020000001]]]}, "properties": {"row": 17, "col": 18, "elevation_m": 10.2, "low_elevation": false, "drain_deficiency": 0.254, "adjusted_score": 12.7}}, {"type": "Feature", "geometry": {"type": "Polygon", "coordinates": [[[174.7975292, -36.96695020000001], [174.7975292, -36.966050200000005], [174.7966292, -36.966050200000005], [174.7966292, -36.96695020000001], [174.7975292, -36.96695020000001]]]}, "properties": {"row": 17, "col": 19, "elevation_m": 10.2, "low_elevation": false, "drain_deficiency": 0.25, "adjusted_score": 12.5}}, {"type": "Feature", "geometry": {"type": "Polygon", "coordinates": [[[174.79842920000002, -36.96695020000001], [174.79842920000002, -36.966050200000005], [174.7975292, -36.966050200000005], [174.7975292, -36.96695020000001], [174.79842920000002, -36.96695020000001]]]}, "properties": {"row": 17, "col": 20, "elevation_m": 10.3, "low_elevation": false, "drain_deficiency": 0.721, "adjusted_score": 36.1}}, {"type": "Feature", "geometry": {"type": "Polygon", "coordinates": [[[174.79932920000002, -36.96695020000001], [174.79932920000002, -36.966050200000005], [174.79842920000002, -36.966050200000005], [174.79842920000002, -36.96695020000001], [174.79932920000002, -36.96695020000001]]]}, "properties": {"row": 17, "col": 21, "elevation_m": 8.9, "low_elevation": false, "drain_deficiency": 1.0, "adjusted_score": 50.0}}, {"type": "Feature", "geometry": {"type": "Polygon", "coordinates": [[[174.80022920000002, -36.96695020000001], [174.80022920000002, -36.966050200000005], [174.79932920000002, -36.966050200000005], [174.79932920000002, -36.96695020000001], [174.80022920000002, -36.96695020000001]]]}, "properties": {"row": 17, "col": 22, "elevation_m": 8.6, "low_elevation": false, "drain_deficiency": 1.0, "adjusted_score": 50.0}}, {"type": "Feature", "geometry": {"type": "Polygon", "coordinates": [[[174.80112920000002, -36.96695020000001], [174.80112920000002, -36.966050200000005], [174.80022920000002, -36.966050200000005], [174.80022920000002, -36.96695020000001], [174.80112920000002, -36.96695020000001]]]}, "properties": {"row": 17, "col": 23, "elevation_m": 9.5, "low_elevation": false, "drain_deficiency": 1.0, "adjusted_score": 50.0}}, {"type": "Feature", "geometry": {"type": "Polygon", "coordinates": [[[174.80202920000002, -36.96695020000001], [174.80202920000002, -36.966050200000005], [174.80112920000002, -36.966050200000005], [174.80112920000002, -36.96695020000001], [174.80202920000002, -36.96695020000001]]]}, "properties": {"row": 17, "col": 24, "elevation_m": 11.0, "low_elevation": false, "drain_deficiency": 0.75, "adjusted_score": 37.5}}, {"type": "Feature", "geometry": {"type": "Polygon", "coordinates": [[[174.80292920000002, -36.96695020000001], [174.80292920000002, -36.966050200000005], [174.80202920000002, -36.966050200000005], [174.80202920000002, -36.96695020000001], [174.80292920000002, -36.96695020000001]]]}, "properties": {"row": 17, "col": 25, "elevation_m": 11.7, "low_elevation": false, "drain_deficiency": 0.75, "adjusted_score": 37.5}}, {"type": "Feature", "geometry": {"type": "Polygon", "coordinates": [[[174.80382920000002, -36.96695020000001], [174.80382920000002, -36.966050200000005], [174.80292920000002, -36.966050200000005], [174.80292920000002, -36.96695020000001], [174.80382920000002, -36.96695020000001]]]}, "properties": {"row": 17, "col": 26, "elevation_m": 11.2, "low_elevation": false, "drain_deficiency": 0.375, "adjusted_score": 18.8}}, {"type": "Feature", "geometry": {"type": "Polygon", "coordinates": [[[174.80472920000003, -36.96695020000001], [174.80472920000003, -36.966050200000005], [174.80382920000002, -36.966050200000005], [174.80382920000002, -36.96695020000001], [174.80472920000003, -36.96695020000001]]]}, "properties": {"row": 17, "col": 27, "elevation_m": 10.8, "low_elevation": false, "drain_deficiency": 0.414, "adjusted_score": 20.7}}, {"type": "Feature", "geometry": {"type": "Polygon", "coordinates": [[[174.80562920000003, -36.96695020000001], [174.80562920000003, -36.966050200000005], [174.80472920000003, -36.966050200000005], [174.80472920000003, -36.96695020000001], [174.80562920000003, -36.96695020000001]]]}, "properties": {"row": 17, "col": 28, "elevation_m": 12.0, "low_elevation": false, "drain_deficiency": 0.625, "adjusted_score": 31.2}}, {"type": "Feature", "geometry": {"type": "Polygon", "coordinates": [[[174.80652920000003, -36.96695020000001], [174.80652920000003, -36.966050200000005], [174.80562920000003, -36.966050200000005], [174.80562920000003, -36.96695020000001], [174.80652920000003, -36.96695020000001]]]}, "properties": {"row": 17, "col": 29, "elevation_m": 14.2, "low_elevation": false, "drain_deficiency": 0.625, "adjusted_score": 31.2}}, {"type": "Feature", "geometry": {"type": "Polygon", "coordinates": [[[174.8074292, -36.96695020000001], [174.8074292, -36.966050200000005], [174.8065292, -36.966050200000005], [174.8065292, -36.96695020000001], [174.8074292, -36.96695020000001]]]}, "properties": {"row": 17, "col": 30, "elevation_m": 18.2, "low_elevation": false, "drain_deficiency": 0.763, "adjusted_score": 38.1}}, {"type": "Feature", "geometry": {"type": "Polygon", "coordinates": [[[174.8083292, -36.96695020000001], [174.8083292, -36.966050200000005], [174.8074292, -36.966050200000005], [174.8074292, -36.96695020000001], [174.8083292, -36.96695020000001]]]}, "properties": {"row": 17, "col": 31, "elevation_m": 22.9, "low_elevation": false, "drain_deficiency": 0.625, "adjusted_score": 31.2}}, {"type": "Feature", "geometry": {"type": "Polygon", "coordinates": [[[174.8092292, -36.96695020000001], [174.8092292, -36.966050200000005], [174.8083292, -36.966050200000005], [174.8083292, -36.96695020000001], [174.8092292, -36.96695020000001]]]}, "properties": {"row": 17, "col": 32, "elevation_m": 21.0, "low_elevation": false, "drain_deficiency": 0.375, "adjusted_score": 18.8}}, {"type": "Feature", "geometry": {"type": "Polygon", "coordinates": [[[174.8101292, -36.96695020000001], [174.8101292, -36.966050200000005], [174.8092292, -36.966050200000005], [174.8092292, -36.96695020000001], [174.8101292, -36.96695020000001]]]}, "properties": {"row": 17, "col": 33, "elevation_m": 20.3, "low_elevation": false, "drain_deficiency": 0.533, "adjusted_score": 26.7}}, {"type": "Feature", "geometry": {"type": "Polygon", "coordinates": [[[174.8110292, -36.96695020000001], [174.8110292, -36.966050200000005], [174.8101292, -36.966050200000005], [174.8101292, -36.96695020000001], [174.8110292, -36.96695020000001]]]}, "properties": {"row": 17, "col": 34, "elevation_m": 18.8, "low_elevation": false, "drain_deficiency": 0.84, "adjusted_score": 42.0}}, {"type": "Feature", "geometry": {"type": "Polygon", "coordinates": [[[174.8119292, -36.96695020000001], [174.8119292, -36.966050200000005], [174.8110292, -36.966050200000005], [174.8110292, -36.96695020000001], [174.8119292, -36.96695020000001]]]}, "properties": {"row": 17, "col": 35, "elevation_m": 16.8, "low_elevation": false, "drain_deficiency": 0.418, "adjusted_score": 20.9}}, {"type": "Feature", "geometry": {"type": "Polygon", "coordinates": [[[174.8128292, -36.96695020000001], [174.8128292, -36.966050200000005], [174.8119292, -36.966050200000005], [174.8119292, -36.96695020000001], [174.8128292, -36.96695020000001]]]}, "properties": {"row": 17, "col": 36, "elevation_m": 16.5, "low_elevation": false, "drain_deficiency": 0.75, "adjusted_score": 37.5}}, {"type": "Feature", "geometry": {"type": "Polygon", "coordinates": [[[174.8137292, -36.96695020000001], [174.8137292, -36.966050200000005], [174.8128292, -36.966050200000005], [174.8128292, -36.96695020000001], [174.8137292, -36.96695020000001]]]}, "properties": {"row": 17, "col": 37, "elevation_m": 15.4, "low_elevation": false, "drain_deficiency": 0.5, "adjusted_score": 25.0}}, {"type": "Feature", "geometry": {"type": "Polygon", "coordinates": [[[174.8146292, -36.96695020000001], [174.8146292, -36.966050200000005], [174.8137292, -36.966050200000005], [174.8137292, -36.96695020000001], [174.8146292, -36.96695020000001]]]}, "properties": {"row": 17, "col": 38, "elevation_m": 14.5, "low_elevation": false, "drain_deficiency": 0.472, "adjusted_score": 23.6}}, {"type": "Feature", "geometry": {"type": "Polygon", "coordinates": [[[174.81552920000001, -36.96695020000001], [174.81552920000001, -36.966050200000005], [174.8146292, -36.966050200000005], [174.8146292, -36.96695020000001], [174.81552920000001, -36.96695020000001]]]}, "properties": {"row": 17, "col": 39, "elevation_m": 13.9, "low_elevation": false, "drain_deficiency": 0.625, "adjusted_score": 31.2}}, {"type": "Feature", "geometry": {"type": "Polygon", "coordinates": [[[174.81642920000002, -36.96695020000001], [174.81642920000002, -36.966050200000005], [174.81552920000001, -36.966050200000005], [174.81552920000001, -36.96695020000001], [174.81642920000002, -36.96695020000001]]]}, "properties": {"row": 17, "col": 40, "elevation_m": 14.1, "low_elevation": false, "drain_deficiency": 0.625, "adjusted_score": 31.2}}, {"type": "Feature", "geometry": {"type": "Polygon", "coordinates": [[[174.81732920000002, -36.96695020000001], [174.81732920000002, -36.966050200000005], [174.81642920000002, -36.966050200000005], [174.81642920000002, -36.96695020000001], [174.81732920000002, -36.96695020000001]]]}, "properties": {"row": 17, "col": 41, "elevation_m": 15.4, "low_elevation": false, "drain_deficiency": 0.994, "adjusted_score": 49.7}}, {"type": "Feature", "geometry": {"type": "Polygon", "coordinates": [[[174.81822920000002, -36.96695020000001], [174.81822920000002, -36.966050200000005], [174.81732920000002, -36.966050200000005], [174.81732920000002, -36.96695020000001], [174.81822920000002, -36.96695020000001]]]}, "properties": {"row": 17, "col": 42, "elevation_m": 16.2, "low_elevation": false, "drain_deficiency": 0.983, "adjusted_score": 49.1}}, {"type": "Feature", "geometry": {"type": "Polygon", "coordinates": [[[174.81912920000002, -36.96695020000001], [174.81912920000002, -36.966050200000005], [174.81822920000002, -36.966050200000005], [174.81822920000002, -36.96695020000001], [174.81912920000002, -36.96695020000001]]]}, "properties": {"row": 17, "col": 43, "elevation_m": 15.4, "low_elevation": false, "drain_deficiency": 0.75, "adjusted_score": 37.5}}, {"type": "Feature", "geometry": {"type": "Polygon", "coordinates": [[[174.82002920000002, -36.96695020000001], [174.82002920000002, -36.966050200000005], [174.81912920000002, -36.966050200000005], [174.81912920000002, -36.96695020000001], [174.82002920000002, -36.96695020000001]]]}, "properties": {"row": 17, "col": 44, "elevation_m": 14.9, "low_elevation": false, "drain_deficiency": 0.75, "adjusted_score": 37.5}}, {"type": "Feature", "geometry": {"type": "Polygon", "coordinates": [[[174.78042920000001, -36.9678502], [174.78042920000001, -36.9669502], [174.7795292, -36.9669502], [174.7795292, -36.9678502], [174.78042920000001, -36.9678502]]]}, "properties": {"row": 18, "col": 0, "elevation_m": 11.2, "low_elevation": false, "drain_deficiency": 1.0, "adjusted_score": 50.0}}, {"type": "Feature", "geometry": {"type": "Polygon", "coordinates": [[[174.78132920000002, -36.9678502], [174.78132920000002, -36.9669502], [174.78042920000001, -36.9669502], [174.78042920000001, -36.9678502], [174.78132920000002, -36.9678502]]]}, "properties": {"row": 18, "col": 1, "elevation_m": 11.0, "low_elevation": false, "drain_deficiency": 1.0, "adjusted_score": 50.0}}, {"type": "Feature", "geometry": {"type": "Polygon", "coordinates": [[[174.78222920000002, -36.9678502], [174.78222920000002, -36.9669502], [174.78132920000002, -36.9669502], [174.78132920000002, -36.9678502], [174.78222920000002, -36.9678502]]]}, "properties": {"row": 18, "col": 2, "elevation_m": 9.3, "low_elevation": false, "drain_deficiency": 0.987, "adjusted_score": 49.3}}, {"type": "Feature", "geometry": {"type": "Polygon", "coordinates": [[[174.78312920000002, -36.9678502], [174.78312920000002, -36.9669502], [174.78222920000002, -36.9669502], [174.78222920000002, -36.9678502], [174.78312920000002, -36.9678502]]]}, "properties": {"row": 18, "col": 3, "elevation_m": 9.0, "low_elevation": false, "drain_deficiency": 1.0, "adjusted_score": 50.0}}, {"type": "Feature", "geometry": {"type": "Polygon", "coordinates": [[[174.78402920000002, -36.9678502], [174.78402920000002, -36.9669502], [174.78312920000002, -36.9669502], [174.78312920000002, -36.9678502], [174.78402920000002, -36.9678502]]]}, "properties": {"row": 18, "col": 4, "elevation_m": 9.7, "low_elevation": false, "drain_deficiency": 1.0, "adjusted_score": 50.0}}, {"type": "Feature", "geometry": {"type": "Polygon", "coordinates": [[[174.78492920000002, -36.9678502], [174.78492920000002, -36.9669502], [174.78402920000002, -36.9669502], [174.78402920000002, -36.9678502], [174.78492920000002, -36.9678502]]]}, "properties": {"row": 18, "col": 5, "elevation_m": 9.5, "low_elevation": false, "drain_deficiency": 0.899, "adjusted_score": 45.0}}, {"type": "Feature", "geometry": {"type": "Polygon", "coordinates": [[[174.78582920000002, -36.9678502], [174.78582920000002, -36.9669502], [174.78492920000002, -36.9669502], [174.78492920000002, -36.9678502], [174.78582920000002, -36.9678502]]]}, "properties": {"row": 18, "col": 6, "elevation_m": 9.3, "low_elevation": false, "drain_deficiency": 0.252, "adjusted_score": 12.6}}, {"type": "Feature", "geometry": {"type": "Polygon", "coordinates": [[[174.78672920000002, -36.9678502], [174.78672920000002, -36.9669502], [174.78582920000002, -36.9669502], [174.78582920000002, -36.9678502], [174.78672920000002, -36.9678502]]]}, "properties": {"row": 18, "col": 7, "elevation_m": 8.7, "low_elevation": false, "drain_deficiency": 0.016, "adjusted_score": 0.8}}, {"type": "Feature", "geometry": {"type": "Polygon", "coordinates": [[[174.78762920000003, -36.9678502], [174.78762920000003, -36.9669502], [174.78672920000002, -36.9669502], [174.78672920000002, -36.9678502], [174.78762920000003, -36.9678502]]]}, "properties": {"row": 18, "col": 8, "elevation_m": 7.9, "low_elevation": false, "drain_deficiency": 0.625, "adjusted_score": 31.2}}, {"type": "Feature", "geometry": {"type": "Polygon", "coordinates": [[[174.78852920000003, -36.9678502], [174.78852920000003, -36.9669502], [174.78762920000003, -36.9669502], [174.78762920000003, -36.9678502], [174.78852920000003, -36.9678502]]]}, "properties": {"row": 18, "col": 9, "elevation_m": 7.6, "low_elevation": false, "drain_deficiency": 0.625, "adjusted_score": 31.2}}, {"type": "Feature", "geometry": {"type": "Polygon", "coordinates": [[[174.7894292, -36.9678502], [174.7894292, -36.9669502], [174.7885292, -36.9669502], [174.7885292, -36.9678502], [174.7894292, -36.9678502]]]}, "properties": {"row": 18, "col": 10, "elevation_m": 7.1, "low_elevation": false, "drain_deficiency": 0.133, "adjusted_score": 6.7}}, {"type": "Feature", "geometry": {"type": "Polygon", "coordinates": [[[174.7903292, -36.9678502], [174.7903292, -36.9669502], [174.7894292, -36.9669502], [174.7894292, -36.9678502], [174.7903292, -36.9678502]]]}, "properties": {"row": 18, "col": 11, "elevation_m": 7.8, "low_elevation": false, "drain_deficiency": 0.455, "adjusted_score": 22.7}}, {"type": "Feature", "geometry": {"type": "Polygon", "coordinates": [[[174.7912292, -36.9678502], [174.7912292, -36.9669502], [174.7903292, -36.9669502], [174.7903292, -36.9678502], [174.7912292, -36.9678502]]]}, "properties": {"row": 18, "col": 12, "elevation_m": 8.4, "low_elevation": false, "drain_deficiency": 0.625, "adjusted_score": 31.2}}, {"type": "Feature", "geometry": {"type": "Polygon", "coordinates": [[[174.7921292, -36.9678502], [174.7921292, -36.9669502], [174.7912292, -36.9669502], [174.7912292, -36.9678502], [174.7921292, -36.9678502]]]}, "properties": {"row": 18, "col": 13, "elevation_m": 10.3, "low_elevation": false, "drain_deficiency": 0.625, "adjusted_score": 31.2}}, {"type": "Feature", "geometry": {"type": "Polygon", "coordinates": [[[174.7930292, -36.9678502], [174.7930292, -36.9669502], [174.7921292, -36.9669502], [174.7921292, -36.9678502], [174.7930292, -36.9678502]]]}, "properties": {"row": 18, "col": 14, "elevation_m": 11.0, "low_elevation": false, "drain_deficiency": 0.678, "adjusted_score": 33.9}}, {"type": "Feature", "geometry": {"type": "Polygon", "coordinates": [[[174.7939292, -36.9678502], [174.7939292, -36.9669502], [174.7930292, -36.9669502], [174.7930292, -36.9678502], [174.7939292, -36.9678502]]]}, "properties": {"row": 18, "col": 15, "elevation_m": 10.2, "low_elevation": false, "drain_deficiency": 0.797, "adjusted_score": 39.8}}, {"type": "Feature", "geometry": {"type": "Polygon", "coordinates": [[[174.7948292, -36.9678502], [174.7948292, -36.9669502], [174.7939292, -36.9669502], [174.7939292, -36.9678502], [174.7948292, -36.9678502]]]}, "properties": {"row": 18, "col": 16, "elevation_m": 9.0, "low_elevation": false, "drain_deficiency": 0.795, "adjusted_score": 39.7}}, {"type": "Feature", "geometry": {"type": "Polygon", "coordinates": [[[174.7957292, -36.9678502], [174.7957292, -36.9669502], [174.7948292, -36.9669502], [174.7948292, -36.9678502], [174.7957292, -36.9678502]]]}, "properties": {"row": 18, "col": 17, "elevation_m": 9.2, "low_elevation": false, "drain_deficiency": 0.713, "adjusted_score": 35.7}}, {"type": "Feature", "geometry": {"type": "Polygon", "coordinates": [[[174.7966292, -36.9678502], [174.7966292, -36.9669502], [174.7957292, -36.9669502], [174.7957292, -36.9678502], [174.7966292, -36.9678502]]]}, "properties": {"row": 18, "col": 18, "elevation_m": 11.1, "low_elevation": false, "drain_deficiency": 0.72, "adjusted_score": 36.0}}, {"type": "Feature", "geometry": {"type": "Polygon", "coordinates": [[[174.7975292, -36.9678502], [174.7975292, -36.9669502], [174.7966292, -36.9669502], [174.7966292, -36.9678502], [174.7975292, -36.9678502]]]}, "properties": {"row": 18, "col": 19, "elevation_m": 11.6, "low_elevation": false, "drain_deficiency": 0.4, "adjusted_score": 20.0}}, {"type": "Feature", "geometry": {"type": "Polygon", "coordinates": [[[174.79842920000002, -36.9678502], [174.79842920000002, -36.9669502], [174.7975292, -36.9669502], [174.7975292, -36.9678502], [174.79842920000002, -36.9678502]]]}, "properties": {"row": 18, "col": 20, "elevation_m": 12.5, "low_elevation": false, "drain_deficiency": 0.355, "adjusted_score": 17.7}}, {"type": "Feature", "geometry": {"type": "Polygon", "coordinates": [[[174.79932920000002, -36.9678502], [174.79932920000002, -36.9669502], [174.79842920000002, -36.9669502], [174.79842920000002, -36.9678502], [174.79932920000002, -36.9678502]]]}, "properties": {"row": 18, "col": 21, "elevation_m": 11.1, "low_elevation": false, "drain_deficiency": 0.543, "adjusted_score": 27.1}}, {"type": "Feature", "geometry": {"type": "Polygon", "coordinates": [[[174.80022920000002, -36.9678502], [174.80022920000002, -36.9669502], [174.79932920000002, -36.9669502], [174.79932920000002, -36.9678502], [174.80022920000002, -36.9678502]]]}, "properties": {"row": 18, "col": 22, "elevation_m": 11.2, "low_elevation": false, "drain_deficiency": 0.904, "adjusted_score": 45.2}}, {"type": "Feature", "geometry": {"type": "Polygon", "coordinates": [[[174.80112920000002, -36.9678502], [174.80112920000002, -36.9669502], [174.80022920000002, -36.9669502], [174.80022920000002, -36.9678502], [174.80112920000002, -36.9678502]]]}, "properties": {"row": 18, "col": 23, "elevation_m": 12.1, "low_elevation": false, "drain_deficiency": 1.0, "adjusted_score": 50.0}}, {"type": "Feature", "geometry": {"type": "Polygon", "coordinates": [[[174.80202920000002, -36.9678502], [174.80202920000002, -36.9669502], [174.80112920000002, -36.9669502], [174.80112920000002, -36.9678502], [174.80202920000002, -36.9678502]]]}, "properties": {"row": 18, "col": 24, "elevation_m": 13.9, "low_elevation": false, "drain_deficiency": 0.75, "adjusted_score": 37.5}}, {"type": "Feature", "geometry": {"type": "Polygon", "coordinates": [[[174.80292920000002, -36.9678502], [174.80292920000002, -36.9669502], [174.80202920000002, -36.9669502], [174.80202920000002, -36.9678502], [174.80292920000002, -36.9678502]]]}, "properties": {"row": 18, "col": 25, "elevation_m": 13.4, "low_elevation": false, "drain_deficiency": 0.75, "adjusted_score": 37.5}}, {"type": "Feature", "geometry": {"type": "Polygon", "coordinates": [[[174.80382920000002, -36.9678502], [174.80382920000002, -36.9669502], [174.80292920000002, -36.9669502], [174.80292920000002, -36.9678502], [174.80382920000002, -36.9678502]]]}, "properties": {"row": 18, "col": 26, "elevation_m": 11.1, "low_elevation": false, "drain_deficiency": 0.265, "adjusted_score": 13.2}}, {"type": "Feature", "geometry": {"type": "Polygon", "coordinates": [[[174.80472920000003, -36.9678502], [174.80472920000003, -36.9669502], [174.80382920000002, -36.9669502], [174.80382920000002, -36.9678502], [174.80472920000003, -36.9678502]]]}, "properties": {"row": 18, "col": 27, "elevation_m": 10.8, "low_elevation": false, "drain_deficiency": 0.5, "adjusted_score": 25.0}}, {"type": "Feature", "geometry": {"type": "Polygon", "coordinates": [[[174.80562920000003, -36.9678502], [174.80562920000003, -36.9669502], [174.80472920000003, -36.9669502], [174.80472920000003, -36.9678502], [174.80562920000003, -36.9678502]]]}, "properties": {"row": 18, "col": 28, "elevation_m": 13.7, "low_elevation": false, "drain_deficiency": 0.683, "adjusted_score": 34.1}}, {"type": "Feature", "geometry": {"type": "Polygon", "coordinates": [[[174.80652920000003, -36.9678502], [174.80652920000003, -36.9669502], [174.80562920000003, -36.9669502], [174.80562920000003, -36.9678502], [174.80652920000003, -36.9678502]]]}, "properties": {"row": 18, "col": 29, "elevation_m": 16.1, "low_elevation": false, "drain_deficiency": 0.625, "adjusted_score": 31.2}}, {"type": "Feature", "geometry": {"type": "Polygon", "coordinates": [[[174.8074292, -36.9678502], [174.8074292, -36.9669502], [174.8065292, -36.9669502], [174.8065292, -36.9678502], [174.8074292, -36.9678502]]]}, "properties": {"row": 18, "col": 30, "elevation_m": 19.7, "low_elevation": false, "drain_deficiency": 0.927, "adjusted_score": 46.4}}, {"type": "Feature", "geometry": {"type": "Polygon", "coordinates": [[[174.8083292, -36.9678502], [174.8083292, -36.9669502], [174.8074292, -36.9669502], [174.8074292, -36.9678502], [174.8083292, -36.9678502]]]}, "properties": {"row": 18, "col": 31, "elevation_m": 22.4, "low_elevation": false, "drain_deficiency": 0.883, "adjusted_score": 44.1}}, {"type": "Feature", "geometry": {"type": "Polygon", "coordinates": [[[174.8092292, -36.9678502], [174.8092292, -36.9669502], [174.8083292, -36.9669502], [174.8083292, -36.9678502], [174.8092292, -36.9678502]]]}, "properties": {"row": 18, "col": 32, "elevation_m": 21.9, "low_elevation": false, "drain_deficiency": 0.637, "adjusted_score": 31.8}}, {"type": "Feature", "geometry": {"type": "Polygon", "coordinates": [[[174.8101292, -36.9678502], [174.8101292, -36.9669502], [174.8092292, -36.9669502], [174.8092292, -36.9678502], [174.8101292, -36.9678502]]]}, "properties": {"row": 18, "col": 33, "elevation_m": 21.1, "low_elevation": false, "drain_deficiency": 0.933, "adjusted_score": 46.6}}, {"type": "Feature", "geometry": {"type": "Polygon", "coordinates": [[[174.8110292, -36.9678502], [174.8110292, -36.9669502], [174.8101292, -36.9669502], [174.8101292, -36.9678502], [174.8110292, -36.9678502]]]}, "properties": {"row": 18, "col": 34, "elevation_m": 19.6, "low_elevation": false, "drain_deficiency": 1.0, "adjusted_score": 50.0}}, {"type": "Feature", "geometry": {"type": "Polygon", "coordinates": [[[174.8119292, -36.9678502], [174.8119292, -36.9669502], [174.8110292, -36.9669502], [174.8110292, -36.9678502], [174.8119292, -36.9678502]]]}, "properties": {"row": 18, "col": 35, "elevation_m": 18.9, "low_elevation": false, "drain_deficiency": 0.912, "adjusted_score": 45.6}}, {"type": "Feature", "geometry": {"type": "Polygon", "coordinates": [[[174.8128292, -36.9678502], [174.8128292, -36.9669502], [174.8119292, -36.9669502], [174.8119292, -36.9678502], [174.8128292, -36.9678502]]]}, "properties": {"row": 18, "col": 36, "elevation_m": 17.9, "low_elevation": false, "drain_deficiency": 0.796, "adjusted_score": 39.8}}, {"type": "Feature", "geometry": {"type": "Polygon", "coordinates": [[[174.8137292, -36.9678502], [174.8137292, -36.9669502], [174.8128292, -36.9669502], [174.8128292, -36.9678502], [174.8137292, -36.9678502]]]}, "properties": {"row": 18, "col": 37, "elevation_m": 16.0, "low_elevation": false, "drain_deficiency": 0.576, "adjusted_score": 28.8}}, {"type": "Feature", "geometry": {"type": "Polygon", "coordinates": [[[174.8146292, -36.9678502], [174.8146292, -36.9669502], [174.8137292, -36.9669502], [174.8137292, -36.9678502], [174.8146292, -36.9678502]]]}, "properties": {"row": 18, "col": 38, "elevation_m": 15.1, "low_elevation": false, "drain_deficiency": 0.831, "adjusted_score": 41.5}}, {"type": "Feature", "geometry": {"type": "Polygon", "coordinates": [[[174.81552920000001, -36.9678502], [174.81552920000001, -36.9669502], [174.8146292, -36.9669502], [174.8146292, -36.9678502], [174.81552920000001, -36.9678502]]]}, "properties": {"row": 18, "col": 39, "elevation_m": 14.4, "low_elevation": false, "drain_deficiency": 1.0, "adjusted_score": 50.0}}, {"type": "Feature", "geometry": {"type": "Polygon", "coordinates": [[[174.81642920000002, -36.9678502], [174.81642920000002, -36.9669502], [174.81552920000001, -36.9669502], [174.81552920000001, -36.9678502], [174.81642920000002, -36.9678502]]]}, "properties": {"row": 18, "col": 40, "elevation_m": 15.2, "low_elevation": false, "drain_deficiency": 1.0, "adjusted_score": 50.0}}, {"type": "Feature", "geometry": {"type": "Polygon", "coordinates": [[[174.81732920000002, -36.9678502], [174.81732920000002, -36.9669502], [174.81642920000002, -36.9669502], [174.81642920000002, -36.9678502], [174.81732920000002, -36.9678502]]]}, "properties": {"row": 18, "col": 41, "elevation_m": 15.8, "low_elevation": false, "drain_deficiency": 1.0, "adjusted_score": 50.0}}, {"type": "Feature", "geometry": {"type": "Polygon", "coordinates": [[[174.81822920000002, -36.9678502], [174.81822920000002, -36.9669502], [174.81732920000002, -36.9669502], [174.81732920000002, -36.9678502], [174.81822920000002, -36.9678502]]]}, "properties": {"row": 18, "col": 42, "elevation_m": 16.5, "low_elevation": false, "drain_deficiency": 1.0, "adjusted_score": 50.0}}, {"type": "Feature", "geometry": {"type": "Polygon", "coordinates": [[[174.81912920000002, -36.9678502], [174.81912920000002, -36.9669502], [174.81822920000002, -36.9669502], [174.81822920000002, -36.9678502], [174.81912920000002, -36.9678502]]]}, "properties": {"row": 18, "col": 43, "elevation_m": 16.8, "low_elevation": false, "drain_deficiency": 0.852, "adjusted_score": 42.6}}, {"type": "Feature", "geometry": {"type": "Polygon", "coordinates": [[[174.82002920000002, -36.9678502], [174.82002920000002, -36.9669502], [174.81912920000002, -36.9669502], [174.81912920000002, -36.9678502], [174.82002920000002, -36.9678502]]]}, "properties": {"row": 18, "col": 44, "elevation_m": 16.9, "low_elevation": false, "drain_deficiency": 0.75, "adjusted_score": 37.5}}, {"type": "Feature", "geometry": {"type": "Polygon", "coordinates": [[[174.78042920000001, -36.9687502], [174.78042920000001, -36.9678502], [174.7795292, -36.9678502], [174.7795292, -36.9687502], [174.78042920000001, -36.9687502]]]}, "properties": {"row": 19, "col": 0, "elevation_m": 12.0, "low_elevation": false, "drain_deficiency": 1.0, "adjusted_score": 50.0}}, {"type": "Feature", "geometry": {"type": "Polygon", "coordinates": [[[174.78132920000002, -36.9687502], [174.78132920000002, -36.9678502], [174.78042920000001, -36.9678502], [174.78042920000001, -36.9687502], [174.78132920000002, -36.9687502]]]}, "properties": {"row": 19, "col": 1, "elevation_m": 11.3, "low_elevation": false, "drain_deficiency": 0.823, "adjusted_score": 41.1}}, {"type": "Feature", "geometry": {"type": "Polygon", "coordinates": [[[174.78222920000002, -36.9687502], [174.78222920000002, -36.9678502], [174.78132920000002, -36.9678502], [174.78132920000002, -36.9687502], [174.78222920000002, -36.9687502]]]}, "properties": {"row": 19, "col": 2, "elevation_m": 10.5, "low_elevation": false, "drain_deficiency": 0.5, "adjusted_score": 25.0}}, {"type": "Feature", "geometry": {"type": "Polygon", "coordinates": [[[174.78312920000002, -36.9687502], [174.78312920000002, -36.9678502], [174.78222920000002, -36.9678502], [174.78222920000002, -36.9687502], [174.78312920000002, -36.9687502]]]}, "properties": {"row": 19, "col": 3, "elevation_m": 9.5, "low_elevation": false, "drain_deficiency": 0.637, "adjusted_score": 31.9}}, {"type": "Feature", "geometry": {"type": "Polygon", "coordinates": [[[174.78402920000002, -36.9687502], [174.78402920000002, -36.9678502], [174.78312920000002, -36.9678502], [174.78312920000002, -36.9687502], [174.78402920000002, -36.9687502]]]}, "properties": {"row": 19, "col": 4, "elevation_m": 10.0, "low_elevation": false, "drain_deficiency": 1.0, "adjusted_score": 50.0}}, {"type": "Feature", "geometry": {"type": "Polygon", "coordinates": [[[174.78492920000002, -36.9687502], [174.78492920000002, -36.9678502], [174.78402920000002, -36.9678502], [174.78402920000002, -36.9687502], [174.78492920000002, -36.9687502]]]}, "properties": {"row": 19, "col": 5, "elevation_m": 9.9, "low_elevation": false, "drain_deficiency": 1.0, "adjusted_score": 50.0}}, {"type": "Feature", "geometry": {"type": "Polygon", "coordinates": [[[174.78582920000002, -36.9687502], [174.78582920000002, -36.9678502], [174.78492920000002, -36.9678502], [174.78492920000002, -36.9687502], [174.78582920000002, -36.9687502]]]}, "properties": {"row": 19, "col": 6, "elevation_m": 9.8, "low_elevation": false, "drain_deficiency": 0.485, "adjusted_score": 24.2}}, {"type": "Feature", "geometry": {"type": "Polygon", "coordinates": [[[174.78672920000002, -36.9687502], [174.78672920000002, -36.9678502], [174.78582920000002, -36.9678502], [174.78582920000002, -36.9687502], [174.78672920000002, -36.9687502]]]}, "properties": {"row": 19, "col": 7, "elevation_m": 9.5, "low_elevation": false, "drain_deficiency": 0.367, "adjusted_score": 18.3}}, {"type": "Feature", "geometry": {"type": "Polygon", "coordinates": [[[174.78762920000003, -36.9687502], [174.78762920000003, -36.9678502], [174.78672920000002, -36.9678502], [174.78672920000002, -36.9687502], [174.78762920000003, -36.9687502]]]}, "properties": {"row": 19, "col": 8, "elevation_m": 8.9, "low_elevation": false, "drain_deficiency": 0.625, "adjusted_score": 31.2}}, {"type": "Feature", "geometry": {"type": "Polygon", "coordinates": [[[174.78852920000003, -36.9687502], [174.78852920000003, -36.9678502], [174.78762920000003, -36.9678502], [174.78762920000003, -36.9687502], [174.78852920000003, -36.9687502]]]}, "properties": {"row": 19, "col": 9, "elevation_m": 8.3, "low_elevation": false, "drain_deficiency": 0.5, "adjusted_score": 25.0}}, {"type": "Feature", "geometry": {"type": "Polygon", "coordinates": [[[174.7894292, -36.9687502], [174.7894292, -36.9678502], [174.7885292, -36.9678502], [174.7885292, -36.9687502], [174.7894292, -36.9687502]]]}, "properties": {"row": 19, "col": 10, "elevation_m": 7.3, "low_elevation": false, "drain_deficiency": 0.375, "adjusted_score": 18.8}}, {"type": "Feature", "geometry": {"type": "Polygon", "coordinates": [[[174.7903292, -36.9687502], [174.7903292, -36.9678502], [174.7894292, -36.9678502], [174.7894292, -36.9687502], [174.7903292, -36.9687502]]]}, "properties": {"row": 19, "col": 11, "elevation_m": 7.7, "low_elevation": false, "drain_deficiency": 0.375, "adjusted_score": 18.8}}, {"type": "Feature", "geometry": {"type": "Polygon", "coordinates": [[[174.7912292, -36.9687502], [174.7912292, -36.9678502], [174.7903292, -36.9678502], [174.7903292, -36.9687502], [174.7912292, -36.9687502]]]}, "properties": {"row": 19, "col": 12, "elevation_m": 9.4, "low_elevation": false, "drain_deficiency": 0.625, "adjusted_score": 31.2}}, {"type": "Feature", "geometry": {"type": "Polygon", "coordinates": [[[174.7921292, -36.9687502], [174.7921292, -36.9678502], [174.7912292, -36.9678502], [174.7912292, -36.9687502], [174.7921292, -36.9687502]]]}, "properties": {"row": 19, "col": 13, "elevation_m": 11.9, "low_elevation": false, "drain_deficiency": 0.625, "adjusted_score": 31.2}}, {"type": "Feature", "geometry": {"type": "Polygon", "coordinates": [[[174.7930292, -36.9687502], [174.7930292, -36.9678502], [174.7921292, -36.9678502], [174.7921292, -36.9687502], [174.7930292, -36.9687502]]]}, "properties": {"row": 19, "col": 14, "elevation_m": 11.1, "low_elevation": false, "drain_deficiency": 1.0, "adjusted_score": 50.0}}, {"type": "Feature", "geometry": {"type": "Polygon", "coordinates": [[[174.7939292, -36.9687502], [174.7939292, -36.9678502], [174.7930292, -36.9678502], [174.7930292, -36.9687502], [174.7939292, -36.9687502]]]}, "properties": {"row": 19, "col": 15, "elevation_m": 10.9, "low_elevation": false, "drain_deficiency": 0.713, "adjusted_score": 35.7}}, {"type": "Feature", "geometry": {"type": "Polygon", "coordinates": [[[174.7948292, -36.9687502], [174.7948292, -36.9678502], [174.7939292, -36.9678502], [174.7939292, -36.9687502], [174.7948292, -36.9687502]]]}, "properties": {"row": 19, "col": 16, "elevation_m": 10.4, "low_elevation": false, "drain_deficiency": 0.457, "adjusted_score": 22.9}}, {"type": "Feature", "geometry": {"type": "Polygon", "coordinates": [[[174.7957292, -36.9687502], [174.7957292, -36.9678502], [174.7948292, -36.9678502], [174.7948292, -36.9687502], [174.7957292, -36.9687502]]]}, "properties": {"row": 19, "col": 17, "elevation_m": 10.7, "low_elevation": false, "drain_deficiency": 0.625, "adjusted_score": 31.2}}, {"type": "Feature", "geometry": {"type": "Polygon", "coordinates": [[[174.7966292, -36.9687502], [174.7966292, -36.9678502], [174.7957292, -36.9678502], [174.7957292, -36.9687502], [174.7966292, -36.9687502]]]}, "properties": {"row": 19, "col": 18, "elevation_m": 10.5, "low_elevation": false, "drain_deficiency": 0.507, "adjusted_score": 25.4}}, {"type": "Feature", "geometry": {"type": "Polygon", "coordinates": [[[174.7975292, -36.9687502], [174.7975292, -36.9678502], [174.7966292, -36.9678502], [174.7966292, -36.9687502], [174.7975292, -36.9687502]]]}, "properties": {"row": 19, "col": 19, "elevation_m": 12.7, "low_elevation": false, "drain_deficiency": 0.762, "adjusted_score": 38.1}}, {"type": "Feature", "geometry": {"type": "Polygon", "coordinates": [[[174.79842920000002, -36.9687502], [174.79842920000002, -36.9678502], [174.7975292, -36.9678502], [174.7975292, -36.9687502], [174.79842920000002, -36.9687502]]]}, "properties": {"row": 19, "col": 20, "elevation_m": 12.2, "low_elevation": false, "drain_deficiency": 0.281, "adjusted_score": 14.1}}, {"type": "Feature", "geometry": {"type": "Polygon", "coordinates": [[[174.79932920000002, -36.9687502], [174.79932920000002, -36.9678502], [174.79842920000002, -36.9678502], [174.79842920000002, -36.9687502], [174.79932920000002, -36.9687502]]]}, "properties": {"row": 19, "col": 21, "elevation_m": 13.3, "low_elevation": false, "drain_deficiency": 0.5, "adjusted_score": 25.0}}, {"type": "Feature", "geometry": {"type": "Polygon", "coordinates": [[[174.80022920000002, -36.9687502], [174.80022920000002, -36.9678502], [174.79932920000002, -36.9678502], [174.79932920000002, -36.9687502], [174.80022920000002, -36.9687502]]]}, "properties": {"row": 19, "col": 22, "elevation_m": 13.5, "low_elevation": false, "drain_deficiency": 0.487, "adjusted_score": 24.4}}, {"type": "Feature", "geometry": {"type": "Polygon", "coordinates": [[[174.80112920000002, -36.9687502], [174.80112920000002, -36.9678502], [174.80022920000002, -36.9678502], [174.80022920000002, -36.9687502], [174.80112920000002, -36.9687502]]]}, "properties": {"row": 19, "col": 23, "elevation_m": 13.8, "low_elevation": false, "drain_deficiency": 0.76, "adjusted_score": 38.0}}, {"type": "Feature", "geometry": {"type": "Polygon", "coordinates": [[[174.80202920000002, -36.9687502], [174.80202920000002, -36.9678502], [174.80112920000002, -36.9678502], [174.80112920000002, -36.9687502], [174.80202920000002, -36.9687502]]]}, "properties": {"row": 19, "col": 24, "elevation_m": 14.8, "low_elevation": false, "drain_deficiency": 1.0, "adjusted_score": 50.0}}, {"type": "Feature", "geometry": {"type": "Polygon", "coordinates": [[[174.80292920000002, -36.9687502], [174.80292920000002, -36.9678502], [174.80202920000002, -36.9678502], [174.80202920000002, -36.9687502], [174.80292920000002, -36.9687502]]]}, "properties": {"row": 19, "col": 25, "elevation_m": 14.3, "low_elevation": false, "drain_deficiency": 0.75, "adjusted_score": 37.5}}, {"type": "Feature", "geometry": {"type": "Polygon", "coordinates": [[[174.80382920000002, -36.9687502], [174.80382920000002, -36.9678502], [174.80292920000002, -36.9678502], [174.80292920000002, -36.9687502], [174.80382920000002, -36.9687502]]]}, "properties": {"row": 19, "col": 26, "elevation_m": 11.9, "low_elevation": false, "drain_deficiency": 0.75, "adjusted_score": 37.5}}, {"type": "Feature", "geometry": {"type": "Polygon", "coordinates": [[[174.80472920000003, -36.9687502], [174.80472920000003, -36.9678502], [174.80382920000002, -36.9678502], [174.80382920000002, -36.9687502], [174.80472920000003, -36.9687502]]]}, "properties": {"row": 19, "col": 27, "elevation_m": 11.7, "low_elevation": false, "drain_deficiency": 0.5, "adjusted_score": 25.0}}, {"type": "Feature", "geometry": {"type": "Polygon", "coordinates": [[[174.80562920000003, -36.9687502], [174.80562920000003, -36.9678502], [174.80472920000003, -36.9678502], [174.80472920000003, -36.9687502], [174.80562920000003, -36.9687502]]]}, "properties": {"row": 19, "col": 28, "elevation_m": 16.6, "low_elevation": false, "drain_deficiency": 0.5, "adjusted_score": 25.0}}, {"type": "Feature", "geometry": {"type": "Polygon", "coordinates": [[[174.80652920000003, -36.9687502], [174.80652920000003, -36.9678502], [174.80562920000003, -36.9678502], [174.80562920000003, -36.9687502], [174.80652920000003, -36.9687502]]]}, "properties": {"row": 19, "col": 29, "elevation_m": 20.5, "low_elevation": false, "drain_deficiency": 0.625, "adjusted_score": 31.2}}, {"type": "Feature", "geometry": {"type": "Polygon", "coordinates": [[[174.8074292, -36.9687502], [174.8074292, -36.9678502], [174.8065292, -36.9678502], [174.8065292, -36.9687502], [174.8074292, -36.9687502]]]}, "properties": {"row": 19, "col": 30, "elevation_m": 18.6, "low_elevation": false, "drain_deficiency": 0.75, "adjusted_score": 37.5}}, {"type": "Feature", "geometry": {"type": "Polygon", "coordinates": [[[174.8083292, -36.9687502], [174.8083292, -36.9678502], [174.8074292, -36.9678502], [174.8074292, -36.9687502], [174.8083292, -36.9687502]]]}, "properties": {"row": 19, "col": 31, "elevation_m": 18.1, "low_elevation": false, "drain_deficiency": 0.75, "adjusted_score": 37.5}}, {"type": "Feature", "geometry": {"type": "Polygon", "coordinates": [[[174.8092292, -36.9687502], [174.8092292, -36.9678502], [174.8083292, -36.9678502], [174.8083292, -36.9687502], [174.8092292, -36.9687502]]]}, "properties": {"row": 19, "col": 32, "elevation_m": 20.3, "low_elevation": false, "drain_deficiency": 0.891, "adjusted_score": 44.6}}, {"type": "Feature", "geometry": {"type": "Polygon", "coordinates": [[[174.8101292, -36.9687502], [174.8101292, -36.9678502], [174.8092292, -36.9678502], [174.8092292, -36.9687502], [174.8101292, -36.9687502]]]}, "properties": {"row": 19, "col": 33, "elevation_m": 20.0, "low_elevation": false, "drain_deficiency": 1.0, "adjusted_score": 50.0}}, {"type": "Feature", "geometry": {"type": "Polygon", "coordinates": [[[174.8110292, -36.9687502], [174.8110292, -36.9678502], [174.8101292, -36.9678502], [174.8101292, -36.9687502], [174.8110292, -36.9687502]]]}, "properties": {"row": 19, "col": 34, "elevation_m": 18.9, "low_elevation": false, "drain_deficiency": 0.859, "adjusted_score": 43.0}}, {"type": "Feature", "geometry": {"type": "Polygon", "coordinates": [[[174.8119292, -36.9687502], [174.8119292, -36.9678502], [174.8110292, -36.9678502], [174.8110292, -36.9687502], [174.8119292, -36.9687502]]]}, "properties": {"row": 19, "col": 35, "elevation_m": 17.6, "low_elevation": false, "drain_deficiency": 0.75, "adjusted_score": 37.5}}, {"type": "Feature", "geometry": {"type": "Polygon", "coordinates": [[[174.8128292, -36.9687502], [174.8128292, -36.9678502], [174.8119292, -36.9678502], [174.8119292, -36.9687502], [174.8128292, -36.9687502]]]}, "properties": {"row": 19, "col": 36, "elevation_m": 16.2, "low_elevation": false, "drain_deficiency": 0.5, "adjusted_score": 25.0}}, {"type": "Feature", "geometry": {"type": "Polygon", "coordinates": [[[174.8137292, -36.9687502], [174.8137292, -36.9678502], [174.8128292, -36.9678502], [174.8128292, -36.9687502], [174.8137292, -36.9687502]]]}, "properties": {"row": 19, "col": 37, "elevation_m": 15.6, "low_elevation": false, "drain_deficiency": 0.375, "adjusted_score": 18.8}}, {"type": "Feature", "geometry": {"type": "Polygon", "coordinates": [[[174.8146292, -36.9687502], [174.8146292, -36.9678502], [174.8137292, -36.9678502], [174.8137292, -36.9687502], [174.8146292, -36.9687502]]]}, "properties": {"row": 19, "col": 38, "elevation_m": 15.4, "low_elevation": false, "drain_deficiency": 0.38, "adjusted_score": 19.0}}, {"type": "Feature", "geometry": {"type": "Polygon", "coordinates": [[[174.81552920000001, -36.9687502], [174.81552920000001, -36.9678502], [174.8146292, -36.9678502], [174.8146292, -36.9687502], [174.81552920000001, -36.9687502]]]}, "properties": {"row": 19, "col": 39, "elevation_m": 15.2, "low_elevation": false, "drain_deficiency": 0.752, "adjusted_score": 37.6}}, {"type": "Feature", "geometry": {"type": "Polygon", "coordinates": [[[174.81642920000002, -36.9687502], [174.81642920000002, -36.9678502], [174.81552920000001, -36.9678502], [174.81552920000001, -36.9687502], [174.81642920000002, -36.9687502]]]}, "properties": {"row": 19, "col": 40, "elevation_m": 15.8, "low_elevation": false, "drain_deficiency": 1.0, "adjusted_score": 50.0}}, {"type": "Feature", "geometry": {"type": "Polygon", "coordinates": [[[174.81732920000002, -36.9687502], [174.81732920000002, -36.9678502], [174.81642920000002, -36.9678502], [174.81642920000002, -36.9687502], [174.81732920000002, -36.9687502]]]}, "properties": {"row": 19, "col": 41, "elevation_m": 16.5, "low_elevation": false, "drain_deficiency": 1.0, "adjusted_score": 50.0}}, {"type": "Feature", "geometry": {"type": "Polygon", "coordinates": [[[174.81822920000002, -36.9687502], [174.81822920000002, -36.9678502], [174.81732920000002, -36.9678502], [174.81732920000002, -36.9687502], [174.81822920000002, -36.9687502]]]}, "properties": {"row": 19, "col": 42, "elevation_m": 16.9, "low_elevation": false, "drain_deficiency": 0.822, "adjusted_score": 41.1}}, {"type": "Feature", "geometry": {"type": "Polygon", "coordinates": [[[174.81912920000002, -36.9687502], [174.81912920000002, -36.9678502], [174.81822920000002, -36.9678502], [174.81822920000002, -36.9687502], [174.81912920000002, -36.9687502]]]}, "properties": {"row": 19, "col": 43, "elevation_m": 17.2, "low_elevation": false, "drain_deficiency": 0.839, "adjusted_score": 41.9}}, {"type": "Feature", "geometry": {"type": "Polygon", "coordinates": [[[174.82002920000002, -36.9687502], [174.82002920000002, -36.9678502], [174.81912920000002, -36.9678502], [174.81912920000002, -36.9687502], [174.82002920000002, -36.9687502]]]}, "properties": {"row": 19, "col": 44, "elevation_m": 17.3, "low_elevation": false, "drain_deficiency": 0.79, "adjusted_score": 39.5}}, {"type": "Feature", "geometry": {"type": "Polygon", "coordinates": [[[174.78042920000001, -36.969650200000004], [174.78042920000001, -36.9687502], [174.7795292, -36.9687502], [174.7795292, -36.969650200000004], [174.78042920000001, -36.969650200000004]]]}, "properties": {"row": 20, "col": 0, "elevation_m": 10.9, "low_elevation": false, "drain_deficiency": 1.0, "adjusted_score": 50.0}}, {"type": "Feature", "geometry": {"type": "Polygon", "coordinates": [[[174.78132920000002, -36.969650200000004], [174.78132920000002, -36.9687502], [174.78042920000001, -36.9687502], [174.78042920000001, -36.969650200000004], [174.78132920000002, -36.969650200000004]]]}, "properties": {"row": 20, "col": 1, "elevation_m": 11.0, "low_elevation": false, "drain_deficiency": 0.809, "adjusted_score": 40.5}}, {"type": "Feature", "geometry": {"type": "Polygon", "coordinates": [[[174.78222920000002, -36.969650200000004], [174.78222920000002, -36.9687502], [174.78132920000002, -36.9687502], [174.78132920000002, -36.969650200000004], [174.78222920000002, -36.969650200000004]]]}, "properties": {"row": 20, "col": 2, "elevation_m": 11.4, "low_elevation": false, "drain_deficiency": 0.5, "adjusted_score": 25.0}}, {"type": "Feature", "geometry": {"type": "Polygon", "coordinates": [[[174.78312920000002, -36.969650200000004], [174.78312920000002, -36.9687502], [174.78222920000002, -36.9687502], [174.78222920000002, -36.969650200000004], [174.78312920000002, -36.969650200000004]]]}, "properties": {"row": 20, "col": 3, "elevation_m": 11.0, "low_elevation": false, "drain_deficiency": 0.625, "adjusted_score": 31.2}}, {"type": "Feature", "geometry": {"type": "Polygon", "coordinates": [[[174.78402920000002, -36.969650200000004], [174.78402920000002, -36.9687502], [174.78312920000002, -36.9687502], [174.78312920000002, -36.969650200000004], [174.78402920000002, -36.969650200000004]]]}, "properties": {"row": 20, "col": 4, "elevation_m": 10.7, "low_elevation": false, "drain_deficiency": 1.0, "adjusted_score": 50.0}}, {"type": "Feature", "geometry": {"type": "Polygon", "coordinates": [[[174.78492920000002, -36.969650200000004], [174.78492920000002, -36.9687502], [174.78402920000002, -36.9687502], [174.78402920000002, -36.969650200000004], [174.78492920000002, -36.969650200000004]]]}, "properties": {"row": 20, "col": 5, "elevation_m": 10.7, "low_elevation": false, "drain_deficiency": 1.0, "adjusted_score": 50.0}}, {"type": "Feature", "geometry": {"type": "Polygon", "coordinates": [[[174.78582920000002, -36.969650200000004], [174.78582920000002, -36.9687502], [174.78492920000002, -36.9687502], [174.78492920000002, -36.969650200000004], [174.78582920000002, -36.969650200000004]]]}, "properties": {"row": 20, "col": 6, "elevation_m": 11.3, "low_elevation": false, "drain_deficiency": 0.596, "adjusted_score": 29.8}}, {"type": "Feature", "geometry": {"type": "Polygon", "coordinates": [[[174.78672920000002, -36.969650200000004], [174.78672920000002, -36.9687502], [174.78582920000002, -36.9687502], [174.78582920000002, -36.969650200000004], [174.78672920000002, -36.969650200000004]]]}, "properties": {"row": 20, "col": 7, "elevation_m": 10.4, "low_elevation": false, "drain_deficiency": 0.5, "adjusted_score": 25.0}}, {"type": "Feature", "geometry": {"type": "Polygon", "coordinates": [[[174.78762920000003, -36.969650200000004], [174.78762920000003, -36.9687502], [174.78672920000002, -36.9687502], [174.78672920000002, -36.969650200000004], [174.78762920000003, -36.969650200000004]]]}, "properties": {"row": 20, "col": 8, "elevation_m": 9.5, "low_elevation": false, "drain_deficiency": 0.625, "adjusted_score": 31.2}}, {"type": "Feature", "geometry": {"type": "Polygon", "coordinates": [[[174.78852920000003, -36.969650200000004], [174.78852920000003, -36.9687502], [174.78762920000003, -36.9687502], [174.78762920000003, -36.969650200000004], [174.78852920000003, -36.969650200000004]]]}, "properties": {"row": 20, "col": 9, "elevation_m": 9.4, "low_elevation": false, "drain_deficiency": 0.75, "adjusted_score": 37.5}}, {"type": "Feature", "geometry": {"type": "Polygon", "coordinates": [[[174.7894292, -36.969650200000004], [174.7894292, -36.9687502], [174.7885292, -36.9687502], [174.7885292, -36.969650200000004], [174.7894292, -36.969650200000004]]]}, "properties": {"row": 20, "col": 10, "elevation_m": 8.1, "low_elevation": false, "drain_deficiency": 0.295, "adjusted_score": 14.7}}, {"type": "Feature", "geometry": {"type": "Polygon", "coordinates": [[[174.7903292, -36.969650200000004], [174.7903292, -36.9687502], [174.7894292, -36.9687502], [174.7894292, -36.969650200000004], [174.7903292, -36.969650200000004]]]}, "properties": {"row": 20, "col": 11, "elevation_m": 8.2, "low_elevation": false, "drain_deficiency": 0.249, "adjusted_score": 12.4}}, {"type": "Feature", "geometry": {"type": "Polygon", "coordinates": [[[174.7912292, -36.969650200000004], [174.7912292, -36.9687502], [174.7903292, -36.9687502], [174.7903292, -36.969650200000004], [174.7912292, -36.969650200000004]]]}, "properties": {"row": 20, "col": 12, "elevation_m": 9.0, "low_elevation": false, "drain_deficiency": 0.375, "adjusted_score": 18.8}}, {"type": "Feature", "geometry": {"type": "Polygon", "coordinates": [[[174.7921292, -36.969650200000004], [174.7921292, -36.9687502], [174.7912292, -36.9687502], [174.7912292, -36.969650200000004], [174.7921292, -36.969650200000004]]]}, "properties": {"row": 20, "col": 13, "elevation_m": 10.8, "low_elevation": false, "drain_deficiency": 0.617, "adjusted_score": 30.8}}, {"type": "Feature", "geometry": {"type": "Polygon", "coordinates": [[[174.7930292, -36.969650200000004], [174.7930292, -36.9687502], [174.7921292, -36.9687502], [174.7921292, -36.969650200000004], [174.7930292, -36.969650200000004]]]}, "properties": {"row": 20, "col": 14, "elevation_m": 11.6, "low_elevation": false, "drain_deficiency": 0.625, "adjusted_score": 31.2}}, {"type": "Feature", "geometry": {"type": "Polygon", "coordinates": [[[174.7939292, -36.969650200000004], [174.7939292, -36.9687502], [174.7930292, -36.9687502], [174.7930292, -36.969650200000004], [174.7939292, -36.969650200000004]]]}, "properties": {"row": 20, "col": 15, "elevation_m": 11.1, "low_elevation": false, "drain_deficiency": 0.25, "adjusted_score": 12.5}}, {"type": "Feature", "geometry": {"type": "Polygon", "coordinates": [[[174.7948292, -36.969650200000004], [174.7948292, -36.9687502], [174.7939292, -36.9687502], [174.7939292, -36.969650200000004], [174.7948292, -36.969650200000004]]]}, "properties": {"row": 20, "col": 16, "elevation_m": 10.7, "low_elevation": false, "drain_deficiency": 0.044, "adjusted_score": 2.2}}, {"type": "Feature", "geometry": {"type": "Polygon", "coordinates": [[[174.7957292, -36.969650200000004], [174.7957292, -36.9687502], [174.7948292, -36.9687502], [174.7948292, -36.969650200000004], [174.7957292, -36.969650200000004]]]}, "properties": {"row": 20, "col": 17, "elevation_m": 11.1, "low_elevation": false, "drain_deficiency": 0.144, "adjusted_score": 7.2}}, {"type": "Feature", "geometry": {"type": "Polygon", "coordinates": [[[174.7966292, -36.969650200000004], [174.7966292, -36.9687502], [174.7957292, -36.9687502], [174.7957292, -36.969650200000004], [174.7966292, -36.969650200000004]]]}, "properties": {"row": 20, "col": 18, "elevation_m": 11.4, "low_elevation": false, "drain_deficiency": 0.147, "adjusted_score": 7.3}}, {"type": "Feature", "geometry": {"type": "Polygon", "coordinates": [[[174.7975292, -36.969650200000004], [174.7975292, -36.9687502], [174.7966292, -36.9687502], [174.7966292, -36.969650200000004], [174.7975292, -36.969650200000004]]]}, "properties": {"row": 20, "col": 19, "elevation_m": 13.0, "low_elevation": false, "drain_deficiency": 0.75, "adjusted_score": 37.5}}, {"type": "Feature", "geometry": {"type": "Polygon", "coordinates": [[[174.79842920000002, -36.969650200000004], [174.79842920000002, -36.9687502], [174.7975292, -36.9687502], [174.7975292, -36.969650200000004], [174.79842920000002, -36.969650200000004]]]}, "properties": {"row": 20, "col": 20, "elevation_m": 12.5, "low_elevation": false, "drain_deficiency": 0.625, "adjusted_score": 31.2}}, {"type": "Feature", "geometry": {"type": "Polygon", "coordinates": [[[174.79932920000002, -36.969650200000004], [174.79932920000002, -36.9687502], [174.79842920000002, -36.9687502], [174.79842920000002, -36.969650200000004], [174.79932920000002, -36.969650200000004]]]}, "properties": {"row": 20, "col": 21, "elevation_m": 16.1, "low_elevation": false, "drain_deficiency": 0.5, "adjusted_score": 25.0}}, {"type": "Feature", "geometry": {"type": "Polygon", "coordinates": [[[174.80022920000002, -36.969650200000004], [174.80022920000002, -36.9687502], [174.79932920000002, -36.9687502], [174.79932920000002, -36.969650200000004], [174.80022920000002, -36.969650200000004]]]}, "properties": {"row": 20, "col": 22, "elevation_m": 17.6, "low_elevation": false, "drain_deficiency": 0.625, "adjusted_score": 31.2}}, {"type": "Feature", "geometry": {"type": "Polygon", "coordinates": [[[174.80112920000002, -36.969650200000004], [174.80112920000002, -36.9687502], [174.80022920000002, -36.9687502], [174.80022920000002, -36.969650200000004], [174.80112920000002, -36.969650200000004]]]}, "properties": {"row": 20, "col": 23, "elevation_m": 17.1, "low_elevation": false, "drain_deficiency": 0.274, "adjusted_score": 13.7}}, {"type": "Feature", "geometry": {"type": "Polygon", "coordinates": [[[174.80202920000002, -36.969650200000004], [174.80202920000002, -36.9687502], [174.80112920000002, -36.9687502], [174.80112920000002, -36.969650200000004], [174.80202920000002, -36.969650200000004]]]}, "properties": {"row": 20, "col": 24, "elevation_m": 17.1, "low_elevation": false, "drain_deficiency": 0.653, "adjusted_score": 32.7}}, {"type": "Feature", "geometry": {"type": "Polygon", "coordinates": [[[174.80292920000002, -36.969650200000004], [174.80292920000002, -36.9687502], [174.80202920000002, -36.9687502], [174.80202920000002, -36.969650200000004], [174.80292920000002, -36.969650200000004]]]}, "properties": {"row": 20, "col": 25, "elevation_m": 17.3, "low_elevation": false, "drain_deficiency": 0.625, "adjusted_score": 31.2}}, {"type": "Feature", "geometry": {"type": "Polygon", "coordinates": [[[174.80382920000002, -36.969650200000004], [174.80382920000002, -36.9687502], [174.80292920000002, -36.9687502], [174.80292920000002, -36.969650200000004], [174.80382920000002, -36.969650200000004]]]}, "properties": {"row": 20, "col": 26, "elevation_m": 14.8, "low_elevation": false, "drain_deficiency": 0.625, "adjusted_score": 31.2}}, {"type": "Feature", "geometry": {"type": "Polygon", "coordinates": [[[174.80472920000003, -36.969650200000004], [174.80472920000003, -36.9687502], [174.80382920000002, -36.9687502], [174.80382920000002, -36.969650200000004], [174.80472920000003, -36.969650200000004]]]}, "properties": {"row": 20, "col": 27, "elevation_m": 14.1, "low_elevation": false, "drain_deficiency": 0.5, "adjusted_score": 25.0}}, {"type": "Feature", "geometry": {"type": "Polygon", "coordinates": [[[174.80562920000003, -36.969650200000004], [174.80562920000003, -36.9687502], [174.80472920000003, -36.9687502], [174.80472920000003, -36.969650200000004], [174.80562920000003, -36.969650200000004]]]}, "properties": {"row": 20, "col": 28, "elevation_m": 17.2, "low_elevation": false, "drain_deficiency": 0.5, "adjusted_score": 25.0}}, {"type": "Feature", "geometry": {"type": "Polygon", "coordinates": [[[174.80652920000003, -36.969650200000004], [174.80652920000003, -36.9687502], [174.80562920000003, -36.9687502], [174.80562920000003, -36.969650200000004], [174.80652920000003, -36.969650200000004]]]}, "properties": {"row": 20, "col": 29, "elevation_m": 20.0, "low_elevation": false, "drain_deficiency": 0.625, "adjusted_score": 31.2}}, {"type": "Feature", "geometry": {"type": "Polygon", "coordinates": [[[174.8074292, -36.969650200000004], [174.8074292, -36.9687502], [174.8065292, -36.9687502], [174.8065292, -36.969650200000004], [174.8074292, -36.969650200000004]]]}, "properties": {"row": 20, "col": 30, "elevation_m": 20.5, "low_elevation": false, "drain_deficiency": 0.75, "adjusted_score": 37.5}}, {"type": "Feature", "geometry": {"type": "Polygon", "coordinates": [[[174.8083292, -36.969650200000004], [174.8083292, -36.9687502], [174.8074292, -36.9687502], [174.8074292, -36.969650200000004], [174.8083292, -36.969650200000004]]]}, "properties": {"row": 20, "col": 31, "elevation_m": 19.9, "low_elevation": false, "drain_deficiency": 0.75, "adjusted_score": 37.5}}, {"type": "Feature", "geometry": {"type": "Polygon", "coordinates": [[[174.8092292, -36.969650200000004], [174.8092292, -36.9687502], [174.8083292, -36.9687502], [174.8083292, -36.969650200000004], [174.8092292, -36.969650200000004]]]}, "properties": {"row": 20, "col": 32, "elevation_m": 18.2, "low_elevation": false, "drain_deficiency": 0.75, "adjusted_score": 37.5}}, {"type": "Feature", "geometry": {"type": "Polygon", "coordinates": [[[174.8101292, -36.969650200000004], [174.8101292, -36.9687502], [174.8092292, -36.9687502], [174.8092292, -36.969650200000004], [174.8101292, -36.969650200000004]]]}, "properties": {"row": 20, "col": 33, "elevation_m": 17.1, "low_elevation": false, "drain_deficiency": 0.618, "adjusted_score": 30.9}}, {"type": "Feature", "geometry": {"type": "Polygon", "coordinates": [[[174.8110292, -36.969650200000004], [174.8110292, -36.9687502], [174.8101292, -36.9687502], [174.8101292, -36.969650200000004], [174.8110292, -36.969650200000004]]]}, "properties": {"row": 20, "col": 34, "elevation_m": 16.4, "low_elevation": false, "drain_deficiency": 0.833, "adjusted_score": 41.7}}, {"type": "Feature", "geometry": {"type": "Polygon", "coordinates": [[[174.8119292, -36.969650200000004], [174.8119292, -36.9687502], [174.8110292, -36.9687502], [174.8110292, -36.969650200000004], [174.8119292, -36.969650200000004]]]}, "properties": {"row": 20, "col": 35, "elevation_m": 15.7, "low_elevation": false, "drain_deficiency": 0.75, "adjusted_score": 37.5}}, {"type": "Feature", "geometry": {"type": "Polygon", "coordinates": [[[174.8128292, -36.969650200000004], [174.8128292, -36.9687502], [174.8119292, -36.9687502], [174.8119292, -36.969650200000004], [174.8128292, -36.969650200000004]]]}, "properties": {"row": 20, "col": 36, "elevation_m": 16.1, "low_elevation": false, "drain_deficiency": 0.5, "adjusted_score": 25.0}}, {"type": "Feature", "geometry": {"type": "Polygon", "coordinates": [[[174.8137292, -36.969650200000004], [174.8137292, -36.9687502], [174.8128292, -36.9687502], [174.8128292, -36.969650200000004], [174.8137292, -36.969650200000004]]]}, "properties": {"row": 20, "col": 37, "elevation_m": 16.1, "low_elevation": false, "drain_deficiency": 0.625, "adjusted_score": 31.2}}, {"type": "Feature", "geometry": {"type": "Polygon", "coordinates": [[[174.8146292, -36.969650200000004], [174.8146292, -36.9687502], [174.8137292, -36.9687502], [174.8137292, -36.969650200000004], [174.8146292, -36.969650200000004]]]}, "properties": {"row": 20, "col": 38, "elevation_m": 16.1, "low_elevation": false, "drain_deficiency": 0.75, "adjusted_score": 37.5}}, {"type": "Feature", "geometry": {"type": "Polygon", "coordinates": [[[174.81552920000001, -36.969650200000004], [174.81552920000001, -36.9687502], [174.8146292, -36.9687502], [174.8146292, -36.969650200000004], [174.81552920000001, -36.969650200000004]]]}, "properties": {"row": 20, "col": 39, "elevation_m": 16.2, "low_elevation": false, "drain_deficiency": 0.75, "adjusted_score": 37.5}}, {"type": "Feature", "geometry": {"type": "Polygon", "coordinates": [[[174.81642920000002, -36.969650200000004], [174.81642920000002, -36.9687502], [174.81552920000001, -36.9687502], [174.81552920000001, -36.969650200000004], [174.81642920000002, -36.969650200000004]]]}, "properties": {"row": 20, "col": 40, "elevation_m": 16.9, "low_elevation": false, "drain_deficiency": 0.762, "adjusted_score": 38.1}}, {"type": "Feature", "geometry": {"type": "Polygon", "coordinates": [[[174.81732920000002, -36.969650200000004], [174.81732920000002, -36.9687502], [174.81642920000002, -36.9687502], [174.81642920000002, -36.969650200000004], [174.81732920000002, -36.969650200000004]]]}, "properties": {"row": 20, "col": 41, "elevation_m": 17.2, "low_elevation": false, "drain_deficiency": 0.705, "adjusted_score": 35.2}}, {"type": "Feature", "geometry": {"type": "Polygon", "coordinates": [[[174.81822920000002, -36.969650200000004], [174.81822920000002, -36.9687502], [174.81732920000002, -36.9687502], [174.81732920000002, -36.969650200000004], [174.81822920000002, -36.969650200000004]]]}, "properties": {"row": 20, "col": 42, "elevation_m": 17.4, "low_elevation": false, "drain_deficiency": 0.177, "adjusted_score": 8.8}}, {"type": "Feature", "geometry": {"type": "Polygon", "coordinates": [[[174.81912920000002, -36.969650200000004], [174.81912920000002, -36.9687502], [174.81822920000002, -36.9687502], [174.81822920000002, -36.969650200000004], [174.81912920000002, -36.969650200000004]]]}, "properties": {"row": 20, "col": 43, "elevation_m": 17.7, "low_elevation": false, "drain_deficiency": 0.625, "adjusted_score": 31.2}}, {"type": "Feature", "geometry": {"type": "Polygon", "coordinates": [[[174.82002920000002, -36.969650200000004], [174.82002920000002, -36.9687502], [174.81912920000002, -36.9687502], [174.81912920000002, -36.969650200000004], [174.82002920000002, -36.969650200000004]]]}, "properties": {"row": 20, "col": 44, "elevation_m": 17.8, "low_elevation": false, "drain_deficiency": 0.625, "adjusted_score": 31.2}}, {"type": "Feature", "geometry": {"type": "Polygon", "coordinates": [[[174.78042920000001, -36.970550200000005], [174.78042920000001, -36.969650200000004], [174.7795292, -36.969650200000004], [174.7795292, -36.970550200000005], [174.78042920000001, -36.970550200000005]]]}, "properties": {"row": 21, "col": 0, "elevation_m": 9.9, "low_elevation": false, "drain_deficiency": 1.0, "adjusted_score": 50.0}}, {"type": "Feature", "geometry": {"type": "Polygon", "coordinates": [[[174.78132920000002, -36.970550200000005], [174.78132920000002, -36.969650200000004], [174.78042920000001, -36.969650200000004], [174.78042920000001, -36.970550200000005], [174.78132920000002, -36.970550200000005]]]}, "properties": {"row": 21, "col": 1, "elevation_m": 10.4, "low_elevation": false, "drain_deficiency": 1.0, "adjusted_score": 50.0}}, {"type": "Feature", "geometry": {"type": "Polygon", "coordinates": [[[174.78222920000002, -36.970550200000005], [174.78222920000002, -36.969650200000004], [174.78132920000002, -36.969650200000004], [174.78132920000002, -36.970550200000005], [174.78222920000002, -36.970550200000005]]]}, "properties": {"row": 21, "col": 2, "elevation_m": 11.4, "low_elevation": false, "drain_deficiency": 0.625, "adjusted_score": 31.2}}, {"type": "Feature", "geometry": {"type": "Polygon", "coordinates": [[[174.78312920000002, -36.970550200000005], [174.78312920000002, -36.969650200000004], [174.78222920000002, -36.969650200000004], [174.78222920000002, -36.970550200000005], [174.78312920000002, -36.970550200000005]]]}, "properties": {"row": 21, "col": 3, "elevation_m": 11.8, "low_elevation": false, "drain_deficiency": 0.625, "adjusted_score": 31.2}}, {"type": "Feature", "geometry": {"type": "Polygon", "coordinates": [[[174.78402920000002, -36.970550200000005], [174.78402920000002, -36.969650200000004], [174.78312920000002, -36.969650200000004], [174.78312920000002, -36.970550200000005], [174.78402920000002, -36.970550200000005]]]}, "properties": {"row": 21, "col": 4, "elevation_m": 11.5, "low_elevation": false, "drain_deficiency": 1.0, "adjusted_score": 50.0}}, {"type": "Feature", "geometry": {"type": "Polygon", "coordinates": [[[174.78492920000002, -36.970550200000005], [174.78492920000002, -36.969650200000004], [174.78402920000002, -36.969650200000004], [174.78402920000002, -36.970550200000005], [174.78492920000002, -36.970550200000005]]]}, "properties": {"row": 21, "col": 5, "elevation_m": 11.4, "low_elevation": false, "drain_deficiency": 1.0, "adjusted_score": 50.0}}, {"type": "Feature", "geometry": {"type": "Polygon", "coordinates": [[[174.78582920000002, -36.970550200000005], [174.78582920000002, -36.969650200000004], [174.78492920000002, -36.969650200000004], [174.78492920000002, -36.970550200000005], [174.78582920000002, -36.970550200000005]]]}, "properties": {"row": 21, "col": 6, "elevation_m": 12.3, "low_elevation": false, "drain_deficiency": 0.662, "adjusted_score": 33.1}}, {"type": "Feature", "geometry": {"type": "Polygon", "coordinates": [[[174.78672920000002, -36.970550200000005], [174.78672920000002, -36.969650200000004], [174.78582920000002, -36.969650200000004], [174.78582920000002, -36.970550200000005], [174.78672920000002, -36.970550200000005]]]}, "properties": {"row": 21, "col": 7, "elevation_m": 12.3, "low_elevation": false, "drain_deficiency": 0.5, "adjusted_score": 25.0}}, {"type": "Feature", "geometry": {"type": "Polygon", "coordinates": [[[174.78762920000003, -36.970550200000005], [174.78762920000003, -36.969650200000004], [174.78672920000002, -36.969650200000004], [174.78672920000002, -36.970550200000005], [174.78762920000003, -36.970550200000005]]]}, "properties": {"row": 21, "col": 8, "elevation_m": 10.5, "low_elevation": false, "drain_deficiency": 0.625, "adjusted_score": 31.2}}, {"type": "Feature", "geometry": {"type": "Polygon", "coordinates": [[[174.78852920000003, -36.970550200000005], [174.78852920000003, -36.969650200000004], [174.78762920000003, -36.969650200000004], [174.78762920000003, -36.970550200000005], [174.78852920000003, -36.970550200000005]]]}, "properties": {"row": 21, "col": 9, "elevation_m": 10.0, "low_elevation": false, "drain_deficiency": 0.617, "adjusted_score": 30.8}}, {"type": "Feature", "geometry": {"type": "Polygon", "coordinates": [[[174.7894292, -36.970550200000005], [174.7894292, -36.969650200000004], [174.7885292, -36.969650200000004], [174.7885292, -36.970550200000005], [174.7894292, -36.970550200000005]]]}, "properties": {"row": 21, "col": 10, "elevation_m": 9.9, "low_elevation": false, "drain_deficiency": 0.75, "adjusted_score": 37.5}}, {"type": "Feature", "geometry": {"type": "Polygon", "coordinates": [[[174.7903292, -36.970550200000005], [174.7903292, -36.969650200000004], [174.7894292, -36.969650200000004], [174.7894292, -36.970550200000005], [174.7903292, -36.970550200000005]]]}, "properties": {"row": 21, "col": 11, "elevation_m": 9.7, "low_elevation": false, "drain_deficiency": 0.833, "adjusted_score": 41.7}}, {"type": "Feature", "geometry": {"type": "Polygon", "coordinates": [[[174.7912292, -36.970550200000005], [174.7912292, -36.969650200000004], [174.7903292, -36.969650200000004], [174.7903292, -36.970550200000005], [174.7912292, -36.970550200000005]]]}, "properties": {"row": 21, "col": 12, "elevation_m": 10.6, "low_elevation": false, "drain_deficiency": 0.5, "adjusted_score": 25.0}}, {"type": "Feature", "geometry": {"type": "Polygon", "coordinates": [[[174.7921292, -36.970550200000005], [174.7921292, -36.969650200000004], [174.7912292, -36.969650200000004], [174.7912292, -36.970550200000005], [174.7921292, -36.970550200000005]]]}, "properties": {"row": 21, "col": 13, "elevation_m": 11.7, "low_elevation": false, "drain_deficiency": 0.833, "adjusted_score": 41.7}}, {"type": "Feature", "geometry": {"type": "Polygon", "coordinates": [[[174.7930292, -36.970550200000005], [174.7930292, -36.969650200000004], [174.7921292, -36.969650200000004], [174.7921292, -36.970550200000005], [174.7930292, -36.970550200000005]]]}, "properties": {"row": 21, "col": 14, "elevation_m": 11.8, "low_elevation": false, "drain_deficiency": 0.625, "adjusted_score": 31.2}}, {"type": "Feature", "geometry": {"type": "Polygon", "coordinates": [[[174.7939292, -36.970550200000005], [174.7939292, -36.969650200000004], [174.7930292, -36.969650200000004], [174.7930292, -36.970550200000005], [174.7939292, -36.970550200000005]]]}, "properties": {"row": 21, "col": 15, "elevation_m": 10.0, "low_elevation": false, "drain_deficiency": 0.625, "adjusted_score": 31.2}}, {"type": "Feature", "geometry": {"type": "Polygon", "coordinates": [[[174.7948292, -36.970550200000005], [174.7948292, -36.969650200000004], [174.7939292, -36.969650200000004], [174.7939292, -36.970550200000005], [174.7948292, -36.970550200000005]]]}, "properties": {"row": 21, "col": 16, "elevation_m": 10.4, "low_elevation": false, "drain_deficiency": 0.5, "adjusted_score": 25.0}}, {"type": "Feature", "geometry": {"type": "Polygon", "coordinates": [[[174.7957292, -36.970550200000005], [174.7957292, -36.969650200000004], [174.7948292, -36.969650200000004], [174.7948292, -36.970550200000005], [174.7957292, -36.970550200000005]]]}, "properties": {"row": 21, "col": 17, "elevation_m": 11.8, "low_elevation": false, "drain_deficiency": 0.063, "adjusted_score": 3.1}}, {"type": "Feature", "geometry": {"type": "Polygon", "coordinates": [[[174.7966292, -36.970550200000005], [174.7966292, -36.969650200000004], [174.7957292, -36.969650200000004], [174.7957292, -36.970550200000005], [174.7966292, -36.970550200000005]]]}, "properties": {"row": 21, "col": 18, "elevation_m": 13.7, "low_elevation": false, "drain_deficiency": 0.4, "adjusted_score": 20.0}}, {"type": "Feature", "geometry": {"type": "Polygon", "coordinates": [[[174.7975292, -36.970550200000005], [174.7975292, -36.969650200000004], [174.7966292, -36.969650200000004], [174.7966292, -36.970550200000005], [174.7975292, -36.970550200000005]]]}, "properties": {"row": 21, "col": 19, "elevation_m": 14.9, "low_elevation": false, "drain_deficiency": 0.75, "adjusted_score": 37.5}}, {"type": "Feature", "geometry": {"type": "Polygon", "coordinates": [[[174.79842920000002, -36.970550200000005], [174.79842920000002, -36.969650200000004], [174.7975292, -36.969650200000004], [174.7975292, -36.970550200000005], [174.79842920000002, -36.970550200000005]]]}, "properties": {"row": 21, "col": 20, "elevation_m": 15.6, "low_elevation": false, "drain_deficiency": 0.25, "adjusted_score": 12.5}}, {"type": "Feature", "geometry": {"type": "Polygon", "coordinates": [[[174.79932920000002, -36.970550200000005], [174.79932920000002, -36.969650200000004], [174.79842920000002, -36.969650200000004], [174.79842920000002, -36.970550200000005], [174.79932920000002, -36.970550200000005]]]}, "properties": {"row": 21, "col": 21, "elevation_m": 19.0, "low_elevation": false, "drain_deficiency": 0.5, "adjusted_score": 25.0}}, {"type": "Feature", "geometry": {"type": "Polygon", "coordinates": [[[174.80022920000002, -36.970550200000005], [174.80022920000002, -36.969650200000004], [174.79932920000002, -36.969650200000004], [174.79932920000002, -36.970550200000005], [174.80022920000002, -36.970550200000005]]]}, "properties": {"row": 21, "col": 22, "elevation_m": 19.4, "low_elevation": false, "drain_deficiency": 0.5, "adjusted_score": 25.0}}, {"type": "Feature", "geometry": {"type": "Polygon", "coordinates": [[[174.80112920000002, -36.970550200000005], [174.80112920000002, -36.969650200000004], [174.80022920000002, -36.969650200000004], [174.80022920000002, -36.970550200000005], [174.80112920000002, -36.970550200000005]]]}, "properties": {"row": 21, "col": 23, "elevation_m": 19.5, "low_elevation": false, "drain_deficiency": 0.375, "adjusted_score": 18.8}}, {"type": "Feature", "geometry": {"type": "Polygon", "coordinates": [[[174.80202920000002, -36.970550200000005], [174.80202920000002, -36.969650200000004], [174.80112920000002, -36.969650200000004], [174.80112920000002, -36.970550200000005], [174.80202920000002, -36.970550200000005]]]}, "properties": {"row": 21, "col": 24, "elevation_m": 17.1, "low_elevation": false, "drain_deficiency": 0.375, "adjusted_score": 18.8}}, {"type": "Feature", "geometry": {"type": "Polygon", "coordinates": [[[174.80292920000002, -36.970550200000005], [174.80292920000002, -36.969650200000004], [174.80202920000002, -36.969650200000004], [174.80202920000002, -36.970550200000005], [174.80292920000002, -36.970550200000005]]]}, "properties": {"row": 21, "col": 25, "elevation_m": 16.3, "low_elevation": false, "drain_deficiency": 0.5, "adjusted_score": 25.0}}, {"type": "Feature", "geometry": {"type": "Polygon", "coordinates": [[[174.80382920000002, -36.970550200000005], [174.80382920000002, -36.969650200000004], [174.80292920000002, -36.969650200000004], [174.80292920000002, -36.970550200000005], [174.80382920000002, -36.970550200000005]]]}, "properties": {"row": 21, "col": 26, "elevation_m": 13.5, "low_elevation": false, "drain_deficiency": 0.375, "adjusted_score": 18.8}}, {"type": "Feature", "geometry": {"type": "Polygon", "coordinates": [[[174.80472920000003, -36.970550200000005], [174.80472920000003, -36.969650200000004], [174.80382920000002, -36.969650200000004], [174.80382920000002, -36.970550200000005], [174.80472920000003, -36.970550200000005]]]}, "properties": {"row": 21, "col": 27, "elevation_m": 12.3, "low_elevation": false, "drain_deficiency": 0.375, "adjusted_score": 18.8}}, {"type": "Feature", "geometry": {"type": "Polygon", "coordinates": [[[174.80562920000003, -36.970550200000005], [174.80562920000003, -36.969650200000004], [174.80472920000003, -36.969650200000004], [174.80472920000003, -36.970550200000005], [174.80562920000003, -36.970550200000005]]]}, "properties": {"row": 21, "col": 28, "elevation_m": 14.5, "low_elevation": false, "drain_deficiency": 0.629, "adjusted_score": 31.4}}, {"type": "Feature", "geometry": {"type": "Polygon", "coordinates": [[[174.80652920000003, -36.970550200000005], [174.80652920000003, -36.969650200000004], [174.80562920000003, -36.969650200000004], [174.80562920000003, -36.970550200000005], [174.80652920000003, -36.970550200000005]]]}, "properties": {"row": 21, "col": 29, "elevation_m": 17.7, "low_elevation": false, "drain_deficiency": 0.661, "adjusted_score": 33.1}}, {"type": "Feature", "geometry": {"type": "Polygon", "coordinates": [[[174.8074292, -36.970550200000005], [174.8074292, -36.969650200000004], [174.8065292, -36.969650200000004], [174.8065292, -36.970550200000005], [174.8074292, -36.970550200000005]]]}, "properties": {"row": 21, "col": 30, "elevation_m": 18.1, "low_elevation": false, "drain_deficiency": 0.625, "adjusted_score": 31.2}}, {"type": "Feature", "geometry": {"type": "Polygon", "coordinates": [[[174.8083292, -36.970550200000005], [174.8083292, -36.969650200000004], [174.8074292, -36.969650200000004], [174.8074292, -36.970550200000005], [174.8083292, -36.970550200000005]]]}, "properties": {"row": 21, "col": 31, "elevation_m": 18.2, "low_elevation": false, "drain_deficiency": 0.625, "adjusted_score": 31.2}}, {"type": "Feature", "geometry": {"type": "Polygon", "coordinates": [[[174.8092292, -36.970550200000005], [174.8092292, -36.969650200000004], [174.8083292, -36.969650200000004], [174.8083292, -36.970550200000005], [174.8092292, -36.970550200000005]]]}, "properties": {"row": 21, "col": 32, "elevation_m": 16.7, "low_elevation": false, "drain_deficiency": 0.5, "adjusted_score": 25.0}}, {"type": "Feature", "geometry": {"type": "Polygon", "coordinates": [[[174.8101292, -36.970550200000005], [174.8101292, -36.969650200000004], [174.8092292, -36.969650200000004], [174.8092292, -36.970550200000005], [174.8101292, -36.970550200000005]]]}, "properties": {"row": 21, "col": 33, "elevation_m": 15.4, "low_elevation": false, "drain_deficiency": 0.198, "adjusted_score": 9.9}}, {"type": "Feature", "geometry": {"type": "Polygon", "coordinates": [[[174.8110292, -36.970550200000005], [174.8110292, -36.969650200000004], [174.8101292, -36.969650200000004], [174.8101292, -36.970550200000005], [174.8110292, -36.970550200000005]]]}, "properties": {"row": 21, "col": 34, "elevation_m": 16.3, "low_elevation": false, "drain_deficiency": 0.833, "adjusted_score": 41.7}}, {"type": "Feature", "geometry": {"type": "Polygon", "coordinates": [[[174.8119292, -36.970550200000005], [174.8119292, -36.969650200000004], [174.8110292, -36.969650200000004], [174.8110292, -36.970550200000005], [174.8119292, -36.970550200000005]]]}, "properties": {"row": 21, "col": 35, "elevation_m": 16.9, "low_elevation": false, "drain_deficiency": 0.125, "adjusted_score": 6.2}}, {"type": "Feature", "geometry": {"type": "Polygon", "coordinates": [[[174.8128292, -36.970550200000005], [174.8128292, -36.969650200000004], [174.8119292, -36.969650200000004], [174.8119292, -36.970550200000005], [174.8128292, -36.970550200000005]]]}, "properties": {"row": 21, "col": 36, "elevation_m": 16.6, "low_elevation": false, "drain_deficiency": 0.625, "adjusted_score": 31.2}}, {"type": "Feature", "geometry": {"type": "Polygon", "coordinates": [[[174.8137292, -36.970550200000005], [174.8137292, -36.969650200000004], [174.8128292, -36.969650200000004], [174.8128292, -36.970550200000005], [174.8137292, -36.970550200000005]]]}, "properties": {"row": 21, "col": 37, "elevation_m": 16.2, "low_elevation": false, "drain_deficiency": 0.625, "adjusted_score": 31.2}}, {"type": "Feature", "geometry": {"type": "Polygon", "coordinates": [[[174.8146292, -36.970550200000005], [174.8146292, -36.969650200000004], [174.8137292, -36.969650200000004], [174.8137292, -36.970550200000005], [174.8146292, -36.970550200000005]]]}, "properties": {"row": 21, "col": 38, "elevation_m": 16.6, "low_elevation": false, "drain_deficiency": 0.5, "adjusted_score": 25.0}}, {"type": "Feature", "geometry": {"type": "Polygon", "coordinates": [[[174.81552920000001, -36.970550200000005], [174.81552920000001, -36.969650200000004], [174.8146292, -36.969650200000004], [174.8146292, -36.970550200000005], [174.81552920000001, -36.970550200000005]]]}, "properties": {"row": 21, "col": 39, "elevation_m": 17.0, "low_elevation": false, "drain_deficiency": 0.125, "adjusted_score": 6.2}}, {"type": "Feature", "geometry": {"type": "Polygon", "coordinates": [[[174.81642920000002, -36.970550200000005], [174.81642920000002, -36.969650200000004], [174.81552920000001, -36.969650200000004], [174.81552920000001, -36.970550200000005], [174.81642920000002, -36.970550200000005]]]}, "properties": {"row": 21, "col": 40, "elevation_m": 17.8, "low_elevation": false, "drain_deficiency": 0.25, "adjusted_score": 12.5}}, {"type": "Feature", "geometry": {"type": "Polygon", "coordinates": [[[174.81732920000002, -36.970550200000005], [174.81732920000002, -36.969650200000004], [174.81642920000002, -36.969650200000004], [174.81642920000002, -36.970550200000005], [174.81732920000002, -36.970550200000005]]]}, "properties": {"row": 21, "col": 41, "elevation_m": 18.2, "low_elevation": false, "drain_deficiency": 0.625, "adjusted_score": 31.2}}, {"type": "Feature", "geometry": {"type": "Polygon", "coordinates": [[[174.81822920000002, -36.970550200000005], [174.81822920000002, -36.969650200000004], [174.81732920000002, -36.969650200000004], [174.81732920000002, -36.970550200000005], [174.81822920000002, -36.970550200000005]]]}, "properties": {"row": 21, "col": 42, "elevation_m": 18.3, "low_elevation": false, "drain_deficiency": 0.432, "adjusted_score": 21.6}}, {"type": "Feature", "geometry": {"type": "Polygon", "coordinates": [[[174.81912920000002, -36.970550200000005], [174.81912920000002, -36.969650200000004], [174.81822920000002, -36.969650200000004], [174.81822920000002, -36.970550200000005], [174.81912920000002, -36.970550200000005]]]}, "properties": {"row": 21, "col": 43, "elevation_m": 18.3, "low_elevation": false, "drain_deficiency": 0.125, "adjusted_score": 6.2}}, {"type": "Feature", "geometry": {"type": "Polygon", "coordinates": [[[174.82002920000002, -36.970550200000005], [174.82002920000002, -36.969650200000004], [174.81912920000002, -36.969650200000004], [174.81912920000002, -36.970550200000005], [174.82002920000002, -36.970550200000005]]]}, "properties": {"row": 21, "col": 44, "elevation_m": 18.3, "low_elevation": false, "drain_deficiency": 0.5, "adjusted_score": 25.0}}, {"type": "Feature", "geometry": {"type": "Polygon", "coordinates": [[[174.78042920000001, -36.9714502], [174.78042920000001, -36.9705502], [174.7795292, -36.9705502], [174.7795292, -36.9714502], [174.78042920000001, -36.9714502]]]}, "properties": {"row": 22, "col": 0, "elevation_m": 11.0, "low_elevation": false, "drain_deficiency": 1.0, "adjusted_score": 50.0}}, {"type": "Feature", "geometry": {"type": "Polygon", "coordinates": [[[174.78132920000002, -36.9714502], [174.78132920000002, -36.9705502], [174.78042920000001, -36.9705502], [174.78042920000001, -36.9714502], [174.78132920000002, -36.9714502]]]}, "properties": {"row": 22, "col": 1, "elevation_m": 11.6, "low_elevation": false, "drain_deficiency": 0.874, "adjusted_score": 43.7}}, {"type": "Feature", "geometry": {"type": "Polygon", "coordinates": [[[174.78222920000002, -36.9714502], [174.78222920000002, -36.9705502], [174.78132920000002, -36.9705502], [174.78132920000002, -36.9714502], [174.78222920000002, -36.9714502]]]}, "properties": {"row": 22, "col": 2, "elevation_m": 12.2, "low_elevation": false, "drain_deficiency": 0.804, "adjusted_score": 40.2}}, {"type": "Feature", "geometry": {"type": "Polygon", "coordinates": [[[174.78312920000002, -36.9714502], [174.78312920000002, -36.9705502], [174.78222920000002, -36.9705502], [174.78222920000002, -36.9714502], [174.78312920000002, -36.9714502]]]}, "properties": {"row": 22, "col": 3, "elevation_m": 12.3, "low_elevation": false, "drain_deficiency": 0.903, "adjusted_score": 45.1}}, {"type": "Feature", "geometry": {"type": "Polygon", "coordinates": [[[174.78402920000002, -36.9714502], [174.78402920000002, -36.9705502], [174.78312920000002, -36.9705502], [174.78312920000002, -36.9714502], [174.78402920000002, -36.9714502]]]}, "properties": {"row": 22, "col": 4, "elevation_m": 12.5, "low_elevation": false, "drain_deficiency": 0.772, "adjusted_score": 38.6}}, {"type": "Feature", "geometry": {"type": "Polygon", "coordinates": [[[174.78492920000002, -36.9714502], [174.78492920000002, -36.9705502], [174.78402920000002, -36.9705502], [174.78402920000002, -36.9714502], [174.78492920000002, -36.9714502]]]}, "properties": {"row": 22, "col": 5, "elevation_m": 12.8, "low_elevation": false, "drain_deficiency": 0.861, "adjusted_score": 43.0}}, {"type": "Feature", "geometry": {"type": "Polygon", "coordinates": [[[174.78582920000002, -36.9714502], [174.78582920000002, -36.9705502], [174.78492920000002, -36.9705502], [174.78492920000002, -36.9714502], [174.78582920000002, -36.9714502]]]}, "properties": {"row": 22, "col": 6, "elevation_m": 14.2, "low_elevation": false, "drain_deficiency": 0.918, "adjusted_score": 45.9}}, {"type": "Feature", "geometry": {"type": "Polygon", "coordinates": [[[174.78672920000002, -36.9714502], [174.78672920000002, -36.9705502], [174.78582920000002, -36.9705502], [174.78582920000002, -36.9714502], [174.78672920000002, -36.9714502]]]}, "properties": {"row": 22, "col": 7, "elevation_m": 14.5, "low_elevation": false, "drain_deficiency": 0.625, "adjusted_score": 31.2}}, {"type": "Feature", "geometry": {"type": "Polygon", "coordinates": [[[174.78762920000003, -36.9714502], [174.78762920000003, -36.9705502], [174.78672920000002, -36.9705502], [174.78672920000002, -36.9714502], [174.78762920000003, -36.9714502]]]}, "properties": {"row": 22, "col": 8, "elevation_m": 12.0, "low_elevation": false, "drain_deficiency": 0.625, "adjusted_score": 31.2}}, {"type": "Feature", "geometry": {"type": "Polygon", "coordinates": [[[174.78852920000003, -36.9714502], [174.78852920000003, -36.9705502], [174.78762920000003, -36.9705502], [174.78762920000003, -36.9714502], [174.78852920000003, -36.9714502]]]}, "properties": {"row": 22, "col": 9, "elevation_m": 11.2, "low_elevation": false, "drain_deficiency": 0.617, "adjusted_score": 30.8}}, {"type": "Feature", "geometry": {"type": "Polygon", "coordinates": [[[174.7894292, -36.9714502], [174.7894292, -36.9705502], [174.7885292, -36.9705502], [174.7885292, -36.9714502], [174.7894292, -36.9714502]]]}, "properties": {"row": 22, "col": 10, "elevation_m": 11.2, "low_elevation": false, "drain_deficiency": 0.833, "adjusted_score": 41.7}}, {"type": "Feature", "geometry": {"type": "Polygon", "coordinates": [[[174.7903292, -36.9714502], [174.7903292, -36.9705502], [174.7894292, -36.9705502], [174.7894292, -36.9714502], [174.7903292, -36.9714502]]]}, "properties": {"row": 22, "col": 11, "elevation_m": 11.1, "low_elevation": false, "drain_deficiency": 0.833, "adjusted_score": 41.7}}, {"type": "Feature", "geometry": {"type": "Polygon", "coordinates": [[[174.7912292, -36.9714502], [174.7912292, -36.9705502], [174.7903292, -36.9705502], [174.7903292, -36.9714502], [174.7912292, -36.9714502]]]}, "properties": {"row": 22, "col": 12, "elevation_m": 12.0, "low_elevation": false, "drain_deficiency": 0.833, "adjusted_score": 41.7}}, {"type": "Feature", "geometry": {"type": "Polygon", "coordinates": [[[174.7921292, -36.9714502], [174.7921292, -36.9705502], [174.7912292, -36.9705502], [174.7912292, -36.9714502], [174.7921292, -36.9714502]]]}, "properties": {"row": 22, "col": 13, "elevation_m": 12.3, "low_elevation": false, "drain_deficiency": 0.75, "adjusted_score": 37.5}}, {"type": "Feature", "geometry": {"type": "Polygon", "coordinates": [[[174.7930292, -36.9714502], [174.7930292, -36.9705502], [174.7921292, -36.9705502], [174.7921292, -36.9714502], [174.7930292, -36.9714502]]]}, "properties": {"row": 22, "col": 14, "elevation_m": 11.5, "low_elevation": false, "drain_deficiency": 0.75, "adjusted_score": 37.5}}, {"type": "Feature", "geometry": {"type": "Polygon", "coordinates": [[[174.7939292, -36.9714502], [174.7939292, -36.9705502], [174.7930292, -36.9705502], [174.7930292, -36.9714502], [174.7939292, -36.9714502]]]}, "properties": {"row": 22, "col": 15, "elevation_m": 10.5, "low_elevation": false, "drain_deficiency": 0.5, "adjusted_score": 25.0}}, {"type": "Feature", "geometry": {"type": "Polygon", "coordinates": [[[174.7948292, -36.9714502], [174.7948292, -36.9705502], [174.7939292, -36.9705502], [174.7939292, -36.9714502], [174.7948292, -36.9714502]]]}, "properties": {"row": 22, "col": 16, "elevation_m": 12.1, "low_elevation": false, "drain_deficiency": 0.5, "adjusted_score": 25.0}}, {"type": "Feature", "geometry": {"type": "Polygon", "coordinates": [[[174.7957292, -36.9714502], [174.7957292, -36.9705502], [174.7948292, -36.9705502], [174.7948292, -36.9714502], [174.7957292, -36.9714502]]]}, "properties": {"row": 22, "col": 17, "elevation_m": 14.3, "low_elevation": false, "drain_deficiency": 0.223, "adjusted_score": 11.1}}, {"type": "Feature", "geometry": {"type": "Polygon", "coordinates": [[[174.7966292, -36.9714502], [174.7966292, -36.9705502], [174.7957292, -36.9705502], [174.7957292, -36.9714502], [174.7966292, -36.9714502]]]}, "properties": {"row": 22, "col": 18, "elevation_m": 17.0, "low_elevation": false, "drain_deficiency": 0.125, "adjusted_score": 6.2}}, {"type": "Feature", "geometry": {"type": "Polygon", "coordinates": [[[174.7975292, -36.9714502], [174.7975292, -36.9705502], [174.7966292, -36.9705502], [174.7966292, -36.9714502], [174.7975292, -36.9714502]]]}, "properties": {"row": 22, "col": 19, "elevation_m": 17.6, "low_elevation": false, "drain_deficiency": 0.542, "adjusted_score": 27.1}}, {"type": "Feature", "geometry": {"type": "Polygon", "coordinates": [[[174.79842920000002, -36.9714502], [174.79842920000002, -36.9705502], [174.7975292, -36.9705502], [174.7975292, -36.9714502], [174.79842920000002, -36.9714502]]]}, "properties": {"row": 22, "col": 20, "elevation_m": 17.5, "low_elevation": false, "drain_deficiency": 0.64, "adjusted_score": 32.0}}, {"type": "Feature", "geometry": {"type": "Polygon", "coordinates": [[[174.79932920000002, -36.9714502], [174.79932920000002, -36.9705502], [174.79842920000002, -36.9705502], [174.79842920000002, -36.9714502], [174.79932920000002, -36.9714502]]]}, "properties": {"row": 22, "col": 21, "elevation_m": 19.3, "low_elevation": false, "drain_deficiency": 0.625, "adjusted_score": 31.2}}, {"type": "Feature", "geometry": {"type": "Polygon", "coordinates": [[[174.80022920000002, -36.9714502], [174.80022920000002, -36.9705502], [174.79932920000002, -36.9705502], [174.79932920000002, -36.9714502], [174.80022920000002, -36.9714502]]]}, "properties": {"row": 22, "col": 22, "elevation_m": 19.1, "low_elevation": false, "drain_deficiency": 0.625, "adjusted_score": 31.2}}, {"type": "Feature", "geometry": {"type": "Polygon", "coordinates": [[[174.80112920000002, -36.9714502], [174.80112920000002, -36.9705502], [174.80022920000002, -36.9705502], [174.80022920000002, -36.9714502], [174.80112920000002, -36.9714502]]]}, "properties": {"row": 22, "col": 23, "elevation_m": 18.9, "low_elevation": false, "drain_deficiency": 0.625, "adjusted_score": 31.2}}, {"type": "Feature", "geometry": {"type": "Polygon", "coordinates": [[[174.80202920000002, -36.9714502], [174.80202920000002, -36.9705502], [174.80112920000002, -36.9705502], [174.80112920000002, -36.9714502], [174.80202920000002, -36.9714502]]]}, "properties": {"row": 22, "col": 24, "elevation_m": 16.5, "low_elevation": false, "drain_deficiency": 0.5, "adjusted_score": 25.0}}, {"type": "Feature", "geometry": {"type": "Polygon", "coordinates": [[[174.80292920000002, -36.9714502], [174.80292920000002, -36.9705502], [174.80202920000002, -36.9705502], [174.80202920000002, -36.9714502], [174.80292920000002, -36.9714502]]]}, "properties": {"row": 22, "col": 25, "elevation_m": 15.3, "low_elevation": false, "drain_deficiency": 0.248, "adjusted_score": 12.4}}, {"type": "Feature", "geometry": {"type": "Polygon", "coordinates": [[[174.80382920000002, -36.9714502], [174.80382920000002, -36.9705502], [174.80292920000002, -36.9705502], [174.80292920000002, -36.9714502], [174.80382920000002, -36.9714502]]]}, "properties": {"row": 22, "col": 26, "elevation_m": 14.0, "low_elevation": false, "drain_deficiency": 0.375, "adjusted_score": 18.8}}, {"type": "Feature", "geometry": {"type": "Polygon", "coordinates": [[[174.80472920000003, -36.9714502], [174.80472920000003, -36.9705502], [174.80382920000002, -36.9705502], [174.80382920000002, -36.9714502], [174.80472920000003, -36.9714502]]]}, "properties": {"row": 22, "col": 27, "elevation_m": 13.7, "low_elevation": false, "drain_deficiency": 0.298, "adjusted_score": 14.9}}, {"type": "Feature", "geometry": {"type": "Polygon", "coordinates": [[[174.80562920000003, -36.9714502], [174.80562920000003, -36.9705502], [174.80472920000003, -36.9705502], [174.80472920000003, -36.9714502], [174.80562920000003, -36.9714502]]]}, "properties": {"row": 22, "col": 28, "elevation_m": 12.6, "low_elevation": false, "drain_deficiency": 0.085, "adjusted_score": 4.2}}, {"type": "Feature", "geometry": {"type": "Polygon", "coordinates": [[[174.80652920000003, -36.9714502], [174.80652920000003, -36.9705502], [174.80562920000003, -36.9705502], [174.80562920000003, -36.9714502], [174.80652920000003, -36.9714502]]]}, "properties": {"row": 22, "col": 29, "elevation_m": 13.0, "low_elevation": false, "drain_deficiency": 0.25, "adjusted_score": 12.5}}, {"type": "Feature", "geometry": {"type": "Polygon", "coordinates": [[[174.8074292, -36.9714502], [174.8074292, -36.9705502], [174.8065292, -36.9705502], [174.8065292, -36.9714502], [174.8074292, -36.9714502]]]}, "properties": {"row": 22, "col": 30, "elevation_m": 13.8, "low_elevation": false, "drain_deficiency": 0.183, "adjusted_score": 9.2}}, {"type": "Feature", "geometry": {"type": "Polygon", "coordinates": [[[174.8083292, -36.9714502], [174.8083292, -36.9705502], [174.8074292, -36.9705502], [174.8074292, -36.9714502], [174.8083292, -36.9714502]]]}, "properties": {"row": 22, "col": 31, "elevation_m": 13.8, "low_elevation": false, "drain_deficiency": 0.066, "adjusted_score": 3.3}}, {"type": "Feature", "geometry": {"type": "Polygon", "coordinates": [[[174.8092292, -36.9714502], [174.8092292, -36.9705502], [174.8083292, -36.9705502], [174.8083292, -36.9714502], [174.8092292, -36.9714502]]]}, "properties": {"row": 22, "col": 32, "elevation_m": 13.6, "low_elevation": false, "drain_deficiency": 0.239, "adjusted_score": 12.0}}, {"type": "Feature", "geometry": {"type": "Polygon", "coordinates": [[[174.8101292, -36.9714502], [174.8101292, -36.9705502], [174.8092292, -36.9705502], [174.8092292, -36.9714502], [174.8101292, -36.9714502]]]}, "properties": {"row": 22, "col": 33, "elevation_m": 14.1, "low_elevation": false, "drain_deficiency": 0.833, "adjusted_score": 41.7}}, {"type": "Feature", "geometry": {"type": "Polygon", "coordinates": [[[174.8110292, -36.9714502], [174.8110292, -36.9705502], [174.8101292, -36.9705502], [174.8101292, -36.9714502], [174.8110292, -36.9714502]]]}, "properties": {"row": 22, "col": 34, "elevation_m": 15.1, "low_elevation": false, "drain_deficiency": 0.138, "adjusted_score": 6.9}}, {"type": "Feature", "geometry": {"type": "Polygon", "coordinates": [[[174.8119292, -36.9714502], [174.8119292, -36.9705502], [174.8110292, -36.9705502], [174.8110292, -36.9714502], [174.8119292, -36.9714502]]]}, "properties": {"row": 22, "col": 35, "elevation_m": 16.1, "low_elevation": false, "drain_deficiency": 0.027, "adjusted_score": 1.3}}, {"type": "Feature", "geometry": {"type": "Polygon", "coordinates": [[[174.8128292, -36.9714502], [174.8128292, -36.9705502], [174.8119292, -36.9705502], [174.8119292, -36.9714502], [174.8128292, -36.9714502]]]}, "properties": {"row": 22, "col": 36, "elevation_m": 17.7, "low_elevation": false, "drain_deficiency": 0.625, "adjusted_score": 31.2}}, {"type": "Feature", "geometry": {"type": "Polygon", "coordinates": [[[174.8137292, -36.9714502], [174.8137292, -36.9705502], [174.8128292, -36.9705502], [174.8128292, -36.9714502], [174.8137292, -36.9714502]]]}, "properties": {"row": 22, "col": 37, "elevation_m": 18.0, "low_elevation": false, "drain_deficiency": 0.625, "adjusted_score": 31.2}}, {"type": "Feature", "geometry": {"type": "Polygon", "coordinates": [[[174.8146292, -36.9714502], [174.8146292, -36.9705502], [174.8137292, -36.9705502], [174.8137292, -36.9714502], [174.8146292, -36.9714502]]]}, "properties": {"row": 22, "col": 38, "elevation_m": 18.1, "low_elevation": false, "drain_deficiency": 0.65, "adjusted_score": 32.5}}, {"type": "Feature", "geometry": {"type": "Polygon", "coordinates": [[[174.81552920000001, -36.9714502], [174.81552920000001, -36.9705502], [174.8146292, -36.9705502], [174.8146292, -36.9714502], [174.81552920000001, -36.9714502]]]}, "properties": {"row": 22, "col": 39, "elevation_m": 18.1, "low_elevation": false, "drain_deficiency": 0.5, "adjusted_score": 25.0}}, {"type": "Feature", "geometry": {"type": "Polygon", "coordinates": [[[174.81642920000002, -36.9714502], [174.81642920000002, -36.9705502], [174.81552920000001, -36.9705502], [174.81552920000001, -36.9714502], [174.81642920000002, -36.9714502]]]}, "properties": {"row": 22, "col": 40, "elevation_m": 18.5, "low_elevation": false, "drain_deficiency": 0.25, "adjusted_score": 12.5}}, {"type": "Feature", "geometry": {"type": "Polygon", "coordinates": [[[174.81732920000002, -36.9714502], [174.81732920000002, -36.9705502], [174.81642920000002, -36.9705502], [174.81642920000002, -36.9714502], [174.81732920000002, -36.9714502]]]}, "properties": {"row": 22, "col": 41, "elevation_m": 18.8, "low_elevation": false, "drain_deficiency": 0.33, "adjusted_score": 16.5}}, {"type": "Feature", "geometry": {"type": "Polygon", "coordinates": [[[174.81822920000002, -36.9714502], [174.81822920000002, -36.9705502], [174.81732920000002, -36.9705502], [174.81732920000002, -36.9714502], [174.81822920000002, -36.9714502]]]}, "properties": {"row": 22, "col": 42, "elevation_m": 18.9, "low_elevation": false, "drain_deficiency": 0.323, "adjusted_score": 16.2}}, {"type": "Feature", "geometry": {"type": "Polygon", "coordinates": [[[174.81912920000002, -36.9714502], [174.81912920000002, -36.9705502], [174.81822920000002, -36.9705502], [174.81822920000002, -36.9714502], [174.81912920000002, -36.9714502]]]}, "properties": {"row": 22, "col": 43, "elevation_m": 19.4, "low_elevation": false, "drain_deficiency": 0.625, "adjusted_score": 31.2}}, {"type": "Feature", "geometry": {"type": "Polygon", "coordinates": [[[174.82002920000002, -36.9714502], [174.82002920000002, -36.9705502], [174.81912920000002, -36.9705502], [174.81912920000002, -36.9714502], [174.82002920000002, -36.9714502]]]}, "properties": {"row": 22, "col": 44, "elevation_m": 19.2, "low_elevation": false, "drain_deficiency": 0.625, "adjusted_score": 31.2}}, {"type": "Feature", "geometry": {"type": "Polygon", "coordinates": [[[174.78042920000001, -36.9723502], [174.78042920000001, -36.9714502], [174.7795292, -36.9714502], [174.7795292, -36.9723502], [174.78042920000001, -36.9723502]]]}, "properties": {"row": 23, "col": 0, "elevation_m": 13.6, "low_elevation": false, "drain_deficiency": 0.77, "adjusted_score": 38.5}}, {"type": "Feature", "geometry": {"type": "Polygon", "coordinates": [[[174.78132920000002, -36.9723502], [174.78132920000002, -36.9714502], [174.78042920000001, -36.9714502], [174.78042920000001, -36.9723502], [174.78132920000002, -36.9723502]]]}, "properties": {"row": 23, "col": 1, "elevation_m": 13.1, "low_elevation": false, "drain_deficiency": 0.25, "adjusted_score": 12.5}}, {"type": "Feature", "geometry": {"type": "Polygon", "coordinates": [[[174.78222920000002, -36.9723502], [174.78222920000002, -36.9714502], [174.78132920000002, -36.9714502], [174.78132920000002, -36.9723502], [174.78222920000002, -36.9723502]]]}, "properties": {"row": 23, "col": 2, "elevation_m": 13.2, "low_elevation": false, "drain_deficiency": 0.625, "adjusted_score": 31.2}}, {"type": "Feature", "geometry": {"type": "Polygon", "coordinates": [[[174.78312920000002, -36.9723502], [174.78312920000002, -36.9714502], [174.78222920000002, -36.9714502], [174.78222920000002, -36.9723502], [174.78312920000002, -36.9723502]]]}, "properties": {"row": 23, "col": 3, "elevation_m": 13.9, "low_elevation": false, "drain_deficiency": 0.499, "adjusted_score": 24.9}}, {"type": "Feature", "geometry": {"type": "Polygon", "coordinates": [[[174.78402920000002, -36.9723502], [174.78402920000002, -36.9714502], [174.78312920000002, -36.9714502], [174.78312920000002, -36.9723502], [174.78402920000002, -36.9723502]]]}, "properties": {"row": 23, "col": 4, "elevation_m": 13.7, "low_elevation": false, "drain_deficiency": 0.375, "adjusted_score": 18.8}}, {"type": "Feature", "geometry": {"type": "Polygon", "coordinates": [[[174.78492920000002, -36.9723502], [174.78492920000002, -36.9714502], [174.78402920000002, -36.9714502], [174.78402920000002, -36.9723502], [174.78492920000002, -36.9723502]]]}, "properties": {"row": 23, "col": 5, "elevation_m": 14.3, "low_elevation": false, "drain_deficiency": 0.375, "adjusted_score": 18.8}}, {"type": "Feature", "geometry": {"type": "Polygon", "coordinates": [[[174.78582920000002, -36.9723502], [174.78582920000002, -36.9714502], [174.78492920000002, -36.9714502], [174.78492920000002, -36.9723502], [174.78582920000002, -36.9723502]]]}, "properties": {"row": 23, "col": 6, "elevation_m": 16.0, "low_elevation": false, "drain_deficiency": 0.5, "adjusted_score": 25.0}}, {"type": "Feature", "geometry": {"type": "Polygon", "coordinates": [[[174.78672920000002, -36.9723502], [174.78672920000002, -36.9714502], [174.78582920000002, -36.9714502], [174.78582920000002, -36.9723502], [174.78672920000002, -36.9723502]]]}, "properties": {"row": 23, "col": 7, "elevation_m": 15.3, "low_elevation": false, "drain_deficiency": 0.625, "adjusted_score": 31.2}}, {"type": "Feature", "geometry": {"type": "Polygon", "coordinates": [[[174.78762920000003, -36.9723502], [174.78762920000003, -36.9714502], [174.78672920000002, -36.9714502], [174.78672920000002, -36.9723502], [174.78762920000003, -36.9723502]]]}, "properties": {"row": 23, "col": 8, "elevation_m": 13.7, "low_elevation": false, "drain_deficiency": 0.5, "adjusted_score": 25.0}}, {"type": "Feature", "geometry": {"type": "Polygon", "coordinates": [[[174.78852920000003, -36.9723502], [174.78852920000003, -36.9714502], [174.78762920000003, -36.9714502], [174.78762920000003, -36.9723502], [174.78852920000003, -36.9723502]]]}, "properties": {"row": 23, "col": 9, "elevation_m": 13.1, "low_elevation": false, "drain_deficiency": 0.185, "adjusted_score": 9.3}}, {"type": "Feature", "geometry": {"type": "Polygon", "coordinates": [[[174.7894292, -36.9723502], [174.7894292, -36.9714502], [174.7885292, -36.9714502], [174.7885292, -36.9723502], [174.7894292, -36.9723502]]]}, "properties": {"row": 23, "col": 10, "elevation_m": 12.8, "low_elevation": false, "drain_deficiency": 0.165, "adjusted_score": 8.3}}, {"type": "Feature", "geometry": {"type": "Polygon", "coordinates": [[[174.7903292, -36.9723502], [174.7903292, -36.9714502], [174.7894292, -36.9714502], [174.7894292, -36.9723502], [174.7903292, -36.9723502]]]}, "properties": {"row": 23, "col": 11, "elevation_m": 12.8, "low_elevation": false, "drain_deficiency": 0.833, "adjusted_score": 41.7}}, {"type": "Feature", "geometry": {"type": "Polygon", "coordinates": [[[174.7912292, -36.9723502], [174.7912292, -36.9714502], [174.7903292, -36.9714502], [174.7903292, -36.9723502], [174.7912292, -36.9723502]]]}, "properties": {"row": 23, "col": 12, "elevation_m": 12.7, "low_elevation": false, "drain_deficiency": 0.75, "adjusted_score": 37.5}}, {"type": "Feature", "geometry": {"type": "Polygon", "coordinates": [[[174.7921292, -36.9723502], [174.7921292, -36.9714502], [174.7912292, -36.9714502], [174.7912292, -36.9723502], [174.7921292, -36.9723502]]]}, "properties": {"row": 23, "col": 13, "elevation_m": 12.6, "low_elevation": false, "drain_deficiency": 0.75, "adjusted_score": 37.5}}, {"type": "Feature", "geometry": {"type": "Polygon", "coordinates": [[[174.7930292, -36.9723502], [174.7930292, -36.9714502], [174.7921292, -36.9714502], [174.7921292, -36.9723502], [174.7930292, -36.9723502]]]}, "properties": {"row": 23, "col": 14, "elevation_m": 12.5, "low_elevation": false, "drain_deficiency": 0.241, "adjusted_score": 12.1}}, {"type": "Feature", "geometry": {"type": "Polygon", "coordinates": [[[174.7939292, -36.9723502], [174.7939292, -36.9714502], [174.7930292, -36.9714502], [174.7930292, -36.9723502], [174.7939292, -36.9723502]]]}, "properties": {"row": 23, "col": 15, "elevation_m": 11.9, "low_elevation": false, "drain_deficiency": 0.125, "adjusted_score": 6.2}}, {"type": "Feature", "geometry": {"type": "Polygon", "coordinates": [[[174.7948292, -36.9723502], [174.7948292, -36.9714502], [174.7939292, -36.9714502], [174.7939292, -36.9723502], [174.7948292, -36.9723502]]]}, "properties": {"row": 23, "col": 16, "elevation_m": 12.5, "low_elevation": false, "drain_deficiency": 0.75, "adjusted_score": 37.5}}, {"type": "Feature", "geometry": {"type": "Polygon", "coordinates": [[[174.7957292, -36.9723502], [174.7957292, -36.9714502], [174.7948292, -36.9714502], [174.7948292, -36.9723502], [174.7957292, -36.9723502]]]}, "properties": {"row": 23, "col": 17, "elevation_m": 14.8, "low_elevation": false, "drain_deficiency": 0.75, "adjusted_score": 37.5}}, {"type": "Feature", "geometry": {"type": "Polygon", "coordinates": [[[174.7966292, -36.9723502], [174.7966292, -36.9714502], [174.7957292, -36.9714502], [174.7957292, -36.9723502], [174.7966292, -36.9723502]]]}, "properties": {"row": 23, "col": 18, "elevation_m": 17.3, "low_elevation": false, "drain_deficiency": 0.182, "adjusted_score": 9.1}}, {"type": "Feature", "geometry": {"type": "Polygon", "coordinates": [[[174.7975292, -36.9723502], [174.7975292, -36.9714502], [174.7966292, -36.9714502], [174.7966292, -36.9723502], [174.7975292, -36.9723502]]]}, "properties": {"row": 23, "col": 19, "elevation_m": 18.6, "low_elevation": false, "drain_deficiency": 0.5, "adjusted_score": 25.0}}, {"type": "Feature", "geometry": {"type": "Polygon", "coordinates": [[[174.79842920000002, -36.9723502], [174.79842920000002, -36.9714502], [174.7975292, -36.9714502], [174.7975292, -36.9723502], [174.79842920000002, -36.9723502]]]}, "properties": {"row": 23, "col": 20, "elevation_m": 19.8, "low_elevation": false, "drain_deficiency": 0.81, "adjusted_score": 40.5}}, {"type": "Feature", "geometry": {"type": "Polygon", "coordinates": [[[174.79932920000002, -36.9723502], [174.79932920000002, -36.9714502], [174.79842920000002, -36.9714502], [174.79842920000002, -36.9723502], [174.79932920000002, -36.9723502]]]}, "properties": {"row": 23, "col": 21, "elevation_m": 20.5, "low_elevation": false, "drain_deficiency": 0.824, "adjusted_score": 41.2}}, {"type": "Feature", "geometry": {"type": "Polygon", "coordinates": [[[174.80022920000002, -36.9723502], [174.80022920000002, -36.9714502], [174.79932920000002, -36.9714502], [174.79932920000002, -36.9723502], [174.80022920000002, -36.9723502]]]}, "properties": {"row": 23, "col": 22, "elevation_m": 19.7, "low_elevation": false, "drain_deficiency": 0.82, "adjusted_score": 41.0}}, {"type": "Feature", "geometry": {"type": "Polygon", "coordinates": [[[174.80112920000002, -36.9723502], [174.80112920000002, -36.9714502], [174.80022920000002, -36.9714502], [174.80022920000002, -36.9723502], [174.80112920000002, -36.9723502]]]}, "properties": {"row": 23, "col": 23, "elevation_m": 18.0, "low_elevation": false, "drain_deficiency": 0.257, "adjusted_score": 12.8}}, {"type": "Feature", "geometry": {"type": "Polygon", "coordinates": [[[174.80202920000002, -36.9723502], [174.80202920000002, -36.9714502], [174.80112920000002, -36.9714502], [174.80112920000002, -36.9723502], [174.80202920000002, -36.9723502]]]}, "properties": {"row": 23, "col": 24, "elevation_m": 18.0, "low_elevation": false, "drain_deficiency": 0.052, "adjusted_score": 2.6}}, {"type": "Feature", "geometry": {"type": "Polygon", "coordinates": [[[174.80292920000002, -36.9723502], [174.80292920000002, -36.9714502], [174.80202920000002, -36.9714502], [174.80202920000002, -36.9723502], [174.80292920000002, -36.9723502]]]}, "properties": {"row": 23, "col": 25, "elevation_m": 18.0, "low_elevation": false, "drain_deficiency": 0.492, "adjusted_score": 24.6}}, {"type": "Feature", "geometry": {"type": "Polygon", "coordinates": [[[174.80382920000002, -36.9723502], [174.80382920000002, -36.9714502], [174.80292920000002, -36.9714502], [174.80292920000002, -36.9723502], [174.80382920000002, -36.9723502]]]}, "properties": {"row": 23, "col": 26, "elevation_m": 15.6, "low_elevation": false, "drain_deficiency": 0.375, "adjusted_score": 18.8}}, {"type": "Feature", "geometry": {"type": "Polygon", "coordinates": [[[174.80472920000003, -36.9723502], [174.80472920000003, -36.9714502], [174.80382920000002, -36.9714502], [174.80382920000002, -36.9723502], [174.80472920000003, -36.9723502]]]}, "properties": {"row": 23, "col": 27, "elevation_m": 15.2, "low_elevation": false, "drain_deficiency": 0.248, "adjusted_score": 12.4}}, {"type": "Feature", "geometry": {"type": "Polygon", "coordinates": [[[174.80562920000003, -36.9723502], [174.80562920000003, -36.9714502], [174.80472920000003, -36.9714502], [174.80472920000003, -36.9723502], [174.80562920000003, -36.9723502]]]}, "properties": {"row": 23, "col": 28, "elevation_m": 14.7, "low_elevation": false, "drain_deficiency": 0.439, "adjusted_score": 22.0}}, {"type": "Feature", "geometry": {"type": "Polygon", "coordinates": [[[174.80652920000003, -36.9723502], [174.80652920000003, -36.9714502], [174.80562920000003, -36.9714502], [174.80562920000003, -36.9723502], [174.80652920000003, -36.9723502]]]}, "properties": {"row": 23, "col": 29, "elevation_m": 12.7, "low_elevation": false, "drain_deficiency": 0.162, "adjusted_score": 8.1}}, {"type": "Feature", "geometry": {"type": "Polygon", "coordinates": [[[174.8074292, -36.9723502], [174.8074292, -36.9714502], [174.8065292, -36.9714502], [174.8065292, -36.9723502], [174.8074292, -36.9723502]]]}, "properties": {"row": 23, "col": 30, "elevation_m": 12.6, "low_elevation": false, "drain_deficiency": 0.302, "adjusted_score": 15.1}}, {"type": "Feature", "geometry": {"type": "Polygon", "coordinates": [[[174.8083292, -36.9723502], [174.8083292, -36.9714502], [174.8074292, -36.9714502], [174.8074292, -36.9723502], [174.8083292, -36.9723502]]]}, "properties": {"row": 23, "col": 31, "elevation_m": 13.2, "low_elevation": false, "drain_deficiency": 0.75, "adjusted_score": 37.5}}, {"type": "Feature", "geometry": {"type": "Polygon", "coordinates": [[[174.8092292, -36.9723502], [174.8092292, -36.9714502], [174.8083292, -36.9714502], [174.8083292, -36.9723502], [174.8092292, -36.9723502]]]}, "properties": {"row": 23, "col": 32, "elevation_m": 12.9, "low_elevation": false, "drain_deficiency": 0.027, "adjusted_score": 1.3}}, {"type": "Feature", "geometry": {"type": "Polygon", "coordinates": [[[174.8101292, -36.9723502], [174.8101292, -36.9714502], [174.8092292, -36.9714502], [174.8092292, -36.9723502], [174.8101292, -36.9723502]]]}, "properties": {"row": 23, "col": 33, "elevation_m": 14.1, "low_elevation": false, "drain_deficiency": 0.833, "adjusted_score": 41.7}}, {"type": "Feature", "geometry": {"type": "Polygon", "coordinates": [[[174.8110292, -36.9723502], [174.8110292, -36.9714502], [174.8101292, -36.9714502], [174.8101292, -36.9723502], [174.8110292, -36.9723502]]]}, "properties": {"row": 23, "col": 34, "elevation_m": 15.4, "low_elevation": false, "drain_deficiency": 0.75, "adjusted_score": 37.5}}, {"type": "Feature", "geometry": {"type": "Polygon", "coordinates": [[[174.8119292, -36.9723502], [174.8119292, -36.9714502], [174.8110292, -36.9714502], [174.8110292, -36.9723502], [174.8119292, -36.9723502]]]}, "properties": {"row": 23, "col": 35, "elevation_m": 16.2, "low_elevation": false, "drain_deficiency": 0.75, "adjusted_score": 37.5}}, {"type": "Feature", "geometry": {"type": "Polygon", "coordinates": [[[174.8128292, -36.9723502], [174.8128292, -36.9714502], [174.8119292, -36.9714502], [174.8119292, -36.9723502], [174.8128292, -36.9723502]]]}, "properties": {"row": 23, "col": 36, "elevation_m": 16.7, "low_elevation": false, "drain_deficiency": 0.75, "adjusted_score": 37.5}}, {"type": "Feature", "geometry": {"type": "Polygon", "coordinates": [[[174.8137292, -36.9723502], [174.8137292, -36.9714502], [174.8128292, -36.9714502], [174.8128292, -36.9723502], [174.8137292, -36.9723502]]]}, "properties": {"row": 23, "col": 37, "elevation_m": 17.8, "low_elevation": false, "drain_deficiency": 0.787, "adjusted_score": 39.3}}, {"type": "Feature", "geometry": {"type": "Polygon", "coordinates": [[[174.8146292, -36.9723502], [174.8146292, -36.9714502], [174.8137292, -36.9714502], [174.8137292, -36.9723502], [174.8146292, -36.9723502]]]}, "properties": {"row": 23, "col": 38, "elevation_m": 19.0, "low_elevation": false, "drain_deficiency": 0.83, "adjusted_score": 41.5}}, {"type": "Feature", "geometry": {"type": "Polygon", "coordinates": [[[174.81552920000001, -36.9723502], [174.81552920000001, -36.9714502], [174.8146292, -36.9714502], [174.8146292, -36.9723502], [174.81552920000001, -36.9723502]]]}, "properties": {"row": 23, "col": 39, "elevation_m": 19.2, "low_elevation": false, "drain_deficiency": 0.5, "adjusted_score": 25.0}}, {"type": "Feature", "geometry": {"type": "Polygon", "coordinates": [[[174.81642920000002, -36.9723502], [174.81642920000002, -36.9714502], [174.81552920000001, -36.9714502], [174.81552920000001, -36.9723502], [174.81642920000002, -36.9723502]]]}, "properties": {"row": 23, "col": 40, "elevation_m": 19.2, "low_elevation": false, "drain_deficiency": 0.5, "adjusted_score": 25.0}}, {"type": "Feature", "geometry": {"type": "Polygon", "coordinates": [[[174.81732920000002, -36.9723502], [174.81732920000002, -36.9714502], [174.81642920000002, -36.9714502], [174.81642920000002, -36.9723502], [174.81732920000002, -36.9723502]]]}, "properties": {"row": 23, "col": 41, "elevation_m": 19.0, "low_elevation": false, "drain_deficiency": 0.591, "adjusted_score": 29.5}}, {"type": "Feature", "geometry": {"type": "Polygon", "coordinates": [[[174.81822920000002, -36.9723502], [174.81822920000002, -36.9714502], [174.81732920000002, -36.9714502], [174.81732920000002, -36.9723502], [174.81822920000002, -36.9723502]]]}, "properties": {"row": 23, "col": 42, "elevation_m": 19.4, "low_elevation": false, "drain_deficiency": 0.625, "adjusted_score": 31.2}}, {"type": "Feature", "geometry": {"type": "Polygon", "coordinates": [[[174.81912920000002, -36.9723502], [174.81912920000002, -36.9714502], [174.81822920000002, -36.9714502], [174.81822920000002, -36.9723502], [174.81912920000002, -36.9723502]]]}, "properties": {"row": 23, "col": 43, "elevation_m": 19.9, "low_elevation": false, "drain_deficiency": 0.625, "adjusted_score": 31.2}}, {"type": "Feature", "geometry": {"type": "Polygon", "coordinates": [[[174.82002920000002, -36.9723502], [174.82002920000002, -36.9714502], [174.81912920000002, -36.9714502], [174.81912920000002, -36.9723502], [174.82002920000002, -36.9723502]]]}, "properties": {"row": 23, "col": 44, "elevation_m": 19.7, "low_elevation": false, "drain_deficiency": 0.833, "adjusted_score": 41.7}}, {"type": "Feature", "geometry": {"type": "Polygon", "coordinates": [[[174.78042920000001, -36.9732502], [174.78042920000001, -36.9723502], [174.7795292, -36.9723502], [174.7795292, -36.9732502], [174.78042920000001, -36.9732502]]]}, "properties": {"row": 24, "col": 0, "elevation_m": 14.9, "low_elevation": false, "drain_deficiency": 0.5, "adjusted_score": 25.0}}, {"type": "Feature", "geometry": {"type": "Polygon", "coordinates": [[[174.78132920000002, -36.9732502], [174.78132920000002, -36.9723502], [174.78042920000001, -36.9723502], [174.78042920000001, -36.9732502], [174.78132920000002, -36.9732502]]]}, "properties": {"row": 24, "col": 1, "elevation_m": 14.4, "low_elevation": false, "drain_deficiency": 0.25, "adjusted_score": 12.5}}, {"type": "Feature", "geometry": {"type": "Polygon", "coordinates": [[[174.78222920000002, -36.9732502], [174.78222920000002, -36.9723502], [174.78132920000002, -36.9723502], [174.78132920000002, -36.9732502], [174.78222920000002, -36.9732502]]]}, "properties": {"row": 24, "col": 2, "elevation_m": 13.7, "low_elevation": false, "drain_deficiency": 0.625, "adjusted_score": 31.2}}, {"type": "Feature", "geometry": {"type": "Polygon", "coordinates": [[[174.78312920000002, -36.9732502], [174.78312920000002, -36.9723502], [174.78222920000002, -36.9723502], [174.78222920000002, -36.9732502], [174.78312920000002, -36.9732502]]]}, "properties": {"row": 24, "col": 3, "elevation_m": 15.8, "low_elevation": false, "drain_deficiency": 0.376, "adjusted_score": 18.8}}, {"type": "Feature", "geometry": {"type": "Polygon", "coordinates": [[[174.78402920000002, -36.9732502], [174.78402920000002, -36.9723502], [174.78312920000002, -36.9723502], [174.78312920000002, -36.9732502], [174.78402920000002, -36.9732502]]]}, "properties": {"row": 24, "col": 4, "elevation_m": 15.2, "low_elevation": false, "drain_deficiency": 0.625, "adjusted_score": 31.2}}, {"type": "Feature", "geometry": {"type": "Polygon", "coordinates": [[[174.78492920000002, -36.9732502], [174.78492920000002, -36.9723502], [174.78402920000002, -36.9723502], [174.78402920000002, -36.9732502], [174.78492920000002, -36.9732502]]]}, "properties": {"row": 24, "col": 5, "elevation_m": 15.7, "low_elevation": false, "drain_deficiency": 0.5, "adjusted_score": 25.0}}, {"type": "Feature", "geometry": {"type": "Polygon", "coordinates": [[[174.78582920000002, -36.9732502], [174.78582920000002, -36.9723502], [174.78492920000002, -36.9723502], [174.78492920000002, -36.9732502], [174.78582920000002, -36.9732502]]]}, "properties": {"row": 24, "col": 6, "elevation_m": 16.7, "low_elevation": false, "drain_deficiency": 0.625, "adjusted_score": 31.2}}, {"type": "Feature", "geometry": {"type": "Polygon", "coordinates": [[[174.78672920000002, -36.9732502], [174.78672920000002, -36.9723502], [174.78582920000002, -36.9723502], [174.78582920000002, -36.9732502], [174.78672920000002, -36.9732502]]]}, "properties": {"row": 24, "col": 7, "elevation_m": 16.3, "low_elevation": false, "drain_deficiency": 0.625, "adjusted_score": 31.2}}, {"type": "Feature", "geometry": {"type": "Polygon", "coordinates": [[[174.78762920000003, -36.9732502], [174.78762920000003, -36.9723502], [174.78672920000002, -36.9723502], [174.78672920000002, -36.9732502], [174.78762920000003, -36.9732502]]]}, "properties": {"row": 24, "col": 8, "elevation_m": 15.3, "low_elevation": false, "drain_deficiency": 0.625, "adjusted_score": 31.2}}, {"type": "Feature", "geometry": {"type": "Polygon", "coordinates": [[[174.78852920000003, -36.9732502], [174.78852920000003, -36.9723502], [174.78762920000003, -36.9723502], [174.78762920000003, -36.9732502], [174.78852920000003, -36.9732502]]]}, "properties": {"row": 24, "col": 9, "elevation_m": 14.4, "low_elevation": false, "drain_deficiency": 0.5, "adjusted_score": 25.0}}, {"type": "Feature", "geometry": {"type": "Polygon", "coordinates": [[[174.7894292, -36.9732502], [174.7894292, -36.9723502], [174.7885292, -36.9723502], [174.7885292, -36.9732502], [174.7894292, -36.9732502]]]}, "properties": {"row": 24, "col": 10, "elevation_m": 14.3, "low_elevation": false, "drain_deficiency": 0.617, "adjusted_score": 30.8}}, {"type": "Feature", "geometry": {"type": "Polygon", "coordinates": [[[174.7903292, -36.9732502], [174.7903292, -36.9723502], [174.7894292, -36.9723502], [174.7894292, -36.9732502], [174.7903292, -36.9732502]]]}, "properties": {"row": 24, "col": 11, "elevation_m": 14.2, "low_elevation": false, "drain_deficiency": 0.75, "adjusted_score": 37.5}}, {"type": "Feature", "geometry": {"type": "Polygon", "coordinates": [[[174.7912292, -36.9732502], [174.7912292, -36.9723502], [174.7903292, -36.9723502], [174.7903292, -36.9732502], [174.7912292, -36.9732502]]]}, "properties": {"row": 24, "col": 12, "elevation_m": 13.3, "low_elevation": false, "drain_deficiency": 0.75, "adjusted_score": 37.5}}, {"type": "Feature", "geometry": {"type": "Polygon", "coordinates": [[[174.7921292, -36.9732502], [174.7921292, -36.9723502], [174.7912292, -36.9723502], [174.7912292, -36.9732502], [174.7921292, -36.9732502]]]}, "properties": {"row": 24, "col": 13, "elevation_m": 12.8, "low_elevation": false, "drain_deficiency": 0.367, "adjusted_score": 18.3}}, {"type": "Feature", "geometry": {"type": "Polygon", "coordinates": [[[174.7930292, -36.9732502], [174.7930292, -36.9723502], [174.7921292, -36.9723502], [174.7921292, -36.9732502], [174.7930292, -36.9732502]]]}, "properties": {"row": 24, "col": 14, "elevation_m": 12.8, "low_elevation": false, "drain_deficiency": 0.625, "adjusted_score": 31.2}}, {"type": "Feature", "geometry": {"type": "Polygon", "coordinates": [[[174.7939292, -36.9732502], [174.7939292, -36.9723502], [174.7930292, -36.9723502], [174.7930292, -36.9732502], [174.7939292, -36.9732502]]]}, "properties": {"row": 24, "col": 15, "elevation_m": 13.3, "low_elevation": false, "drain_deficiency": 0.263, "adjusted_score": 13.1}}, {"type": "Feature", "geometry": {"type": "Polygon", "coordinates": [[[174.7948292, -36.9732502], [174.7948292, -36.9723502], [174.7939292, -36.9723502], [174.7939292, -36.9732502], [174.7948292, -36.9732502]]]}, "properties": {"row": 24, "col": 16, "elevation_m": 14.1, "low_elevation": false, "drain_deficiency": 0.5, "adjusted_score": 25.0}}, {"type": "Feature", "geometry": {"type": "Polygon", "coordinates": [[[174.7957292, -36.9732502], [174.7957292, -36.9723502], [174.7948292, -36.9723502], [174.7948292, -36.9732502], [174.7957292, -36.9732502]]]}, "properties": {"row": 24, "col": 17, "elevation_m": 15.3, "low_elevation": false, "drain_deficiency": 0.5, "adjusted_score": 25.0}}, {"type": "Feature", "geometry": {"type": "Polygon", "coordinates": [[[174.7966292, -36.9732502], [174.7966292, -36.9723502], [174.7957292, -36.9723502], [174.7957292, -36.9732502], [174.7966292, -36.9732502]]]}, "properties": {"row": 24, "col": 18, "elevation_m": 18.9, "low_elevation": false, "drain_deficiency": 0.75, "adjusted_score": 37.5}}, {"type": "Feature", "geometry": {"type": "Polygon", "coordinates": [[[174.7975292, -36.9732502], [174.7975292, -36.9723502], [174.7966292, -36.9723502], [174.7966292, -36.9732502], [174.7975292, -36.9732502]]]}, "properties": {"row": 24, "col": 19, "elevation_m": 20.4, "low_elevation": false, "drain_deficiency": 0.5, "adjusted_score": 25.0}}, {"type": "Feature", "geometry": {"type": "Polygon", "coordinates": [[[174.79842920000002, -36.9732502], [174.79842920000002, -36.9723502], [174.7975292, -36.9723502], [174.7975292, -36.9732502], [174.79842920000002, -36.9732502]]]}, "properties": {"row": 24, "col": 20, "elevation_m": 20.9, "low_elevation": false, "drain_deficiency": 0.5, "adjusted_score": 25.0}}, {"type": "Feature", "geometry": {"type": "Polygon", "coordinates": [[[174.79932920000002, -36.9732502], [174.79932920000002, -36.9723502], [174.79842920000002, -36.9723502], [174.79842920000002, -36.9732502], [174.79932920000002, -36.9732502]]]}, "properties": {"row": 24, "col": 21, "elevation_m": 20.1, "low_elevation": false, "drain_deficiency": 0.829, "adjusted_score": 41.5}}, {"type": "Feature", "geometry": {"type": "Polygon", "coordinates": [[[174.80022920000002, -36.9732502], [174.80022920000002, -36.9723502], [174.79932920000002, -36.9723502], [174.79932920000002, -36.9732502], [174.80022920000002, -36.9732502]]]}, "properties": {"row": 24, "col": 22, "elevation_m": 20.7, "low_elevation": false, "drain_deficiency": 1.0, "adjusted_score": 50.0}}, {"type": "Feature", "geometry": {"type": "Polygon", "coordinates": [[[174.80112920000002, -36.9732502], [174.80112920000002, -36.9723502], [174.80022920000002, -36.9723502], [174.80022920000002, -36.9732502], [174.80112920000002, -36.9732502]]]}, "properties": {"row": 24, "col": 23, "elevation_m": 20.6, "low_elevation": false, "drain_deficiency": 0.618, "adjusted_score": 30.9}}, {"type": "Feature", "geometry": {"type": "Polygon", "coordinates": [[[174.80202920000002, -36.9732502], [174.80202920000002, -36.9723502], [174.80112920000002, -36.9723502], [174.80112920000002, -36.9732502], [174.80202920000002, -36.9732502]]]}, "properties": {"row": 24, "col": 24, "elevation_m": 19.4, "low_elevation": false, "drain_deficiency": 0.667, "adjusted_score": 33.3}}, {"type": "Feature", "geometry": {"type": "Polygon", "coordinates": [[[174.80292920000002, -36.9732502], [174.80292920000002, -36.9723502], [174.80202920000002, -36.9723502], [174.80202920000002, -36.9732502], [174.80292920000002, -36.9732502]]]}, "properties": {"row": 24, "col": 25, "elevation_m": 19.0, "low_elevation": false, "drain_deficiency": 0.547, "adjusted_score": 27.3}}, {"type": "Feature", "geometry": {"type": "Polygon", "coordinates": [[[174.80382920000002, -36.9732502], [174.80382920000002, -36.9723502], [174.80292920000002, -36.9723502], [174.80292920000002, -36.9732502], [174.80382920000002, -36.9732502]]]}, "properties": {"row": 24, "col": 26, "elevation_m": 17.4, "low_elevation": false, "drain_deficiency": 0.375, "adjusted_score": 18.8}}, {"type": "Feature", "geometry": {"type": "Polygon", "coordinates": [[[174.80472920000003, -36.9732502], [174.80472920000003, -36.9723502], [174.80382920000002, -36.9723502], [174.80382920000002, -36.9732502], [174.80472920000003, -36.9732502]]]}, "properties": {"row": 24, "col": 27, "elevation_m": 18.1, "low_elevation": false, "drain_deficiency": 0.512, "adjusted_score": 25.6}}, {"type": "Feature", "geometry": {"type": "Polygon", "coordinates": [[[174.80562920000003, -36.9732502], [174.80562920000003, -36.9723502], [174.80472920000003, -36.9723502], [174.80472920000003, -36.9732502], [174.80562920000003, -36.9732502]]]}, "properties": {"row": 24, "col": 28, "elevation_m": 17.8, "low_elevation": false, "drain_deficiency": 0.771, "adjusted_score": 38.5}}, {"type": "Feature", "geometry": {"type": "Polygon", "coordinates": [[[174.80652920000003, -36.9732502], [174.80652920000003, -36.9723502], [174.80562920000003, -36.9723502], [174.80562920000003, -36.9732502], [174.80652920000003, -36.9732502]]]}, "properties": {"row": 24, "col": 29, "elevation_m": 14.0, "low_elevation": false, "drain_deficiency": 0.475, "adjusted_score": 23.8}}, {"type": "Feature", "geometry": {"type": "Polygon", "coordinates": [[[174.8074292, -36.9732502], [174.8074292, -36.9723502], [174.8065292, -36.9723502], [174.8065292, -36.9732502], [174.8074292, -36.9732502]]]}, "properties": {"row": 24, "col": 30, "elevation_m": 12.4, "low_elevation": false, "drain_deficiency": 0.75, "adjusted_score": 37.5}}, {"type": "Feature", "geometry": {"type": "Polygon", "coordinates": [[[174.8083292, -36.9732502], [174.8083292, -36.9723502], [174.8074292, -36.9723502], [174.8074292, -36.9732502], [174.8083292, -36.9732502]]]}, "properties": {"row": 24, "col": 31, "elevation_m": 12.9, "low_elevation": false, "drain_deficiency": 0.75, "adjusted_score": 37.5}}, {"type": "Feature", "geometry": {"type": "Polygon", "coordinates": [[[174.8092292, -36.9732502], [174.8092292, -36.9723502], [174.8083292, -36.9723502], [174.8083292, -36.9732502], [174.8092292, -36.9732502]]]}, "properties": {"row": 24, "col": 32, "elevation_m": 12.9, "low_elevation": false, "drain_deficiency": 0.412, "adjusted_score": 20.6}}, {"type": "Feature", "geometry": {"type": "Polygon", "coordinates": [[[174.8101292, -36.9732502], [174.8101292, -36.9723502], [174.8092292, -36.9723502], [174.8092292, -36.9732502], [174.8101292, -36.9732502]]]}, "properties": {"row": 24, "col": 33, "elevation_m": 14.5, "low_elevation": false, "drain_deficiency": 0.75, "adjusted_score": 37.5}}, {"type": "Feature", "geometry": {"type": "Polygon", "coordinates": [[[174.8110292, -36.9732502], [174.8110292, -36.9723502], [174.8101292, -36.9723502], [174.8101292, -36.9732502], [174.8110292, -36.9732502]]]}, "properties": {"row": 24, "col": 34, "elevation_m": 15.6, "low_elevation": false, "drain_deficiency": 0.75, "adjusted_score": 37.5}}, {"type": "Feature", "geometry": {"type": "Polygon", "coordinates": [[[174.8119292, -36.9732502], [174.8119292, -36.9723502], [174.8110292, -36.9723502], [174.8110292, -36.9732502], [174.8119292, -36.9732502]]]}, "properties": {"row": 24, "col": 35, "elevation_m": 15.4, "low_elevation": false, "drain_deficiency": 0.625, "adjusted_score": 31.2}}, {"type": "Feature", "geometry": {"type": "Polygon", "coordinates": [[[174.8128292, -36.9732502], [174.8128292, -36.9723502], [174.8119292, -36.9723502], [174.8119292, -36.9732502], [174.8128292, -36.9732502]]]}, "properties": {"row": 24, "col": 36, "elevation_m": 15.7, "low_elevation": false, "drain_deficiency": 0.625, "adjusted_score": 31.2}}, {"type": "Feature", "geometry": {"type": "Polygon", "coordinates": [[[174.8137292, -36.9732502], [174.8137292, -36.9723502], [174.8128292, -36.9723502], [174.8128292, -36.9732502], [174.8137292, -36.9732502]]]}, "properties": {"row": 24, "col": 37, "elevation_m": 15.9, "low_elevation": false, "drain_deficiency": 0.625, "adjusted_score": 31.2}}, {"type": "Feature", "geometry": {"type": "Polygon", "coordinates": [[[174.8146292, -36.9732502], [174.8146292, -36.9723502], [174.8137292, -36.9723502], [174.8137292, -36.9732502], [174.8146292, -36.9732502]]]}, "properties": {"row": 24, "col": 38, "elevation_m": 18.7, "low_elevation": false, "drain_deficiency": 0.625, "adjusted_score": 31.2}}, {"type": "Feature", "geometry": {"type": "Polygon", "coordinates": [[[174.81552920000001, -36.9732502], [174.81552920000001, -36.9723502], [174.8146292, -36.9723502], [174.8146292, -36.9732502], [174.81552920000001, -36.9732502]]]}, "properties": {"row": 24, "col": 39, "elevation_m": 22.6, "low_elevation": false, "drain_deficiency": 0.592, "adjusted_score": 29.6}}, {"type": "Feature", "geometry": {"type": "Polygon", "coordinates": [[[174.81642920000002, -36.9732502], [174.81642920000002, -36.9723502], [174.81552920000001, -36.9723502], [174.81552920000001, -36.9732502], [174.81642920000002, -36.9732502]]]}, "properties": {"row": 24, "col": 40, "elevation_m": 19.1, "low_elevation": false, "drain_deficiency": 0.531, "adjusted_score": 26.6}}, {"type": "Feature", "geometry": {"type": "Polygon", "coordinates": [[[174.81732920000002, -36.9732502], [174.81732920000002, -36.9723502], [174.81642920000002, -36.9723502], [174.81642920000002, -36.9732502], [174.81732920000002, -36.9732502]]]}, "properties": {"row": 24, "col": 41, "elevation_m": 19.2, "low_elevation": false, "drain_deficiency": 0.833, "adjusted_score": 41.7}}, {"type": "Feature", "geometry": {"type": "Polygon", "coordinates": [[[174.81822920000002, -36.9732502], [174.81822920000002, -36.9723502], [174.81732920000002, -36.9723502], [174.81732920000002, -36.9732502], [174.81822920000002, -36.9732502]]]}, "properties": {"row": 24, "col": 42, "elevation_m": 20.3, "low_elevation": false, "drain_deficiency": 0.625, "adjusted_score": 31.2}}, {"type": "Feature", "geometry": {"type": "Polygon", "coordinates": [[[174.81912920000002, -36.9732502], [174.81912920000002, -36.9723502], [174.81822920000002, -36.9723502], [174.81822920000002, -36.9732502], [174.81912920000002, -36.9732502]]]}, "properties": {"row": 24, "col": 43, "elevation_m": 20.3, "low_elevation": false, "drain_deficiency": 0.625, "adjusted_score": 31.2}}, {"type": "Feature", "geometry": {"type": "Polygon", "coordinates": [[[174.82002920000002, -36.9732502], [174.82002920000002, -36.9723502], [174.81912920000002, -36.9723502], [174.81912920000002, -36.9732502], [174.82002920000002, -36.9732502]]]}, "properties": {"row": 24, "col": 44, "elevation_m": 19.9, "low_elevation": false, "drain_deficiency": 0.625, "adjusted_score": 31.2}}, {"type": "Feature", "geometry": {"type": "Polygon", "coordinates": [[[174.78042920000001, -36.974150200000004], [174.78042920000001, -36.9732502], [174.7795292, -36.9732502], [174.7795292, -36.974150200000004], [174.78042920000001, -36.974150200000004]]]}, "properties": {"row": 25, "col": 0, "elevation_m": 13.9, "low_elevation": false, "drain_deficiency": 0.625, "adjusted_score": 31.2}}, {"type": "Feature", "geometry": {"type": "Polygon", "coordinates": [[[174.78132920000002, -36.974150200000004], [174.78132920000002, -36.9732502], [174.78042920000001, -36.9732502], [174.78042920000001, -36.974150200000004], [174.78132920000002, -36.974150200000004]]]}, "properties": {"row": 25, "col": 1, "elevation_m": 12.9, "low_elevation": false, "drain_deficiency": 0.243, "adjusted_score": 12.2}}, {"type": "Feature", "geometry": {"type": "Polygon", "coordinates": [[[174.78222920000002, -36.974150200000004], [174.78222920000002, -36.9732502], [174.78132920000002, -36.9732502], [174.78132920000002, -36.974150200000004], [174.78222920000002, -36.974150200000004]]]}, "properties": {"row": 25, "col": 2, "elevation_m": 13.6, "low_elevation": false, "drain_deficiency": 0.833, "adjusted_score": 41.7}}, {"type": "Feature", "geometry": {"type": "Polygon", "coordinates": [[[174.78312920000002, -36.974150200000004], [174.78312920000002, -36.9732502], [174.78222920000002, -36.9732502], [174.78222920000002, -36.974150200000004], [174.78312920000002, -36.974150200000004]]]}, "properties": {"row": 25, "col": 3, "elevation_m": 14.9, "low_elevation": false, "drain_deficiency": 0.25, "adjusted_score": 12.5}}, {"type": "Feature", "geometry": {"type": "Polygon", "coordinates": [[[174.78402920000002, -36.974150200000004], [174.78402920000002, -36.9732502], [174.78312920000002, -36.9732502], [174.78312920000002, -36.974150200000004], [174.78402920000002, -36.974150200000004]]]}, "properties": {"row": 25, "col": 4, "elevation_m": 15.8, "low_elevation": false, "drain_deficiency": 0.25, "adjusted_score": 12.5}}, {"type": "Feature", "geometry": {"type": "Polygon", "coordinates": [[[174.78492920000002, -36.974150200000004], [174.78492920000002, -36.9732502], [174.78402920000002, -36.9732502], [174.78402920000002, -36.974150200000004], [174.78492920000002, -36.974150200000004]]]}, "properties": {"row": 25, "col": 5, "elevation_m": 16.1, "low_elevation": false, "drain_deficiency": 0.375, "adjusted_score": 18.8}}, {"type": "Feature", "geometry": {"type": "Polygon", "coordinates": [[[174.78582920000002, -36.974150200000004], [174.78582920000002, -36.9732502], [174.78492920000002, -36.9732502], [174.78492920000002, -36.974150200000004], [174.78582920000002, -36.974150200000004]]]}, "properties": {"row": 25, "col": 6, "elevation_m": 16.8, "low_elevation": false, "drain_deficiency": 0.5, "adjusted_score": 25.0}}, {"type": "Feature", "geometry": {"type": "Polygon", "coordinates": [[[174.78672920000002, -36.974150200000004], [174.78672920000002, -36.9732502], [174.78582920000002, -36.9732502], [174.78582920000002, -36.974150200000004], [174.78672920000002, -36.974150200000004]]]}, "properties": {"row": 25, "col": 7, "elevation_m": 17.9, "low_elevation": false, "drain_deficiency": 0.657, "adjusted_score": 32.8}}, {"type": "Feature", "geometry": {"type": "Polygon", "coordinates": [[[174.78762920000003, -36.974150200000004], [174.78762920000003, -36.9732502], [174.78672920000002, -36.9732502], [174.78672920000002, -36.974150200000004], [174.78762920000003, -36.974150200000004]]]}, "properties": {"row": 25, "col": 8, "elevation_m": 16.9, "low_elevation": false, "drain_deficiency": 0.802, "adjusted_score": 40.1}}, {"type": "Feature", "geometry": {"type": "Polygon", "coordinates": [[[174.78852920000003, -36.974150200000004], [174.78852920000003, -36.9732502], [174.78762920000003, -36.9732502], [174.78762920000003, -36.974150200000004], [174.78852920000003, -36.974150200000004]]]}, "properties": {"row": 25, "col": 9, "elevation_m": 15.1, "low_elevation": false, "drain_deficiency": 0.523, "adjusted_score": 26.2}}, {"type": "Feature", "geometry": {"type": "Polygon", "coordinates": [[[174.7894292, -36.974150200000004], [174.7894292, -36.9732502], [174.7885292, -36.9732502], [174.7885292, -36.974150200000004], [174.7894292, -36.974150200000004]]]}, "properties": {"row": 25, "col": 10, "elevation_m": 14.4, "low_elevation": false, "drain_deficiency": 0.617, "adjusted_score": 30.8}}, {"type": "Feature", "geometry": {"type": "Polygon", "coordinates": [[[174.7903292, -36.974150200000004], [174.7903292, -36.9732502], [174.7894292, -36.9732502], [174.7894292, -36.974150200000004], [174.7903292, -36.974150200000004]]]}, "properties": {"row": 25, "col": 11, "elevation_m": 14.3, "low_elevation": false, "drain_deficiency": 0.617, "adjusted_score": 30.8}}, {"type": "Feature", "geometry": {"type": "Polygon", "coordinates": [[[174.7912292, -36.974150200000004], [174.7912292, -36.9732502], [174.7903292, -36.9732502], [174.7903292, -36.974150200000004], [174.7912292, -36.974150200000004]]]}, "properties": {"row": 25, "col": 12, "elevation_m": 13.7, "low_elevation": false, "drain_deficiency": 0.75, "adjusted_score": 37.5}}, {"type": "Feature", "geometry": {"type": "Polygon", "coordinates": [[[174.7921292, -36.974150200000004], [174.7921292, -36.9732502], [174.7912292, -36.9732502], [174.7912292, -36.974150200000004], [174.7921292, -36.974150200000004]]]}, "properties": {"row": 25, "col": 13, "elevation_m": 13.4, "low_elevation": false, "drain_deficiency": 0.375, "adjusted_score": 18.8}}, {"type": "Feature", "geometry": {"type": "Polygon", "coordinates": [[[174.7930292, -36.974150200000004], [174.7930292, -36.9732502], [174.7921292, -36.9732502], [174.7921292, -36.974150200000004], [174.7930292, -36.974150200000004]]]}, "properties": {"row": 25, "col": 14, "elevation_m": 13.5, "low_elevation": false, "drain_deficiency": 0.375, "adjusted_score": 18.8}}, {"type": "Feature", "geometry": {"type": "Polygon", "coordinates": [[[174.7939292, -36.974150200000004], [174.7939292, -36.9732502], [174.7930292, -36.9732502], [174.7930292, -36.974150200000004], [174.7939292, -36.974150200000004]]]}, "properties": {"row": 25, "col": 15, "elevation_m": 12.2, "low_elevation": false, "drain_deficiency": 0.314, "adjusted_score": 15.7}}, {"type": "Feature", "geometry": {"type": "Polygon", "coordinates": [[[174.7948292, -36.974150200000004], [174.7948292, -36.9732502], [174.7939292, -36.9732502], [174.7939292, -36.974150200000004], [174.7948292, -36.974150200000004]]]}, "properties": {"row": 25, "col": 16, "elevation_m": 13.7, "low_elevation": false, "drain_deficiency": 0.595, "adjusted_score": 29.7}}, {"type": "Feature", "geometry": {"type": "Polygon", "coordinates": [[[174.7957292, -36.974150200000004], [174.7957292, -36.9732502], [174.7948292, -36.9732502], [174.7948292, -36.974150200000004], [174.7957292, -36.974150200000004]]]}, "properties": {"row": 25, "col": 17, "elevation_m": 18.0, "low_elevation": false, "drain_deficiency": 0.625, "adjusted_score": 31.2}}, {"type": "Feature", "geometry": {"type": "Polygon", "coordinates": [[[174.7966292, -36.974150200000004], [174.7966292, -36.9732502], [174.7957292, -36.9732502], [174.7957292, -36.974150200000004], [174.7966292, -36.974150200000004]]]}, "properties": {"row": 25, "col": 18, "elevation_m": 20.9, "low_elevation": false, "drain_deficiency": 0.75, "adjusted_score": 37.5}}, {"type": "Feature", "geometry": {"type": "Polygon", "coordinates": [[[174.7975292, -36.974150200000004], [174.7975292, -36.9732502], [174.7966292, -36.9732502], [174.7966292, -36.974150200000004], [174.7975292, -36.974150200000004]]]}, "properties": {"row": 25, "col": 19, "elevation_m": 21.6, "low_elevation": false, "drain_deficiency": 0.75, "adjusted_score": 37.5}}, {"type": "Feature", "geometry": {"type": "Polygon", "coordinates": [[[174.79842920000002, -36.974150200000004], [174.79842920000002, -36.9732502], [174.7975292, -36.9732502], [174.7975292, -36.974150200000004], [174.79842920000002, -36.974150200000004]]]}, "properties": {"row": 25, "col": 20, "elevation_m": 20.7, "low_elevation": false, "drain_deficiency": 0.5, "adjusted_score": 25.0}}, {"type": "Feature", "geometry": {"type": "Polygon", "coordinates": [[[174.79932920000002, -36.974150200000004], [174.79932920000002, -36.9732502], [174.79842920000002, -36.9732502], [174.79842920000002, -36.974150200000004], [174.79932920000002, -36.974150200000004]]]}, "properties": {"row": 25, "col": 21, "elevation_m": 20.2, "low_elevation": false, "drain_deficiency": 0.716, "adjusted_score": 35.8}}, {"type": "Feature", "geometry": {"type": "Polygon", "coordinates": [[[174.80022920000002, -36.974150200000004], [174.80022920000002, -36.9732502], [174.79932920000002, -36.9732502], [174.79932920000002, -36.974150200000004], [174.80022920000002, -36.974150200000004]]]}, "properties": {"row": 25, "col": 22, "elevation_m": 20.6, "low_elevation": false, "drain_deficiency": 1.0, "adjusted_score": 50.0}}, {"type": "Feature", "geometry": {"type": "Polygon", "coordinates": [[[174.80112920000002, -36.974150200000004], [174.80112920000002, -36.9732502], [174.80022920000002, -36.9732502], [174.80022920000002, -36.974150200000004], [174.80112920000002, -36.974150200000004]]]}, "properties": {"row": 25, "col": 23, "elevation_m": 20.1, "low_elevation": false, "drain_deficiency": 1.0, "adjusted_score": 50.0}}, {"type": "Feature", "geometry": {"type": "Polygon", "coordinates": [[[174.80202920000002, -36.974150200000004], [174.80202920000002, -36.9732502], [174.80112920000002, -36.9732502], [174.80112920000002, -36.974150200000004], [174.80202920000002, -36.974150200000004]]]}, "properties": {"row": 25, "col": 24, "elevation_m": 19.6, "low_elevation": false, "drain_deficiency": 1.0, "adjusted_score": 50.0}}, {"type": "Feature", "geometry": {"type": "Polygon", "coordinates": [[[174.80292920000002, -36.974150200000004], [174.80292920000002, -36.9732502], [174.80202920000002, -36.9732502], [174.80202920000002, -36.974150200000004], [174.80292920000002, -36.974150200000004]]]}, "properties": {"row": 25, "col": 25, "elevation_m": 18.8, "low_elevation": false, "drain_deficiency": 0.849, "adjusted_score": 42.4}}, {"type": "Feature", "geometry": {"type": "Polygon", "coordinates": [[[174.80382920000002, -36.974150200000004], [174.80382920000002, -36.9732502], [174.80292920000002, -36.9732502], [174.80292920000002, -36.974150200000004], [174.80382920000002, -36.974150200000004]]]}, "properties": {"row": 25, "col": 26, "elevation_m": 17.1, "low_elevation": false, "drain_deficiency": 0.5, "adjusted_score": 25.0}}, {"type": "Feature", "geometry": {"type": "Polygon", "coordinates": [[[174.80472920000003, -36.974150200000004], [174.80472920000003, -36.9732502], [174.80382920000002, -36.9732502], [174.80382920000002, -36.974150200000004], [174.80472920000003, -36.974150200000004]]]}, "properties": {"row": 25, "col": 27, "elevation_m": 16.2, "low_elevation": false, "drain_deficiency": 0.5, "adjusted_score": 25.0}}, {"type": "Feature", "geometry": {"type": "Polygon", "coordinates": [[[174.80562920000003, -36.974150200000004], [174.80562920000003, -36.9732502], [174.80472920000003, -36.9732502], [174.80472920000003, -36.974150200000004], [174.80562920000003, -36.974150200000004]]]}, "properties": {"row": 25, "col": 28, "elevation_m": 15.8, "low_elevation": false, "drain_deficiency": 0.362, "adjusted_score": 18.1}}, {"type": "Feature", "geometry": {"type": "Polygon", "coordinates": [[[174.80652920000003, -36.974150200000004], [174.80652920000003, -36.9732502], [174.80562920000003, -36.9732502], [174.80562920000003, -36.974150200000004], [174.80652920000003, -36.974150200000004]]]}, "properties": {"row": 25, "col": 29, "elevation_m": 14.3, "low_elevation": false, "drain_deficiency": 0.021, "adjusted_score": 1.0}}, {"type": "Feature", "geometry": {"type": "Polygon", "coordinates": [[[174.8074292, -36.974150200000004], [174.8074292, -36.9732502], [174.8065292, -36.9732502], [174.8065292, -36.974150200000004], [174.8074292, -36.974150200000004]]]}, "properties": {"row": 25, "col": 30, "elevation_m": 13.6, "low_elevation": false, "drain_deficiency": 0.75, "adjusted_score": 37.5}}, {"type": "Feature", "geometry": {"type": "Polygon", "coordinates": [[[174.8083292, -36.974150200000004], [174.8083292, -36.9732502], [174.8074292, -36.9732502], [174.8074292, -36.974150200000004], [174.8083292, -36.974150200000004]]]}, "properties": {"row": 25, "col": 31, "elevation_m": 13.3, "low_elevation": false, "drain_deficiency": 0.728, "adjusted_score": 36.4}}, {"type": "Feature", "geometry": {"type": "Polygon", "coordinates": [[[174.8092292, -36.974150200000004], [174.8092292, -36.9732502], [174.8083292, -36.9732502], [174.8083292, -36.974150200000004], [174.8092292, -36.974150200000004]]]}, "properties": {"row": 25, "col": 32, "elevation_m": 13.0, "low_elevation": false, "drain_deficiency": 0.625, "adjusted_score": 31.2}}, {"type": "Feature", "geometry": {"type": "Polygon", "coordinates": [[[174.8101292, -36.974150200000004], [174.8101292, -36.9732502], [174.8092292, -36.9732502], [174.8092292, -36.974150200000004], [174.8101292, -36.974150200000004]]]}, "properties": {"row": 25, "col": 33, "elevation_m": 14.3, "low_elevation": false, "drain_deficiency": 0.625, "adjusted_score": 31.2}}, {"type": "Feature", "geometry": {"type": "Polygon", "coordinates": [[[174.8110292, -36.974150200000004], [174.8110292, -36.9732502], [174.8101292, -36.9732502], [174.8101292, -36.974150200000004], [174.8110292, -36.974150200000004]]]}, "properties": {"row": 25, "col": 34, "elevation_m": 15.5, "low_elevation": false, "drain_deficiency": 0.367, "adjusted_score": 18.3}}, {"type": "Feature", "geometry": {"type": "Polygon", "coordinates": [[[174.8119292, -36.974150200000004], [174.8119292, -36.9732502], [174.8110292, -36.9732502], [174.8110292, -36.974150200000004], [174.8119292, -36.974150200000004]]]}, "properties": {"row": 25, "col": 35, "elevation_m": 16.3, "low_elevation": false, "drain_deficiency": 0.625, "adjusted_score": 31.2}}, {"type": "Feature", "geometry": {"type": "Polygon", "coordinates": [[[174.8128292, -36.974150200000004], [174.8128292, -36.9732502], [174.8119292, -36.9732502], [174.8119292, -36.974150200000004], [174.8128292, -36.974150200000004]]]}, "properties": {"row": 25, "col": 36, "elevation_m": 15.8, "low_elevation": false, "drain_deficiency": 0.625, "adjusted_score": 31.2}}, {"type": "Feature", "geometry": {"type": "Polygon", "coordinates": [[[174.8137292, -36.974150200000004], [174.8137292, -36.9732502], [174.8128292, -36.9732502], [174.8128292, -36.974150200000004], [174.8137292, -36.974150200000004]]]}, "properties": {"row": 25, "col": 37, "elevation_m": 15.6, "low_elevation": false, "drain_deficiency": 0.367, "adjusted_score": 18.3}}, {"type": "Feature", "geometry": {"type": "Polygon", "coordinates": [[[174.8146292, -36.974150200000004], [174.8146292, -36.9732502], [174.8137292, -36.9732502], [174.8137292, -36.974150200000004], [174.8146292, -36.974150200000004]]]}, "properties": {"row": 25, "col": 38, "elevation_m": 18.2, "low_elevation": false, "drain_deficiency": 0.5, "adjusted_score": 25.0}}, {"type": "Feature", "geometry": {"type": "Polygon", "coordinates": [[[174.81552920000001, -36.974150200000004], [174.81552920000001, -36.9732502], [174.8146292, -36.9732502], [174.8146292, -36.974150200000004], [174.81552920000001, -36.974150200000004]]]}, "properties": {"row": 25, "col": 39, "elevation_m": 21.2, "low_elevation": false, "drain_deficiency": 0.75, "adjusted_score": 37.5}}, {"type": "Feature", "geometry": {"type": "Polygon", "coordinates": [[[174.81642920000002, -36.974150200000004], [174.81642920000002, -36.9732502], [174.81552920000001, -36.9732502], [174.81552920000001, -36.974150200000004], [174.81642920000002, -36.974150200000004]]]}, "properties": {"row": 25, "col": 40, "elevation_m": 21.2, "low_elevation": false, "drain_deficiency": 0.75, "adjusted_score": 37.5}}, {"type": "Feature", "geometry": {"type": "Polygon", "coordinates": [[[174.81732920000002, -36.974150200000004], [174.81732920000002, -36.9732502], [174.81642920000002, -36.9732502], [174.81642920000002, -36.974150200000004], [174.81732920000002, -36.974150200000004]]]}, "properties": {"row": 25, "col": 41, "elevation_m": 20.5, "low_elevation": false, "drain_deficiency": 0.625, "adjusted_score": 31.2}}, {"type": "Feature", "geometry": {"type": "Polygon", "coordinates": [[[174.81822920000002, -36.974150200000004], [174.81822920000002, -36.9732502], [174.81732920000002, -36.9732502], [174.81732920000002, -36.974150200000004], [174.81822920000002, -36.974150200000004]]]}, "properties": {"row": 25, "col": 42, "elevation_m": 19.3, "low_elevation": false, "drain_deficiency": 0.5, "adjusted_score": 25.0}}, {"type": "Feature", "geometry": {"type": "Polygon", "coordinates": [[[174.81912920000002, -36.974150200000004], [174.81912920000002, -36.9732502], [174.81822920000002, -36.9732502], [174.81822920000002, -36.974150200000004], [174.81912920000002, -36.974150200000004]]]}, "properties": {"row": 25, "col": 43, "elevation_m": 19.3, "low_elevation": false, "drain_deficiency": 0.5, "adjusted_score": 25.0}}, {"type": "Feature", "geometry": {"type": "Polygon", "coordinates": [[[174.82002920000002, -36.974150200000004], [174.82002920000002, -36.9732502], [174.81912920000002, -36.9732502], [174.81912920000002, -36.974150200000004], [174.82002920000002, -36.974150200000004]]]}, "properties": {"row": 25, "col": 44, "elevation_m": 19.8, "low_elevation": false, "drain_deficiency": 0.5, "adjusted_score": 25.0}}, {"type": "Feature", "geometry": {"type": "Polygon", "coordinates": [[[174.78042920000001, -36.975050200000005], [174.78042920000001, -36.974150200000004], [174.7795292, -36.974150200000004], [174.7795292, -36.975050200000005], [174.78042920000001, -36.975050200000005]]]}, "properties": {"row": 26, "col": 0, "elevation_m": 11.9, "low_elevation": false, "drain_deficiency": 0.625, "adjusted_score": 31.2}}, {"type": "Feature", "geometry": {"type": "Polygon", "coordinates": [[[174.78132920000002, -36.975050200000005], [174.78132920000002, -36.974150200000004], [174.78042920000001, -36.974150200000004], [174.78042920000001, -36.975050200000005], [174.78132920000002, -36.975050200000005]]]}, "properties": {"row": 26, "col": 1, "elevation_m": 12.3, "low_elevation": false, "drain_deficiency": 0.625, "adjusted_score": 31.2}}, {"type": "Feature", "geometry": {"type": "Polygon", "coordinates": [[[174.78222920000002, -36.975050200000005], [174.78222920000002, -36.974150200000004], [174.78132920000002, -36.974150200000004], [174.78132920000002, -36.975050200000005], [174.78222920000002, -36.975050200000005]]]}, "properties": {"row": 26, "col": 2, "elevation_m": 13.0, "low_elevation": false, "drain_deficiency": 0.833, "adjusted_score": 41.7}}, {"type": "Feature", "geometry": {"type": "Polygon", "coordinates": [[[174.78312920000002, -36.975050200000005], [174.78312920000002, -36.974150200000004], [174.78222920000002, -36.974150200000004], [174.78222920000002, -36.975050200000005], [174.78312920000002, -36.975050200000005]]]}, "properties": {"row": 26, "col": 3, "elevation_m": 14.3, "low_elevation": false, "drain_deficiency": 0.482, "adjusted_score": 24.1}}, {"type": "Feature", "geometry": {"type": "Polygon", "coordinates": [[[174.78402920000002, -36.975050200000005], [174.78402920000002, -36.974150200000004], [174.78312920000002, -36.974150200000004], [174.78312920000002, -36.975050200000005], [174.78402920000002, -36.975050200000005]]]}, "properties": {"row": 26, "col": 4, "elevation_m": 16.4, "low_elevation": false, "drain_deficiency": 0.402, "adjusted_score": 20.1}}, {"type": "Feature", "geometry": {"type": "Polygon", "coordinates": [[[174.78492920000002, -36.975050200000005], [174.78492920000002, -36.974150200000004], [174.78402920000002, -36.974150200000004], [174.78402920000002, -36.975050200000005], [174.78492920000002, -36.975050200000005]]]}, "properties": {"row": 26, "col": 5, "elevation_m": 16.1, "low_elevation": false, "drain_deficiency": 0.224, "adjusted_score": 11.2}}, {"type": "Feature", "geometry": {"type": "Polygon", "coordinates": [[[174.78582920000002, -36.975050200000005], [174.78582920000002, -36.974150200000004], [174.78492920000002, -36.974150200000004], [174.78492920000002, -36.975050200000005], [174.78582920000002, -36.975050200000005]]]}, "properties": {"row": 26, "col": 6, "elevation_m": 17.1, "low_elevation": false, "drain_deficiency": 0.136, "adjusted_score": 6.8}}, {"type": "Feature", "geometry": {"type": "Polygon", "coordinates": [[[174.78672920000002, -36.975050200000005], [174.78672920000002, -36.974150200000004], [174.78582920000002, -36.974150200000004], [174.78582920000002, -36.975050200000005], [174.78672920000002, -36.975050200000005]]]}, "properties": {"row": 26, "col": 7, "elevation_m": 18.2, "low_elevation": false, "drain_deficiency": 0.5, "adjusted_score": 25.0}}, {"type": "Feature", "geometry": {"type": "Polygon", "coordinates": [[[174.78762920000003, -36.975050200000005], [174.78762920000003, -36.974150200000004], [174.78672920000002, -36.974150200000004], [174.78672920000002, -36.975050200000005], [174.78762920000003, -36.975050200000005]]]}, "properties": {"row": 26, "col": 8, "elevation_m": 17.4, "low_elevation": false, "drain_deficiency": 0.386, "adjusted_score": 19.3}}, {"type": "Feature", "geometry": {"type": "Polygon", "coordinates": [[[174.78852920000003, -36.975050200000005], [174.78852920000003, -36.974150200000004], [174.78762920000003, -36.974150200000004], [174.78762920000003, -36.975050200000005], [174.78852920000003, -36.975050200000005]]]}, "properties": {"row": 26, "col": 9, "elevation_m": 15.0, "low_elevation": false, "drain_deficiency": 0.714, "adjusted_score": 35.7}}, {"type": "Feature", "geometry": {"type": "Polygon", "coordinates": [[[174.7894292, -36.975050200000005], [174.7894292, -36.974150200000004], [174.7885292, -36.974150200000004], [174.7885292, -36.975050200000005], [174.7894292, -36.975050200000005]]]}, "properties": {"row": 26, "col": 10, "elevation_m": 14.6, "low_elevation": false, "drain_deficiency": 0.5, "adjusted_score": 25.0}}, {"type": "Feature", "geometry": {"type": "Polygon", "coordinates": [[[174.7903292, -36.975050200000005], [174.7903292, -36.974150200000004], [174.7894292, -36.974150200000004], [174.7894292, -36.975050200000005], [174.7903292, -36.975050200000005]]]}, "properties": {"row": 26, "col": 11, "elevation_m": 14.7, "low_elevation": false, "drain_deficiency": 0.617, "adjusted_score": 30.8}}, {"type": "Feature", "geometry": {"type": "Polygon", "coordinates": [[[174.7912292, -36.975050200000005], [174.7912292, -36.974150200000004], [174.7903292, -36.974150200000004], [174.7903292, -36.975050200000005], [174.7912292, -36.975050200000005]]]}, "properties": {"row": 26, "col": 12, "elevation_m": 16.7, "low_elevation": false, "drain_deficiency": 0.625, "adjusted_score": 31.2}}, {"type": "Feature", "geometry": {"type": "Polygon", "coordinates": [[[174.7921292, -36.975050200000005], [174.7921292, -36.974150200000004], [174.7912292, -36.974150200000004], [174.7912292, -36.975050200000005], [174.7921292, -36.975050200000005]]]}, "properties": {"row": 26, "col": 13, "elevation_m": 14.9, "low_elevation": false, "drain_deficiency": 0.387, "adjusted_score": 19.3}}, {"type": "Feature", "geometry": {"type": "Polygon", "coordinates": [[[174.7930292, -36.975050200000005], [174.7930292, -36.974150200000004], [174.7921292, -36.974150200000004], [174.7921292, -36.975050200000005], [174.7930292, -36.975050200000005]]]}, "properties": {"row": 26, "col": 14, "elevation_m": 13.6, "low_elevation": false, "drain_deficiency": 0.375, "adjusted_score": 18.8}}, {"type": "Feature", "geometry": {"type": "Polygon", "coordinates": [[[174.7939292, -36.975050200000005], [174.7939292, -36.974150200000004], [174.7930292, -36.974150200000004], [174.7930292, -36.975050200000005], [174.7939292, -36.975050200000005]]]}, "properties": {"row": 26, "col": 15, "elevation_m": 12.9, "low_elevation": false, "drain_deficiency": 0.212, "adjusted_score": 10.6}}, {"type": "Feature", "geometry": {"type": "Polygon", "coordinates": [[[174.7948292, -36.975050200000005], [174.7948292, -36.974150200000004], [174.7939292, -36.974150200000004], [174.7939292, -36.975050200000005], [174.7948292, -36.975050200000005]]]}, "properties": {"row": 26, "col": 16, "elevation_m": 13.8, "low_elevation": false, "drain_deficiency": 0.04, "adjusted_score": 2.0}}, {"type": "Feature", "geometry": {"type": "Polygon", "coordinates": [[[174.7957292, -36.975050200000005], [174.7957292, -36.974150200000004], [174.7948292, -36.974150200000004], [174.7948292, -36.975050200000005], [174.7957292, -36.975050200000005]]]}, "properties": {"row": 26, "col": 17, "elevation_m": 16.7, "low_elevation": false, "drain_deficiency": 0.495, "adjusted_score": 24.8}}, {"type": "Feature", "geometry": {"type": "Polygon", "coordinates": [[[174.7966292, -36.975050200000005], [174.7966292, -36.974150200000004], [174.7957292, -36.974150200000004], [174.7957292, -36.975050200000005], [174.7966292, -36.975050200000005]]]}, "properties": {"row": 26, "col": 18, "elevation_m": 19.2, "low_elevation": false, "drain_deficiency": 0.469, "adjusted_score": 23.5}}, {"type": "Feature", "geometry": {"type": "Polygon", "coordinates": [[[174.7975292, -36.975050200000005], [174.7975292, -36.974150200000004], [174.7966292, -36.974150200000004], [174.7966292, -36.975050200000005], [174.7975292, -36.975050200000005]]]}, "properties": {"row": 26, "col": 19, "elevation_m": 20.9, "low_elevation": false, "drain_deficiency": 0.375, "adjusted_score": 18.8}}, {"type": "Feature", "geometry": {"type": "Polygon", "coordinates": [[[174.79842920000002, -36.975050200000005], [174.79842920000002, -36.974150200000004], [174.7975292, -36.974150200000004], [174.7975292, -36.975050200000005], [174.79842920000002, -36.975050200000005]]]}, "properties": {"row": 26, "col": 20, "elevation_m": 20.9, "low_elevation": false, "drain_deficiency": 0.75, "adjusted_score": 37.5}}, {"type": "Feature", "geometry": {"type": "Polygon", "coordinates": [[[174.79932920000002, -36.975050200000005], [174.79932920000002, -36.974150200000004], [174.79842920000002, -36.974150200000004], [174.79842920000002, -36.975050200000005], [174.79932920000002, -36.975050200000005]]]}, "properties": {"row": 26, "col": 21, "elevation_m": 20.5, "low_elevation": false, "drain_deficiency": 0.75, "adjusted_score": 37.5}}, {"type": "Feature", "geometry": {"type": "Polygon", "coordinates": [[[174.80022920000002, -36.975050200000005], [174.80022920000002, -36.974150200000004], [174.79932920000002, -36.974150200000004], [174.79932920000002, -36.975050200000005], [174.80022920000002, -36.975050200000005]]]}, "properties": {"row": 26, "col": 22, "elevation_m": 20.4, "low_elevation": false, "drain_deficiency": 1.0, "adjusted_score": 50.0}}, {"type": "Feature", "geometry": {"type": "Polygon", "coordinates": [[[174.80112920000002, -36.975050200000005], [174.80112920000002, -36.974150200000004], [174.80022920000002, -36.974150200000004], [174.80022920000002, -36.975050200000005], [174.80112920000002, -36.975050200000005]]]}, "properties": {"row": 26, "col": 23, "elevation_m": 19.6, "low_elevation": false, "drain_deficiency": 1.0, "adjusted_score": 50.0}}, {"type": "Feature", "geometry": {"type": "Polygon", "coordinates": [[[174.80202920000002, -36.975050200000005], [174.80202920000002, -36.974150200000004], [174.80112920000002, -36.974150200000004], [174.80112920000002, -36.975050200000005], [174.80202920000002, -36.975050200000005]]]}, "properties": {"row": 26, "col": 24, "elevation_m": 18.9, "low_elevation": false, "drain_deficiency": 1.0, "adjusted_score": 50.0}}, {"type": "Feature", "geometry": {"type": "Polygon", "coordinates": [[[174.80292920000002, -36.975050200000005], [174.80292920000002, -36.974150200000004], [174.80202920000002, -36.974150200000004], [174.80202920000002, -36.975050200000005], [174.80292920000002, -36.975050200000005]]]}, "properties": {"row": 26, "col": 25, "elevation_m": 17.5, "low_elevation": false, "drain_deficiency": 0.985, "adjusted_score": 49.3}}, {"type": "Feature", "geometry": {"type": "Polygon", "coordinates": [[[174.80382920000002, -36.975050200000005], [174.80382920000002, -36.974150200000004], [174.80292920000002, -36.974150200000004], [174.80292920000002, -36.975050200000005], [174.80382920000002, -36.975050200000005]]]}, "properties": {"row": 26, "col": 26, "elevation_m": 16.3, "low_elevation": false, "drain_deficiency": 0.902, "adjusted_score": 45.1}}, {"type": "Feature", "geometry": {"type": "Polygon", "coordinates": [[[174.80472920000003, -36.975050200000005], [174.80472920000003, -36.974150200000004], [174.80382920000002, -36.974150200000004], [174.80382920000002, -36.975050200000005], [174.80472920000003, -36.975050200000005]]]}, "properties": {"row": 26, "col": 27, "elevation_m": 14.3, "low_elevation": false, "drain_deficiency": 0.501, "adjusted_score": 25.0}}, {"type": "Feature", "geometry": {"type": "Polygon", "coordinates": [[[174.80562920000003, -36.975050200000005], [174.80562920000003, -36.974150200000004], [174.80472920000003, -36.974150200000004], [174.80472920000003, -36.975050200000005], [174.80562920000003, -36.975050200000005]]]}, "properties": {"row": 26, "col": 28, "elevation_m": 13.8, "low_elevation": false, "drain_deficiency": 0.375, "adjusted_score": 18.8}}, {"type": "Feature", "geometry": {"type": "Polygon", "coordinates": [[[174.80652920000003, -36.975050200000005], [174.80652920000003, -36.974150200000004], [174.80562920000003, -36.974150200000004], [174.80562920000003, -36.975050200000005], [174.80652920000003, -36.975050200000005]]]}, "properties": {"row": 26, "col": 29, "elevation_m": 14.7, "low_elevation": false, "drain_deficiency": 0.75, "adjusted_score": 37.5}}, {"type": "Feature", "geometry": {"type": "Polygon", "coordinates": [[[174.8074292, -36.975050200000005], [174.8074292, -36.974150200000004], [174.8065292, -36.974150200000004], [174.8065292, -36.975050200000005], [174.8074292, -36.975050200000005]]]}, "properties": {"row": 26, "col": 30, "elevation_m": 14.7, "low_elevation": false, "drain_deficiency": 0.75, "adjusted_score": 37.5}}, {"type": "Feature", "geometry": {"type": "Polygon", "coordinates": [[[174.8083292, -36.975050200000005], [174.8083292, -36.974150200000004], [174.8074292, -36.974150200000004], [174.8074292, -36.975050200000005], [174.8083292, -36.975050200000005]]]}, "properties": {"row": 26, "col": 31, "elevation_m": 13.8, "low_elevation": false, "drain_deficiency": 0.642, "adjusted_score": 32.1}}, {"type": "Feature", "geometry": {"type": "Polygon", "coordinates": [[[174.8092292, -36.975050200000005], [174.8092292, -36.974150200000004], [174.8083292, -36.974150200000004], [174.8083292, -36.975050200000005], [174.8092292, -36.975050200000005]]]}, "properties": {"row": 26, "col": 32, "elevation_m": 15.3, "low_elevation": false, "drain_deficiency": 0.625, "adjusted_score": 31.2}}, {"type": "Feature", "geometry": {"type": "Polygon", "coordinates": [[[174.8101292, -36.975050200000005], [174.8101292, -36.974150200000004], [174.8092292, -36.974150200000004], [174.8092292, -36.975050200000005], [174.8101292, -36.975050200000005]]]}, "properties": {"row": 26, "col": 33, "elevation_m": 17.6, "low_elevation": false, "drain_deficiency": 0.75, "adjusted_score": 37.5}}, {"type": "Feature", "geometry": {"type": "Polygon", "coordinates": [[[174.8110292, -36.975050200000005], [174.8110292, -36.974150200000004], [174.8101292, -36.974150200000004], [174.8101292, -36.975050200000005], [174.8110292, -36.975050200000005]]]}, "properties": {"row": 26, "col": 34, "elevation_m": 18.4, "low_elevation": false, "drain_deficiency": 0.367, "adjusted_score": 18.3}}, {"type": "Feature", "geometry": {"type": "Polygon", "coordinates": [[[174.8119292, -36.975050200000005], [174.8119292, -36.974150200000004], [174.8110292, -36.974150200000004], [174.8110292, -36.975050200000005], [174.8119292, -36.975050200000005]]]}, "properties": {"row": 26, "col": 35, "elevation_m": 18.3, "low_elevation": false, "drain_deficiency": 0.75, "adjusted_score": 37.5}}, {"type": "Feature", "geometry": {"type": "Polygon", "coordinates": [[[174.8128292, -36.975050200000005], [174.8128292, -36.974150200000004], [174.8119292, -36.974150200000004], [174.8119292, -36.975050200000005], [174.8128292, -36.975050200000005]]]}, "properties": {"row": 26, "col": 36, "elevation_m": 17.0, "low_elevation": false, "drain_deficiency": 0.288, "adjusted_score": 14.4}}, {"type": "Feature", "geometry": {"type": "Polygon", "coordinates": [[[174.8137292, -36.975050200000005], [174.8137292, -36.974150200000004], [174.8128292, -36.974150200000004], [174.8128292, -36.975050200000005], [174.8137292, -36.975050200000005]]]}, "properties": {"row": 26, "col": 37, "elevation_m": 16.5, "low_elevation": false, "drain_deficiency": 0.625, "adjusted_score": 31.2}}, {"type": "Feature", "geometry": {"type": "Polygon", "coordinates": [[[174.8146292, -36.975050200000005], [174.8146292, -36.974150200000004], [174.8137292, -36.974150200000004], [174.8137292, -36.975050200000005], [174.8146292, -36.975050200000005]]]}, "properties": {"row": 26, "col": 38, "elevation_m": 19.0, "low_elevation": false, "drain_deficiency": 0.625, "adjusted_score": 31.2}}, {"type": "Feature", "geometry": {"type": "Polygon", "coordinates": [[[174.81552920000001, -36.975050200000005], [174.81552920000001, -36.974150200000004], [174.8146292, -36.974150200000004], [174.8146292, -36.975050200000005], [174.81552920000001, -36.975050200000005]]]}, "properties": {"row": 26, "col": 39, "elevation_m": 22.3, "low_elevation": false, "drain_deficiency": 0.617, "adjusted_score": 30.8}}, {"type": "Feature", "geometry": {"type": "Polygon", "coordinates": [[[174.81642920000002, -36.975050200000005], [174.81642920000002, -36.974150200000004], [174.81552920000001, -36.974150200000004], [174.81552920000001, -36.975050200000005], [174.81642920000002, -36.975050200000005]]]}, "properties": {"row": 26, "col": 40, "elevation_m": 23.5, "low_elevation": false, "drain_deficiency": 0.75, "adjusted_score": 37.5}}, {"type": "Feature", "geometry": {"type": "Polygon", "coordinates": [[[174.81732920000002, -36.975050200000005], [174.81732920000002, -36.974150200000004], [174.81642920000002, -36.974150200000004], [174.81642920000002, -36.975050200000005], [174.81732920000002, -36.975050200000005]]]}, "properties": {"row": 26, "col": 41, "elevation_m": 23.0, "low_elevation": false, "drain_deficiency": 0.625, "adjusted_score": 31.2}}, {"type": "Feature", "geometry": {"type": "Polygon", "coordinates": [[[174.81822920000002, -36.975050200000005], [174.81822920000002, -36.974150200000004], [174.81732920000002, -36.974150200000004], [174.81732920000002, -36.975050200000005], [174.81822920000002, -36.975050200000005]]]}, "properties": {"row": 26, "col": 42, "elevation_m": 21.5, "low_elevation": false, "drain_deficiency": 0.617, "adjusted_score": 30.8}}, {"type": "Feature", "geometry": {"type": "Polygon", "coordinates": [[[174.81912920000002, -36.975050200000005], [174.81912920000002, -36.974150200000004], [174.81822920000002, -36.974150200000004], [174.81822920000002, -36.975050200000005], [174.81912920000002, -36.975050200000005]]]}, "properties": {"row": 26, "col": 43, "elevation_m": 18.8, "low_elevation": false, "drain_deficiency": 0.617, "adjusted_score": 30.8}}, {"type": "Feature", "geometry": {"type": "Polygon", "coordinates": [[[174.82002920000002, -36.975050200000005], [174.82002920000002, -36.974150200000004], [174.81912920000002, -36.974150200000004], [174.81912920000002, -36.975050200000005], [174.82002920000002, -36.975050200000005]]]}, "properties": {"row": 26, "col": 44, "elevation_m": 18.9, "low_elevation": false, "drain_deficiency": 0.5, "adjusted_score": 25.0}}, {"type": "Feature", "geometry": {"type": "Polygon", "coordinates": [[[174.78042920000001, -36.9759502], [174.78042920000001, -36.9750502], [174.7795292, -36.9750502], [174.7795292, -36.9759502], [174.78042920000001, -36.9759502]]]}, "properties": {"row": 27, "col": 0, "elevation_m": 11.7, "low_elevation": false, "drain_deficiency": 0.449, "adjusted_score": 22.4}}, {"type": "Feature", "geometry": {"type": "Polygon", "coordinates": [[[174.78132920000002, -36.9759502], [174.78132920000002, -36.9750502], [174.78042920000001, -36.9750502], [174.78042920000001, -36.9759502], [174.78132920000002, -36.9759502]]]}, "properties": {"row": 27, "col": 1, "elevation_m": 12.6, "low_elevation": false, "drain_deficiency": 0.171, "adjusted_score": 8.6}}, {"type": "Feature", "geometry": {"type": "Polygon", "coordinates": [[[174.78222920000002, -36.9759502], [174.78222920000002, -36.9750502], [174.78132920000002, -36.9750502], [174.78132920000002, -36.9759502], [174.78222920000002, -36.9759502]]]}, "properties": {"row": 27, "col": 2, "elevation_m": 12.3, "low_elevation": false, "drain_deficiency": 0.039, "adjusted_score": 1.9}}, {"type": "Feature", "geometry": {"type": "Polygon", "coordinates": [[[174.78312920000002, -36.9759502], [174.78312920000002, -36.9750502], [174.78222920000002, -36.9750502], [174.78222920000002, -36.9759502], [174.78312920000002, -36.9759502]]]}, "properties": {"row": 27, "col": 3, "elevation_m": 12.4, "low_elevation": false, "drain_deficiency": 0.16, "adjusted_score": 8.0}}, {"type": "Feature", "geometry": {"type": "Polygon", "coordinates": [[[174.78402920000002, -36.9759502], [174.78402920000002, -36.9750502], [174.78312920000002, -36.9750502], [174.78312920000002, -36.9759502], [174.78402920000002, -36.9759502]]]}, "properties": {"row": 27, "col": 4, "elevation_m": 13.2, "low_elevation": false, "drain_deficiency": 0.084, "adjusted_score": 4.2}}, {"type": "Feature", "geometry": {"type": "Polygon", "coordinates": [[[174.78492920000002, -36.9759502], [174.78492920000002, -36.9750502], [174.78402920000002, -36.9750502], [174.78402920000002, -36.9759502], [174.78492920000002, -36.9759502]]]}, "properties": {"row": 27, "col": 5, "elevation_m": 14.0, "low_elevation": false, "drain_deficiency": 0.009, "adjusted_score": 0.5}}, {"type": "Feature", "geometry": {"type": "Polygon", "coordinates": [[[174.78582920000002, -36.9759502], [174.78582920000002, -36.9750502], [174.78492920000002, -36.9750502], [174.78492920000002, -36.9759502], [174.78582920000002, -36.9759502]]]}, "properties": {"row": 27, "col": 6, "elevation_m": 15.5, "low_elevation": false, "drain_deficiency": 0.059, "adjusted_score": 2.9}}, {"type": "Feature", "geometry": {"type": "Polygon", "coordinates": [[[174.78672920000002, -36.9759502], [174.78672920000002, -36.9750502], [174.78582920000002, -36.9750502], [174.78582920000002, -36.9759502], [174.78672920000002, -36.9759502]]]}, "properties": {"row": 27, "col": 7, "elevation_m": 16.4, "low_elevation": false, "drain_deficiency": 0.223, "adjusted_score": 11.1}}, {"type": "Feature", "geometry": {"type": "Polygon", "coordinates": [[[174.78762920000003, -36.9759502], [174.78762920000003, -36.9750502], [174.78672920000002, -36.9750502], [174.78672920000002, -36.9759502], [174.78762920000003, -36.9759502]]]}, "properties": {"row": 27, "col": 8, "elevation_m": 15.0, "low_elevation": false, "drain_deficiency": 0.481, "adjusted_score": 24.0}}, {"type": "Feature", "geometry": {"type": "Polygon", "coordinates": [[[174.78852920000003, -36.9759502], [174.78852920000003, -36.9750502], [174.78762920000003, -36.9750502], [174.78762920000003, -36.9759502], [174.78852920000003, -36.9759502]]]}, "properties": {"row": 27, "col": 9, "elevation_m": 15.0, "low_elevation": false, "drain_deficiency": 0.5, "adjusted_score": 25.0}}, {"type": "Feature", "geometry": {"type": "Polygon", "coordinates": [[[174.7894292, -36.9759502], [174.7894292, -36.9750502], [174.7885292, -36.9750502], [174.7885292, -36.9759502], [174.7894292, -36.9759502]]]}, "properties": {"row": 27, "col": 10, "elevation_m": 14.9, "low_elevation": false, "drain_deficiency": 0.5, "adjusted_score": 25.0}}, {"type": "Feature", "geometry": {"type": "Polygon", "coordinates": [[[174.7903292, -36.9759502], [174.7903292, -36.9750502], [174.7894292, -36.9750502], [174.7894292, -36.9759502], [174.7903292, -36.9759502]]]}, "properties": {"row": 27, "col": 11, "elevation_m": 15.4, "low_elevation": false, "drain_deficiency": 0.625, "adjusted_score": 31.2}}, {"type": "Feature", "geometry": {"type": "Polygon", "coordinates": [[[174.7912292, -36.9759502], [174.7912292, -36.9750502], [174.7903292, -36.9750502], [174.7903292, -36.9759502], [174.7912292, -36.9759502]]]}, "properties": {"row": 27, "col": 12, "elevation_m": 18.0, "low_elevation": false, "drain_deficiency": 0.625, "adjusted_score": 31.2}}, {"type": "Feature", "geometry": {"type": "Polygon", "coordinates": [[[174.7921292, -36.9759502], [174.7921292, -36.9750502], [174.7912292, -36.9750502], [174.7912292, -36.9759502], [174.7921292, -36.9759502]]]}, "properties": {"row": 27, "col": 13, "elevation_m": 16.7, "low_elevation": false, "drain_deficiency": 0.625, "adjusted_score": 31.2}}, {"type": "Feature", "geometry": {"type": "Polygon", "coordinates": [[[174.7930292, -36.9759502], [174.7930292, -36.9750502], [174.7921292, -36.9750502], [174.7921292, -36.9759502], [174.7930292, -36.9759502]]]}, "properties": {"row": 27, "col": 14, "elevation_m": 14.9, "low_elevation": false, "drain_deficiency": 0.625, "adjusted_score": 31.2}}, {"type": "Feature", "geometry": {"type": "Polygon", "coordinates": [[[174.7939292, -36.9759502], [174.7939292, -36.9750502], [174.7930292, -36.9750502], [174.7930292, -36.9759502], [174.7939292, -36.9759502]]]}, "properties": {"row": 27, "col": 15, "elevation_m": 14.9, "low_elevation": false, "drain_deficiency": 0.625, "adjusted_score": 31.2}}, {"type": "Feature", "geometry": {"type": "Polygon", "coordinates": [[[174.7948292, -36.9759502], [174.7948292, -36.9750502], [174.7939292, -36.9750502], [174.7939292, -36.9759502], [174.7948292, -36.9759502]]]}, "properties": {"row": 27, "col": 16, "elevation_m": 14.7, "low_elevation": false, "drain_deficiency": 0.625, "adjusted_score": 31.2}}, {"type": "Feature", "geometry": {"type": "Polygon", "coordinates": [[[174.7957292, -36.9759502], [174.7957292, -36.9750502], [174.7948292, -36.9750502], [174.7948292, -36.9759502], [174.7957292, -36.9759502]]]}, "properties": {"row": 27, "col": 17, "elevation_m": 16.8, "low_elevation": false, "drain_deficiency": 0.625, "adjusted_score": 31.2}}, {"type": "Feature", "geometry": {"type": "Polygon", "coordinates": [[[174.7966292, -36.9759502], [174.7966292, -36.9750502], [174.7957292, -36.9750502], [174.7957292, -36.9759502], [174.7966292, -36.9759502]]]}, "properties": {"row": 27, "col": 18, "elevation_m": 19.7, "low_elevation": false, "drain_deficiency": 0.75, "adjusted_score": 37.5}}, {"type": "Feature", "geometry": {"type": "Polygon", "coordinates": [[[174.7975292, -36.9759502], [174.7975292, -36.9750502], [174.7966292, -36.9750502], [174.7966292, -36.9759502], [174.7975292, -36.9759502]]]}, "properties": {"row": 27, "col": 19, "elevation_m": 20.6, "low_elevation": false, "drain_deficiency": 0.75, "adjusted_score": 37.5}}, {"type": "Feature", "geometry": {"type": "Polygon", "coordinates": [[[174.79842920000002, -36.9759502], [174.79842920000002, -36.9750502], [174.7975292, -36.9750502], [174.7975292, -36.9759502], [174.79842920000002, -36.9759502]]]}, "properties": {"row": 27, "col": 20, "elevation_m": 21.1, "low_elevation": false, "drain_deficiency": 0.75, "adjusted_score": 37.5}}, {"type": "Feature", "geometry": {"type": "Polygon", "coordinates": [[[174.79932920000002, -36.9759502], [174.79932920000002, -36.9750502], [174.79842920000002, -36.9750502], [174.79842920000002, -36.9759502], [174.79932920000002, -36.9759502]]]}, "properties": {"row": 27, "col": 21, "elevation_m": 21.5, "low_elevation": false, "drain_deficiency": 0.625, "adjusted_score": 31.2}}, {"type": "Feature", "geometry": {"type": "Polygon", "coordinates": [[[174.80022920000002, -36.9759502], [174.80022920000002, -36.9750502], [174.79932920000002, -36.9750502], [174.79932920000002, -36.9759502], [174.80022920000002, -36.9759502]]]}, "properties": {"row": 27, "col": 22, "elevation_m": 20.5, "low_elevation": false, "drain_deficiency": 0.726, "adjusted_score": 36.3}}, {"type": "Feature", "geometry": {"type": "Polygon", "coordinates": [[[174.80112920000002, -36.9759502], [174.80112920000002, -36.9750502], [174.80022920000002, -36.9750502], [174.80022920000002, -36.9759502], [174.80112920000002, -36.9759502]]]}, "properties": {"row": 27, "col": 23, "elevation_m": 19.8, "low_elevation": false, "drain_deficiency": 1.0, "adjusted_score": 50.0}}, {"type": "Feature", "geometry": {"type": "Polygon", "coordinates": [[[174.80202920000002, -36.9759502], [174.80202920000002, -36.9750502], [174.80112920000002, -36.9750502], [174.80112920000002, -36.9759502], [174.80202920000002, -36.9759502]]]}, "properties": {"row": 27, "col": 24, "elevation_m": 18.9, "low_elevation": false, "drain_deficiency": 0.906, "adjusted_score": 45.3}}, {"type": "Feature", "geometry": {"type": "Polygon", "coordinates": [[[174.80292920000002, -36.9759502], [174.80292920000002, -36.9750502], [174.80202920000002, -36.9750502], [174.80202920000002, -36.9759502], [174.80292920000002, -36.9759502]]]}, "properties": {"row": 27, "col": 25, "elevation_m": 17.3, "low_elevation": false, "drain_deficiency": 0.75, "adjusted_score": 37.5}}, {"type": "Feature", "geometry": {"type": "Polygon", "coordinates": [[[174.80382920000002, -36.9759502], [174.80382920000002, -36.9750502], [174.80292920000002, -36.9750502], [174.80292920000002, -36.9759502], [174.80382920000002, -36.9759502]]]}, "properties": {"row": 27, "col": 26, "elevation_m": 15.9, "low_elevation": false, "drain_deficiency": 0.5, "adjusted_score": 25.0}}, {"type": "Feature", "geometry": {"type": "Polygon", "coordinates": [[[174.80472920000003, -36.9759502], [174.80472920000003, -36.9750502], [174.80382920000002, -36.9750502], [174.80382920000002, -36.9759502], [174.80472920000003, -36.9759502]]]}, "properties": {"row": 27, "col": 27, "elevation_m": 14.9, "low_elevation": false, "drain_deficiency": 0.625, "adjusted_score": 31.2}}, {"type": "Feature", "geometry": {"type": "Polygon", "coordinates": [[[174.80562920000003, -36.9759502], [174.80562920000003, -36.9750502], [174.80472920000003, -36.9750502], [174.80472920000003, -36.9759502], [174.80562920000003, -36.9759502]]]}, "properties": {"row": 27, "col": 28, "elevation_m": 14.6, "low_elevation": false, "drain_deficiency": 0.5, "adjusted_score": 25.0}}, {"type": "Feature", "geometry": {"type": "Polygon", "coordinates": [[[174.80652920000003, -36.9759502], [174.80652920000003, -36.9750502], [174.80562920000003, -36.9750502], [174.80562920000003, -36.9759502], [174.80652920000003, -36.9759502]]]}, "properties": {"row": 27, "col": 29, "elevation_m": 14.9, "low_elevation": false, "drain_deficiency": 0.5, "adjusted_score": 25.0}}, {"type": "Feature", "geometry": {"type": "Polygon", "coordinates": [[[174.8074292, -36.9759502], [174.8074292, -36.9750502], [174.8065292, -36.9750502], [174.8065292, -36.9759502], [174.8074292, -36.9759502]]]}, "properties": {"row": 27, "col": 30, "elevation_m": 14.7, "low_elevation": false, "drain_deficiency": 0.5, "adjusted_score": 25.0}}, {"type": "Feature", "geometry": {"type": "Polygon", "coordinates": [[[174.8083292, -36.9759502], [174.8083292, -36.9750502], [174.8074292, -36.9750502], [174.8074292, -36.9759502], [174.8083292, -36.9759502]]]}, "properties": {"row": 27, "col": 31, "elevation_m": 15.3, "low_elevation": false, "drain_deficiency": 0.625, "adjusted_score": 31.2}}, {"type": "Feature", "geometry": {"type": "Polygon", "coordinates": [[[174.8092292, -36.9759502], [174.8092292, -36.9750502], [174.8083292, -36.9750502], [174.8083292, -36.9759502], [174.8092292, -36.9759502]]]}, "properties": {"row": 27, "col": 32, "elevation_m": 19.0, "low_elevation": false, "drain_deficiency": 0.75, "adjusted_score": 37.5}}, {"type": "Feature", "geometry": {"type": "Polygon", "coordinates": [[[174.8101292, -36.9759502], [174.8101292, -36.9750502], [174.8092292, -36.9750502], [174.8092292, -36.9759502], [174.8101292, -36.9759502]]]}, "properties": {"row": 27, "col": 33, "elevation_m": 21.3, "low_elevation": false, "drain_deficiency": 0.75, "adjusted_score": 37.5}}, {"type": "Feature", "geometry": {"type": "Polygon", "coordinates": [[[174.8110292, -36.9759502], [174.8110292, -36.9750502], [174.8101292, -36.9750502], [174.8101292, -36.9759502], [174.8110292, -36.9759502]]]}, "properties": {"row": 27, "col": 34, "elevation_m": 20.6, "low_elevation": false, "drain_deficiency": 0.75, "adjusted_score": 37.5}}, {"type": "Feature", "geometry": {"type": "Polygon", "coordinates": [[[174.8119292, -36.9759502], [174.8119292, -36.9750502], [174.8110292, -36.9750502], [174.8110292, -36.9759502], [174.8119292, -36.9759502]]]}, "properties": {"row": 27, "col": 35, "elevation_m": 19.1, "low_elevation": false, "drain_deficiency": 0.625, "adjusted_score": 31.2}}, {"type": "Feature", "geometry": {"type": "Polygon", "coordinates": [[[174.8128292, -36.9759502], [174.8128292, -36.9750502], [174.8119292, -36.9750502], [174.8119292, -36.9759502], [174.8128292, -36.9759502]]]}, "properties": {"row": 27, "col": 36, "elevation_m": 18.0, "low_elevation": false, "drain_deficiency": 0.233, "adjusted_score": 11.7}}, {"type": "Feature", "geometry": {"type": "Polygon", "coordinates": [[[174.8137292, -36.9759502], [174.8137292, -36.9750502], [174.8128292, -36.9750502], [174.8128292, -36.9759502], [174.8137292, -36.9759502]]]}, "properties": {"row": 27, "col": 37, "elevation_m": 18.5, "low_elevation": false, "drain_deficiency": 0.75, "adjusted_score": 37.5}}, {"type": "Feature", "geometry": {"type": "Polygon", "coordinates": [[[174.8146292, -36.9759502], [174.8146292, -36.9750502], [174.8137292, -36.9750502], [174.8137292, -36.9759502], [174.8146292, -36.9759502]]]}, "properties": {"row": 27, "col": 38, "elevation_m": 20.1, "low_elevation": false, "drain_deficiency": 0.25, "adjusted_score": 12.5}}, {"type": "Feature", "geometry": {"type": "Polygon", "coordinates": [[[174.81552920000001, -36.9759502], [174.81552920000001, -36.9750502], [174.8146292, -36.9750502], [174.8146292, -36.9759502], [174.81552920000001, -36.9759502]]]}, "properties": {"row": 27, "col": 39, "elevation_m": 22.6, "low_elevation": false, "drain_deficiency": 0.5, "adjusted_score": 25.0}}, {"type": "Feature", "geometry": {"type": "Polygon", "coordinates": [[[174.81642920000002, -36.9759502], [174.81642920000002, -36.9750502], [174.81552920000001, -36.9750502], [174.81552920000001, -36.9759502], [174.81642920000002, -36.9759502]]]}, "properties": {"row": 27, "col": 40, "elevation_m": 23.5, "low_elevation": false, "drain_deficiency": 0.329, "adjusted_score": 16.5}}, {"type": "Feature", "geometry": {"type": "Polygon", "coordinates": [[[174.81732920000002, -36.9759502], [174.81732920000002, -36.9750502], [174.81642920000002, -36.9750502], [174.81642920000002, -36.9759502], [174.81732920000002, -36.9759502]]]}, "properties": {"row": 27, "col": 41, "elevation_m": 22.9, "low_elevation": false, "drain_deficiency": 0.367, "adjusted_score": 18.3}}, {"type": "Feature", "geometry": {"type": "Polygon", "coordinates": [[[174.81822920000002, -36.9759502], [174.81822920000002, -36.9750502], [174.81732920000002, -36.9750502], [174.81732920000002, -36.9759502], [174.81822920000002, -36.9759502]]]}, "properties": {"row": 27, "col": 42, "elevation_m": 22.5, "low_elevation": false, "drain_deficiency": 0.617, "adjusted_score": 30.8}}, {"type": "Feature", "geometry": {"type": "Polygon", "coordinates": [[[174.81912920000002, -36.9759502], [174.81912920000002, -36.9750502], [174.81822920000002, -36.9750502], [174.81822920000002, -36.9759502], [174.81912920000002, -36.9759502]]]}, "properties": {"row": 27, "col": 43, "elevation_m": 21.5, "low_elevation": false, "drain_deficiency": 0.75, "adjusted_score": 37.5}}, {"type": "Feature", "geometry": {"type": "Polygon", "coordinates": [[[174.82002920000002, -36.9759502], [174.82002920000002, -36.9750502], [174.81912920000002, -36.9750502], [174.81912920000002, -36.9759502], [174.82002920000002, -36.9759502]]]}, "properties": {"row": 27, "col": 44, "elevation_m": 18.3, "low_elevation": false, "drain_deficiency": 0.625, "adjusted_score": 31.2}}, {"type": "Feature", "geometry": {"type": "Polygon", "coordinates": [[[174.78042920000001, -36.9768502], [174.78042920000001, -36.9759502], [174.7795292, -36.9759502], [174.7795292, -36.9768502], [174.78042920000001, -36.9768502]]]}, "properties": {"row": 28, "col": 0, "elevation_m": 12.1, "low_elevation": false, "drain_deficiency": 0.625, "adjusted_score": 31.2}}, {"type": "Feature", "geometry": {"type": "Polygon", "coordinates": [[[174.78132920000002, -36.9768502], [174.78132920000002, -36.9759502], [174.78042920000001, -36.9759502], [174.78042920000001, -36.9768502], [174.78132920000002, -36.9768502]]]}, "properties": {"row": 28, "col": 1, "elevation_m": 13.9, "low_elevation": false, "drain_deficiency": 0.625, "adjusted_score": 31.2}}, {"type": "Feature", "geometry": {"type": "Polygon", "coordinates": [[[174.78222920000002, -36.9768502], [174.78222920000002, -36.9759502], [174.78132920000002, -36.9759502], [174.78132920000002, -36.9768502], [174.78222920000002, -36.9768502]]]}, "properties": {"row": 28, "col": 2, "elevation_m": 13.2, "low_elevation": false, "drain_deficiency": 0.424, "adjusted_score": 21.2}}, {"type": "Feature", "geometry": {"type": "Polygon", "coordinates": [[[174.78312920000002, -36.9768502], [174.78312920000002, -36.9759502], [174.78222920000002, -36.9759502], [174.78222920000002, -36.9768502], [174.78312920000002, -36.9768502]]]}, "properties": {"row": 28, "col": 3, "elevation_m": 13.6, "low_elevation": false, "drain_deficiency": 0.625, "adjusted_score": 31.2}}, {"type": "Feature", "geometry": {"type": "Polygon", "coordinates": [[[174.78402920000002, -36.9768502], [174.78402920000002, -36.9759502], [174.78312920000002, -36.9759502], [174.78312920000002, -36.9768502], [174.78402920000002, -36.9768502]]]}, "properties": {"row": 28, "col": 4, "elevation_m": 13.3, "low_elevation": false, "drain_deficiency": 0.562, "adjusted_score": 28.1}}, {"type": "Feature", "geometry": {"type": "Polygon", "coordinates": [[[174.78492920000002, -36.9768502], [174.78492920000002, -36.9759502], [174.78402920000002, -36.9759502], [174.78402920000002, -36.9768502], [174.78492920000002, -36.9768502]]]}, "properties": {"row": 28, "col": 5, "elevation_m": 14.2, "low_elevation": false, "drain_deficiency": 0.25, "adjusted_score": 12.5}}, {"type": "Feature", "geometry": {"type": "Polygon", "coordinates": [[[174.78582920000002, -36.9768502], [174.78582920000002, -36.9759502], [174.78492920000002, -36.9759502], [174.78492920000002, -36.9768502], [174.78582920000002, -36.9768502]]]}, "properties": {"row": 28, "col": 6, "elevation_m": 15.3, "low_elevation": false, "drain_deficiency": 0.313, "adjusted_score": 15.6}}, {"type": "Feature", "geometry": {"type": "Polygon", "coordinates": [[[174.78672920000002, -36.9768502], [174.78672920000002, -36.9759502], [174.78582920000002, -36.9759502], [174.78582920000002, -36.9768502], [174.78672920000002, -36.9768502]]]}, "properties": {"row": 28, "col": 7, "elevation_m": 15.9, "low_elevation": false, "drain_deficiency": 0.611, "adjusted_score": 30.5}}, {"type": "Feature", "geometry": {"type": "Polygon", "coordinates": [[[174.78762920000003, -36.9768502], [174.78762920000003, -36.9759502], [174.78672920000002, -36.9759502], [174.78672920000002, -36.9768502], [174.78762920000003, -36.9768502]]]}, "properties": {"row": 28, "col": 8, "elevation_m": 15.6, "low_elevation": false, "drain_deficiency": 0.708, "adjusted_score": 35.4}}, {"type": "Feature", "geometry": {"type": "Polygon", "coordinates": [[[174.78852920000003, -36.9768502], [174.78852920000003, -36.9759502], [174.78762920000003, -36.9759502], [174.78762920000003, -36.9768502], [174.78852920000003, -36.9768502]]]}, "properties": {"row": 28, "col": 9, "elevation_m": 16.2, "low_elevation": false, "drain_deficiency": 0.625, "adjusted_score": 31.2}}, {"type": "Feature", "geometry": {"type": "Polygon", "coordinates": [[[174.7894292, -36.9768502], [174.7894292, -36.9759502], [174.7885292, -36.9759502], [174.7885292, -36.9768502], [174.7894292, -36.9768502]]]}, "properties": {"row": 28, "col": 10, "elevation_m": 16.6, "low_elevation": false, "drain_deficiency": 0.625, "adjusted_score": 31.2}}, {"type": "Feature", "geometry": {"type": "Polygon", "coordinates": [[[174.7903292, -36.9768502], [174.7903292, -36.9759502], [174.7894292, -36.9759502], [174.7894292, -36.9768502], [174.7903292, -36.9768502]]]}, "properties": {"row": 28, "col": 11, "elevation_m": 16.6, "low_elevation": false, "drain_deficiency": 0.625, "adjusted_score": 31.2}}, {"type": "Feature", "geometry": {"type": "Polygon", "coordinates": [[[174.7912292, -36.9768502], [174.7912292, -36.9759502], [174.7903292, -36.9759502], [174.7903292, -36.9768502], [174.7912292, -36.9768502]]]}, "properties": {"row": 28, "col": 12, "elevation_m": 16.3, "low_elevation": false, "drain_deficiency": 0.625, "adjusted_score": 31.2}}, {"type": "Feature", "geometry": {"type": "Polygon", "coordinates": [[[174.7921292, -36.9768502], [174.7921292, -36.9759502], [174.7912292, -36.9759502], [174.7912292, -36.9768502], [174.7921292, -36.9768502]]]}, "properties": {"row": 28, "col": 13, "elevation_m": 16.9, "low_elevation": false, "drain_deficiency": 0.75, "adjusted_score": 37.5}}, {"type": "Feature", "geometry": {"type": "Polygon", "coordinates": [[[174.7930292, -36.9768502], [174.7930292, -36.9759502], [174.7921292, -36.9759502], [174.7921292, -36.9768502], [174.7930292, -36.9768502]]]}, "properties": {"row": 28, "col": 14, "elevation_m": 15.4, "low_elevation": false, "drain_deficiency": 0.625, "adjusted_score": 31.2}}, {"type": "Feature", "geometry": {"type": "Polygon", "coordinates": [[[174.7939292, -36.9768502], [174.7939292, -36.9759502], [174.7930292, -36.9759502], [174.7930292, -36.9768502], [174.7939292, -36.9768502]]]}, "properties": {"row": 28, "col": 15, "elevation_m": 15.4, "low_elevation": false, "drain_deficiency": 0.625, "adjusted_score": 31.2}}, {"type": "Feature", "geometry": {"type": "Polygon", "coordinates": [[[174.7948292, -36.9768502], [174.7948292, -36.9759502], [174.7939292, -36.9759502], [174.7939292, -36.9768502], [174.7948292, -36.9768502]]]}, "properties": {"row": 28, "col": 16, "elevation_m": 16.3, "low_elevation": false, "drain_deficiency": 0.625, "adjusted_score": 31.2}}, {"type": "Feature", "geometry": {"type": "Polygon", "coordinates": [[[174.7957292, -36.9768502], [174.7957292, -36.9759502], [174.7948292, -36.9759502], [174.7948292, -36.9768502], [174.7957292, -36.9768502]]]}, "properties": {"row": 28, "col": 17, "elevation_m": 19.2, "low_elevation": false, "drain_deficiency": 0.625, "adjusted_score": 31.2}}, {"type": "Feature", "geometry": {"type": "Polygon", "coordinates": [[[174.7966292, -36.9768502], [174.7966292, -36.9759502], [174.7957292, -36.9759502], [174.7957292, -36.9768502], [174.7966292, -36.9768502]]]}, "properties": {"row": 28, "col": 18, "elevation_m": 19.5, "low_elevation": false, "drain_deficiency": 0.833, "adjusted_score": 41.7}}, {"type": "Feature", "geometry": {"type": "Polygon", "coordinates": [[[174.7975292, -36.9768502], [174.7975292, -36.9759502], [174.7966292, -36.9759502], [174.7966292, -36.9768502], [174.7975292, -36.9768502]]]}, "properties": {"row": 28, "col": 19, "elevation_m": 19.9, "low_elevation": false, "drain_deficiency": 0.5, "adjusted_score": 25.0}}, {"type": "Feature", "geometry": {"type": "Polygon", "coordinates": [[[174.79842920000002, -36.9768502], [174.79842920000002, -36.9759502], [174.7975292, -36.9759502], [174.7975292, -36.9768502], [174.79842920000002, -36.9768502]]]}, "properties": {"row": 28, "col": 20, "elevation_m": 20.9, "low_elevation": false, "drain_deficiency": 0.625, "adjusted_score": 31.2}}, {"type": "Feature", "geometry": {"type": "Polygon", "coordinates": [[[174.79932920000002, -36.9768502], [174.79932920000002, -36.9759502], [174.79842920000002, -36.9759502], [174.79842920000002, -36.9768502], [174.79932920000002, -36.9768502]]]}, "properties": {"row": 28, "col": 21, "elevation_m": 21.7, "low_elevation": false, "drain_deficiency": 0.625, "adjusted_score": 31.2}}, {"type": "Feature", "geometry": {"type": "Polygon", "coordinates": [[[174.80022920000002, -36.9768502], [174.80022920000002, -36.9759502], [174.79932920000002, -36.9759502], [174.79932920000002, -36.9768502], [174.80022920000002, -36.9768502]]]}, "properties": {"row": 28, "col": 22, "elevation_m": 20.7, "low_elevation": false, "drain_deficiency": 0.625, "adjusted_score": 31.2}}, {"type": "Feature", "geometry": {"type": "Polygon", "coordinates": [[[174.80112920000002, -36.9768502], [174.80112920000002, -36.9759502], [174.80022920000002, -36.9759502], [174.80022920000002, -36.9768502], [174.80112920000002, -36.9768502]]]}, "properties": {"row": 28, "col": 23, "elevation_m": 20.6, "low_elevation": false, "drain_deficiency": 0.75, "adjusted_score": 37.5}}, {"type": "Feature", "geometry": {"type": "Polygon", "coordinates": [[[174.80202920000002, -36.9768502], [174.80202920000002, -36.9759502], [174.80112920000002, -36.9759502], [174.80112920000002, -36.9768502], [174.80202920000002, -36.9768502]]]}, "properties": {"row": 28, "col": 24, "elevation_m": 20.1, "low_elevation": false, "drain_deficiency": 0.75, "adjusted_score": 37.5}}, {"type": "Feature", "geometry": {"type": "Polygon", "coordinates": [[[174.80292920000002, -36.9768502], [174.80292920000002, -36.9759502], [174.80202920000002, -36.9759502], [174.80202920000002, -36.9768502], [174.80292920000002, -36.9768502]]]}, "properties": {"row": 28, "col": 25, "elevation_m": 19.1, "low_elevation": false, "drain_deficiency": 0.75, "adjusted_score": 37.5}}, {"type": "Feature", "geometry": {"type": "Polygon", "coordinates": [[[174.80382920000002, -36.9768502], [174.80382920000002, -36.9759502], [174.80292920000002, -36.9759502], [174.80292920000002, -36.9768502], [174.80382920000002, -36.9768502]]]}, "properties": {"row": 28, "col": 26, "elevation_m": 16.9, "low_elevation": false, "drain_deficiency": 0.75, "adjusted_score": 37.5}}, {"type": "Feature", "geometry": {"type": "Polygon", "coordinates": [[[174.80472920000003, -36.9768502], [174.80472920000003, -36.9759502], [174.80382920000002, -36.9759502], [174.80382920000002, -36.9768502], [174.80472920000003, -36.9768502]]]}, "properties": {"row": 28, "col": 27, "elevation_m": 15.8, "low_elevation": false, "drain_deficiency": 0.625, "adjusted_score": 31.2}}, {"type": "Feature", "geometry": {"type": "Polygon", "coordinates": [[[174.80562920000003, -36.9768502], [174.80562920000003, -36.9759502], [174.80472920000003, -36.9759502], [174.80472920000003, -36.9768502], [174.80562920000003, -36.9768502]]]}, "properties": {"row": 28, "col": 28, "elevation_m": 14.8, "low_elevation": false, "drain_deficiency": 0.125, "adjusted_score": 6.2}}, {"type": "Feature", "geometry": {"type": "Polygon", "coordinates": [[[174.80652920000003, -36.9768502], [174.80652920000003, -36.9759502], [174.80562920000003, -36.9759502], [174.80562920000003, -36.9768502], [174.80652920000003, -36.9768502]]]}, "properties": {"row": 28, "col": 29, "elevation_m": 14.3, "low_elevation": false, "drain_deficiency": 0.293, "adjusted_score": 14.6}}, {"type": "Feature", "geometry": {"type": "Polygon", "coordinates": [[[174.8074292, -36.9768502], [174.8074292, -36.9759502], [174.8065292, -36.9759502], [174.8065292, -36.9768502], [174.8074292, -36.9768502]]]}, "properties": {"row": 28, "col": 30, "elevation_m": 14.5, "low_elevation": false, "drain_deficiency": 0.226, "adjusted_score": 11.3}}, {"type": "Feature", "geometry": {"type": "Polygon", "coordinates": [[[174.8083292, -36.9768502], [174.8083292, -36.9759502], [174.8074292, -36.9759502], [174.8074292, -36.9768502], [174.8083292, -36.9768502]]]}, "properties": {"row": 28, "col": 31, "elevation_m": 15.7, "low_elevation": false, "drain_deficiency": 0.625, "adjusted_score": 31.2}}, {"type": "Feature", "geometry": {"type": "Polygon", "coordinates": [[[174.8092292, -36.9768502], [174.8092292, -36.9759502], [174.8083292, -36.9759502], [174.8083292, -36.9768502], [174.8092292, -36.9768502]]]}, "properties": {"row": 28, "col": 32, "elevation_m": 19.0, "low_elevation": false, "drain_deficiency": 0.5, "adjusted_score": 25.0}}, {"type": "Feature", "geometry": {"type": "Polygon", "coordinates": [[[174.8101292, -36.9768502], [174.8101292, -36.9759502], [174.8092292, -36.9759502], [174.8092292, -36.9768502], [174.8101292, -36.9768502]]]}, "properties": {"row": 28, "col": 33, "elevation_m": 21.4, "low_elevation": false, "drain_deficiency": 0.625, "adjusted_score": 31.2}}, {"type": "Feature", "geometry": {"type": "Polygon", "coordinates": [[[174.8110292, -36.9768502], [174.8110292, -36.9759502], [174.8101292, -36.9759502], [174.8101292, -36.9768502], [174.8110292, -36.9768502]]]}, "properties": {"row": 28, "col": 34, "elevation_m": 21.6, "low_elevation": false, "drain_deficiency": 0.625, "adjusted_score": 31.2}}, {"type": "Feature", "geometry": {"type": "Polygon", "coordinates": [[[174.8119292, -36.9768502], [174.8119292, -36.9759502], [174.8110292, -36.9759502], [174.8110292, -36.9768502], [174.8119292, -36.9768502]]]}, "properties": {"row": 28, "col": 35, "elevation_m": 20.8, "low_elevation": false, "drain_deficiency": 0.625, "adjusted_score": 31.2}}, {"type": "Feature", "geometry": {"type": "Polygon", "coordinates": [[[174.8128292, -36.9768502], [174.8128292, -36.9759502], [174.8119292, -36.9759502], [174.8119292, -36.9768502], [174.8128292, -36.9768502]]]}, "properties": {"row": 28, "col": 36, "elevation_m": 21.1, "low_elevation": false, "drain_deficiency": 0.617, "adjusted_score": 30.8}}, {"type": "Feature", "geometry": {"type": "Polygon", "coordinates": [[[174.8137292, -36.9768502], [174.8137292, -36.9759502], [174.8128292, -36.9759502], [174.8128292, -36.9768502], [174.8137292, -36.9768502]]]}, "properties": {"row": 28, "col": 37, "elevation_m": 22.3, "low_elevation": false, "drain_deficiency": 0.5, "adjusted_score": 25.0}}, {"type": "Feature", "geometry": {"type": "Polygon", "coordinates": [[[174.8146292, -36.9768502], [174.8146292, -36.9759502], [174.8137292, -36.9759502], [174.8137292, -36.9768502], [174.8146292, -36.9768502]]]}, "properties": {"row": 28, "col": 38, "elevation_m": 22.6, "low_elevation": false, "drain_deficiency": 0.625, "adjusted_score": 31.2}}, {"type": "Feature", "geometry": {"type": "Polygon", "coordinates": [[[174.81552920000001, -36.9768502], [174.81552920000001, -36.9759502], [174.8146292, -36.9759502], [174.8146292, -36.9768502], [174.81552920000001, -36.9768502]]]}, "properties": {"row": 28, "col": 39, "elevation_m": 23.1, "low_elevation": false, "drain_deficiency": 0.625, "adjusted_score": 31.2}}, {"type": "Feature", "geometry": {"type": "Polygon", "coordinates": [[[174.81642920000002, -36.9768502], [174.81642920000002, -36.9759502], [174.81552920000001, -36.9759502], [174.81552920000001, -36.9768502], [174.81642920000002, -36.9768502]]]}, "properties": {"row": 28, "col": 40, "elevation_m": 23.6, "low_elevation": false, "drain_deficiency": 0.25, "adjusted_score": 12.5}}, {"type": "Feature", "geometry": {"type": "Polygon", "coordinates": [[[174.81732920000002, -36.9768502], [174.81732920000002, -36.9759502], [174.81642920000002, -36.9759502], [174.81642920000002, -36.9768502], [174.81732920000002, -36.9768502]]]}, "properties": {"row": 28, "col": 41, "elevation_m": 23.0, "low_elevation": false, "drain_deficiency": 0.023, "adjusted_score": 1.1}}, {"type": "Feature", "geometry": {"type": "Polygon", "coordinates": [[[174.81822920000002, -36.9768502], [174.81822920000002, -36.9759502], [174.81732920000002, -36.9759502], [174.81732920000002, -36.9768502], [174.81822920000002, -36.9768502]]]}, "properties": {"row": 28, "col": 42, "elevation_m": 22.4, "low_elevation": false, "drain_deficiency": 0.131, "adjusted_score": 6.5}}, {"type": "Feature", "geometry": {"type": "Polygon", "coordinates": [[[174.81912920000002, -36.9768502], [174.81912920000002, -36.9759502], [174.81822920000002, -36.9759502], [174.81822920000002, -36.9768502], [174.81912920000002, -36.9768502]]]}, "properties": {"row": 28, "col": 43, "elevation_m": 20.7, "low_elevation": false, "drain_deficiency": 0.509, "adjusted_score": 25.4}}, {"type": "Feature", "geometry": {"type": "Polygon", "coordinates": [[[174.82002920000002, -36.9768502], [174.82002920000002, -36.9759502], [174.81912920000002, -36.9759502], [174.81912920000002, -36.9768502], [174.82002920000002, -36.9768502]]]}, "properties": {"row": 28, "col": 44, "elevation_m": 18.0, "low_elevation": false, "drain_deficiency": 0.614, "adjusted_score": 30.7}}, {"type": "Feature", "geometry": {"type": "Polygon", "coordinates": [[[174.78042920000001, -36.9777502], [174.78042920000001, -36.9768502], [174.7795292, -36.9768502], [174.7795292, -36.9777502], [174.78042920000001, -36.9777502]]]}, "properties": {"row": 29, "col": 0, "elevation_m": 13.0, "low_elevation": false, "drain_deficiency": 0.5, "adjusted_score": 25.0}}, {"type": "Feature", "geometry": {"type": "Polygon", "coordinates": [[[174.78132920000002, -36.9777502], [174.78132920000002, -36.9768502], [174.78042920000001, -36.9768502], [174.78042920000001, -36.9777502], [174.78132920000002, -36.9777502]]]}, "properties": {"row": 29, "col": 1, "elevation_m": 13.2, "low_elevation": false, "drain_deficiency": 0.053, "adjusted_score": 2.7}}, {"type": "Feature", "geometry": {"type": "Polygon", "coordinates": [[[174.78222920000002, -36.9777502], [174.78222920000002, -36.9768502], [174.78132920000002, -36.9768502], [174.78132920000002, -36.9777502], [174.78222920000002, -36.9777502]]]}, "properties": {"row": 29, "col": 2, "elevation_m": 12.7, "low_elevation": false, "drain_deficiency": 0.625, "adjusted_score": 31.2}}, {"type": "Feature", "geometry": {"type": "Polygon", "coordinates": [[[174.78312920000002, -36.9777502], [174.78312920000002, -36.9768502], [174.78222920000002, -36.9768502], [174.78222920000002, -36.9777502], [174.78312920000002, -36.9777502]]]}, "properties": {"row": 29, "col": 3, "elevation_m": 15.5, "low_elevation": false, "drain_deficiency": 0.191, "adjusted_score": 9.5}}, {"type": "Feature", "geometry": {"type": "Polygon", "coordinates": [[[174.78402920000002, -36.9777502], [174.78402920000002, -36.9768502], [174.78312920000002, -36.9768502], [174.78312920000002, -36.9777502], [174.78402920000002, -36.9777502]]]}, "properties": {"row": 29, "col": 4, "elevation_m": 15.5, "low_elevation": false, "drain_deficiency": 0.291, "adjusted_score": 14.5}}, {"type": "Feature", "geometry": {"type": "Polygon", "coordinates": [[[174.78492920000002, -36.9777502], [174.78492920000002, -36.9768502], [174.78402920000002, -36.9768502], [174.78402920000002, -36.9777502], [174.78492920000002, -36.9777502]]]}, "properties": {"row": 29, "col": 5, "elevation_m": 15.9, "low_elevation": false, "drain_deficiency": 0.5, "adjusted_score": 25.0}}, {"type": "Feature", "geometry": {"type": "Polygon", "coordinates": [[[174.78582920000002, -36.9777502], [174.78582920000002, -36.9768502], [174.78492920000002, -36.9768502], [174.78492920000002, -36.9777502], [174.78582920000002, -36.9777502]]]}, "properties": {"row": 29, "col": 6, "elevation_m": 16.5, "low_elevation": false, "drain_deficiency": 0.25, "adjusted_score": 12.5}}, {"type": "Feature", "geometry": {"type": "Polygon", "coordinates": [[[174.78672920000002, -36.9777502], [174.78672920000002, -36.9768502], [174.78582920000002, -36.9768502], [174.78582920000002, -36.9777502], [174.78672920000002, -36.9777502]]]}, "properties": {"row": 29, "col": 7, "elevation_m": 16.2, "low_elevation": false, "drain_deficiency": 0.229, "adjusted_score": 11.4}}, {"type": "Feature", "geometry": {"type": "Polygon", "coordinates": [[[174.78762920000003, -36.9777502], [174.78762920000003, -36.9768502], [174.78672920000002, -36.9768502], [174.78672920000002, -36.9777502], [174.78762920000003, -36.9777502]]]}, "properties": {"row": 29, "col": 8, "elevation_m": 16.0, "low_elevation": false, "drain_deficiency": 0.625, "adjusted_score": 31.2}}, {"type": "Feature", "geometry": {"type": "Polygon", "coordinates": [[[174.78852920000003, -36.9777502], [174.78852920000003, -36.9768502], [174.78762920000003, -36.9768502], [174.78762920000003, -36.9777502], [174.78852920000003, -36.9777502]]]}, "properties": {"row": 29, "col": 9, "elevation_m": 17.0, "low_elevation": false, "drain_deficiency": 0.625, "adjusted_score": 31.2}}, {"type": "Feature", "geometry": {"type": "Polygon", "coordinates": [[[174.7894292, -36.9777502], [174.7894292, -36.9768502], [174.7885292, -36.9768502], [174.7885292, -36.9777502], [174.7894292, -36.9777502]]]}, "properties": {"row": 29, "col": 10, "elevation_m": 18.0, "low_elevation": false, "drain_deficiency": 0.625, "adjusted_score": 31.2}}, {"type": "Feature", "geometry": {"type": "Polygon", "coordinates": [[[174.7903292, -36.9777502], [174.7903292, -36.9768502], [174.7894292, -36.9768502], [174.7894292, -36.9777502], [174.7903292, -36.9777502]]]}, "properties": {"row": 29, "col": 11, "elevation_m": 17.3, "low_elevation": false, "drain_deficiency": 0.625, "adjusted_score": 31.2}}, {"type": "Feature", "geometry": {"type": "Polygon", "coordinates": [[[174.7912292, -36.9777502], [174.7912292, -36.9768502], [174.7903292, -36.9768502], [174.7903292, -36.9777502], [174.7912292, -36.9777502]]]}, "properties": {"row": 29, "col": 12, "elevation_m": 16.3, "low_elevation": false, "drain_deficiency": 0.625, "adjusted_score": 31.2}}, {"type": "Feature", "geometry": {"type": "Polygon", "coordinates": [[[174.7921292, -36.9777502], [174.7921292, -36.9768502], [174.7912292, -36.9768502], [174.7912292, -36.9777502], [174.7921292, -36.9777502]]]}, "properties": {"row": 29, "col": 13, "elevation_m": 16.5, "low_elevation": false, "drain_deficiency": 0.625, "adjusted_score": 31.2}}, {"type": "Feature", "geometry": {"type": "Polygon", "coordinates": [[[174.7930292, -36.9777502], [174.7930292, -36.9768502], [174.7921292, -36.9768502], [174.7921292, -36.9777502], [174.7930292, -36.9777502]]]}, "properties": {"row": 29, "col": 14, "elevation_m": 15.4, "low_elevation": false, "drain_deficiency": 0.625, "adjusted_score": 31.2}}, {"type": "Feature", "geometry": {"type": "Polygon", "coordinates": [[[174.7939292, -36.9777502], [174.7939292, -36.9768502], [174.7930292, -36.9768502], [174.7930292, -36.9777502], [174.7939292, -36.9777502]]]}, "properties": {"row": 29, "col": 15, "elevation_m": 14.2, "low_elevation": false, "drain_deficiency": 0.802, "adjusted_score": 40.1}}, {"type": "Feature", "geometry": {"type": "Polygon", "coordinates": [[[174.7948292, -36.9777502], [174.7948292, -36.9768502], [174.7939292, -36.9768502], [174.7939292, -36.9777502], [174.7948292, -36.9777502]]]}, "properties": {"row": 29, "col": 16, "elevation_m": 15.0, "low_elevation": false, "drain_deficiency": 0.978, "adjusted_score": 48.9}}, {"type": "Feature", "geometry": {"type": "Polygon", "coordinates": [[[174.7957292, -36.9777502], [174.7957292, -36.9768502], [174.7948292, -36.9768502], [174.7948292, -36.9777502], [174.7957292, -36.9777502]]]}, "properties": {"row": 29, "col": 17, "elevation_m": 16.9, "low_elevation": false, "drain_deficiency": 0.75, "adjusted_score": 37.5}}, {"type": "Feature", "geometry": {"type": "Polygon", "coordinates": [[[174.7966292, -36.9777502], [174.7966292, -36.9768502], [174.7957292, -36.9768502], [174.7957292, -36.9777502], [174.7966292, -36.9777502]]]}, "properties": {"row": 29, "col": 18, "elevation_m": 15.8, "low_elevation": false, "drain_deficiency": 0.5, "adjusted_score": 25.0}}, {"type": "Feature", "geometry": {"type": "Polygon", "coordinates": [[[174.7975292, -36.9777502], [174.7975292, -36.9768502], [174.7966292, -36.9768502], [174.7966292, -36.9777502], [174.7975292, -36.9777502]]]}, "properties": {"row": 29, "col": 19, "elevation_m": 17.9, "low_elevation": false, "drain_deficiency": 0.625, "adjusted_score": 31.2}}, {"type": "Feature", "geometry": {"type": "Polygon", "coordinates": [[[174.79842920000002, -36.9777502], [174.79842920000002, -36.9768502], [174.7975292, -36.9768502], [174.7975292, -36.9777502], [174.79842920000002, -36.9777502]]]}, "properties": {"row": 29, "col": 20, "elevation_m": 18.9, "low_elevation": false, "drain_deficiency": 0.75, "adjusted_score": 37.5}}, {"type": "Feature", "geometry": {"type": "Polygon", "coordinates": [[[174.79932920000002, -36.9777502], [174.79932920000002, -36.9768502], [174.79842920000002, -36.9768502], [174.79842920000002, -36.9777502], [174.79932920000002, -36.9777502]]]}, "properties": {"row": 29, "col": 21, "elevation_m": 19.3, "low_elevation": false, "drain_deficiency": 0.625, "adjusted_score": 31.2}}, {"type": "Feature", "geometry": {"type": "Polygon", "coordinates": [[[174.80022920000002, -36.9777502], [174.80022920000002, -36.9768502], [174.79932920000002, -36.9768502], [174.79932920000002, -36.9777502], [174.80022920000002, -36.9777502]]]}, "properties": {"row": 29, "col": 22, "elevation_m": 19.2, "low_elevation": false, "drain_deficiency": 0.625, "adjusted_score": 31.2}}, {"type": "Feature", "geometry": {"type": "Polygon", "coordinates": [[[174.80112920000002, -36.9777502], [174.80112920000002, -36.9768502], [174.80022920000002, -36.9768502], [174.80022920000002, -36.9777502], [174.80112920000002, -36.9777502]]]}, "properties": {"row": 29, "col": 23, "elevation_m": 18.5, "low_elevation": false, "drain_deficiency": 0.75, "adjusted_score": 37.5}}, {"type": "Feature", "geometry": {"type": "Polygon", "coordinates": [[[174.80202920000002, -36.9777502], [174.80202920000002, -36.9768502], [174.80112920000002, -36.9768502], [174.80112920000002, -36.9777502], [174.80202920000002, -36.9777502]]]}, "properties": {"row": 29, "col": 24, "elevation_m": 18.4, "low_elevation": false, "drain_deficiency": 0.625, "adjusted_score": 31.2}}, {"type": "Feature", "geometry": {"type": "Polygon", "coordinates": [[[174.80292920000002, -36.9777502], [174.80292920000002, -36.9768502], [174.80202920000002, -36.9768502], [174.80202920000002, -36.9777502], [174.80292920000002, -36.9777502]]]}, "properties": {"row": 29, "col": 25, "elevation_m": 19.4, "low_elevation": false, "drain_deficiency": 0.625, "adjusted_score": 31.2}}, {"type": "Feature", "geometry": {"type": "Polygon", "coordinates": [[[174.80382920000002, -36.9777502], [174.80382920000002, -36.9768502], [174.80292920000002, -36.9768502], [174.80292920000002, -36.9777502], [174.80382920000002, -36.9777502]]]}, "properties": {"row": 29, "col": 26, "elevation_m": 19.2, "low_elevation": false, "drain_deficiency": 0.625, "adjusted_score": 31.2}}, {"type": "Feature", "geometry": {"type": "Polygon", "coordinates": [[[174.80472920000003, -36.9777502], [174.80472920000003, -36.9768502], [174.80382920000002, -36.9768502], [174.80382920000002, -36.9777502], [174.80472920000003, -36.9777502]]]}, "properties": {"row": 29, "col": 27, "elevation_m": 18.2, "low_elevation": false, "drain_deficiency": 0.625, "adjusted_score": 31.2}}, {"type": "Feature", "geometry": {"type": "Polygon", "coordinates": [[[174.80562920000003, -36.9777502], [174.80562920000003, -36.9768502], [174.80472920000003, -36.9768502], [174.80472920000003, -36.9777502], [174.80562920000003, -36.9777502]]]}, "properties": {"row": 29, "col": 28, "elevation_m": 16.8, "low_elevation": false, "drain_deficiency": 0.375, "adjusted_score": 18.8}}, {"type": "Feature", "geometry": {"type": "Polygon", "coordinates": [[[174.80652920000003, -36.9777502], [174.80652920000003, -36.9768502], [174.80562920000003, -36.9768502], [174.80562920000003, -36.9777502], [174.80652920000003, -36.9777502]]]}, "properties": {"row": 29, "col": 29, "elevation_m": 17.1, "low_elevation": false, "drain_deficiency": 0.75, "adjusted_score": 37.5}}, {"type": "Feature", "geometry": {"type": "Polygon", "coordinates": [[[174.8074292, -36.9777502], [174.8074292, -36.9768502], [174.8065292, -36.9768502], [174.8065292, -36.9777502], [174.8074292, -36.9777502]]]}, "properties": {"row": 29, "col": 30, "elevation_m": 17.3, "low_elevation": false, "drain_deficiency": 0.75, "adjusted_score": 37.5}}, {"type": "Feature", "geometry": {"type": "Polygon", "coordinates": [[[174.8083292, -36.9777502], [174.8083292, -36.9768502], [174.8074292, -36.9768502], [174.8074292, -36.9777502], [174.8083292, -36.9777502]]]}, "properties": {"row": 29, "col": 31, "elevation_m": 18.1, "low_elevation": false, "drain_deficiency": 0.375, "adjusted_score": 18.8}}, {"type": "Feature", "geometry": {"type": "Polygon", "coordinates": [[[174.8092292, -36.9777502], [174.8092292, -36.9768502], [174.8083292, -36.9768502], [174.8083292, -36.9777502], [174.8092292, -36.9777502]]]}, "properties": {"row": 29, "col": 32, "elevation_m": 21.2, "low_elevation": false, "drain_deficiency": 0.75, "adjusted_score": 37.5}}, {"type": "Feature", "geometry": {"type": "Polygon", "coordinates": [[[174.8101292, -36.9777502], [174.8101292, -36.9768502], [174.8092292, -36.9768502], [174.8092292, -36.9777502], [174.8101292, -36.9777502]]]}, "properties": {"row": 29, "col": 33, "elevation_m": 23.4, "low_elevation": false, "drain_deficiency": 0.617, "adjusted_score": 30.8}}, {"type": "Feature", "geometry": {"type": "Polygon", "coordinates": [[[174.8110292, -36.9777502], [174.8110292, -36.9768502], [174.8101292, -36.9768502], [174.8101292, -36.9777502], [174.8110292, -36.9777502]]]}, "properties": {"row": 29, "col": 34, "elevation_m": 24.9, "low_elevation": false, "drain_deficiency": 0.75, "adjusted_score": 37.5}}, {"type": "Feature", "geometry": {"type": "Polygon", "coordinates": [[[174.8119292, -36.9777502], [174.8119292, -36.9768502], [174.8110292, -36.9768502], [174.8110292, -36.9777502], [174.8119292, -36.9777502]]]}, "properties": {"row": 29, "col": 35, "elevation_m": 25.9, "low_elevation": false, "drain_deficiency": 0.75, "adjusted_score": 37.5}}, {"type": "Feature", "geometry": {"type": "Polygon", "coordinates": [[[174.8128292, -36.9777502], [174.8128292, -36.9768502], [174.8119292, -36.9768502], [174.8119292, -36.9777502], [174.8128292, -36.9777502]]]}, "properties": {"row": 29, "col": 36, "elevation_m": 27.1, "low_elevation": false, "drain_deficiency": 0.75, "adjusted_score": 37.5}}, {"type": "Feature", "geometry": {"type": "Polygon", "coordinates": [[[174.8137292, -36.9777502], [174.8137292, -36.9768502], [174.8128292, -36.9768502], [174.8128292, -36.9777502], [174.8137292, -36.9777502]]]}, "properties": {"row": 29, "col": 37, "elevation_m": 26.9, "low_elevation": false, "drain_deficiency": 0.625, "adjusted_score": 31.2}}, {"type": "Feature", "geometry": {"type": "Polygon", "coordinates": [[[174.8146292, -36.9777502], [174.8146292, -36.9768502], [174.8137292, -36.9768502], [174.8137292, -36.9777502], [174.8146292, -36.9777502]]]}, "properties": {"row": 29, "col": 38, "elevation_m": 27.1, "low_elevation": false, "drain_deficiency": 0.75, "adjusted_score": 37.5}}, {"type": "Feature", "geometry": {"type": "Polygon", "coordinates": [[[174.81552920000001, -36.9777502], [174.81552920000001, -36.9768502], [174.8146292, -36.9768502], [174.8146292, -36.9777502], [174.81552920000001, -36.9777502]]]}, "properties": {"row": 29, "col": 39, "elevation_m": 25.6, "low_elevation": false, "drain_deficiency": 0.5, "adjusted_score": 25.0}}, {"type": "Feature", "geometry": {"type": "Polygon", "coordinates": [[[174.81642920000002, -36.9777502], [174.81642920000002, -36.9768502], [174.81552920000001, -36.9768502], [174.81552920000001, -36.9777502], [174.81642920000002, -36.9777502]]]}, "properties": {"row": 29, "col": 40, "elevation_m": 24.7, "low_elevation": false, "drain_deficiency": 0.25, "adjusted_score": 12.5}}, {"type": "Feature", "geometry": {"type": "Polygon", "coordinates": [[[174.81732920000002, -36.9777502], [174.81732920000002, -36.9768502], [174.81642920000002, -36.9768502], [174.81642920000002, -36.9777502], [174.81732920000002, -36.9777502]]]}, "properties": {"row": 29, "col": 41, "elevation_m": 23.5, "low_elevation": false, "drain_deficiency": 0.5, "adjusted_score": 25.0}}, {"type": "Feature", "geometry": {"type": "Polygon", "coordinates": [[[174.81822920000002, -36.9777502], [174.81822920000002, -36.9768502], [174.81732920000002, -36.9768502], [174.81732920000002, -36.9777502], [174.81822920000002, -36.9777502]]]}, "properties": {"row": 29, "col": 42, "elevation_m": 20.6, "low_elevation": false, "drain_deficiency": 0.5, "adjusted_score": 25.0}}, {"type": "Feature", "geometry": {"type": "Polygon", "coordinates": [[[174.81912920000002, -36.9777502], [174.81912920000002, -36.9768502], [174.81822920000002, -36.9768502], [174.81822920000002, -36.9777502], [174.81912920000002, -36.9777502]]]}, "properties": {"row": 29, "col": 43, "elevation_m": 18.6, "low_elevation": false, "drain_deficiency": 0.5, "adjusted_score": 25.0}}, {"type": "Feature", "geometry": {"type": "Polygon", "coordinates": [[[174.82002920000002, -36.9777502], [174.82002920000002, -36.9768502], [174.81912920000002, -36.9768502], [174.81912920000002, -36.9777502], [174.82002920000002, -36.9777502]]]}, "properties": {"row": 29, "col": 44, "elevation_m": 16.6, "low_elevation": false, "drain_deficiency": 0.5, "adjusted_score": 25.0}}, {"type": "Feature", "geometry": {"type": "Polygon", "coordinates": [[[174.78042920000001, -36.978650200000004], [174.78042920000001, -36.9777502], [174.7795292, -36.9777502], [174.7795292, -36.978650200000004], [174.78042920000001, -36.978650200000004]]]}, "properties": {"row": 30, "col": 0, "elevation_m": 11.9, "low_elevation": false, "drain_deficiency": 0.092, "adjusted_score": 4.6}}, {"type": "Feature", "geometry": {"type": "Polygon", "coordinates": [[[174.78132920000002, -36.978650200000004], [174.78132920000002, -36.9777502], [174.78042920000001, -36.9777502], [174.78042920000001, -36.978650200000004], [174.78132920000002, -36.978650200000004]]]}, "properties": {"row": 30, "col": 1, "elevation_m": 12.2, "low_elevation": false, "drain_deficiency": 0.375, "adjusted_score": 18.8}}, {"type": "Feature", "geometry": {"type": "Polygon", "coordinates": [[[174.78222920000002, -36.978650200000004], [174.78222920000002, -36.9777502], [174.78132920000002, -36.9777502], [174.78132920000002, -36.978650200000004], [174.78222920000002, -36.978650200000004]]]}, "properties": {"row": 30, "col": 2, "elevation_m": 13.7, "low_elevation": false, "drain_deficiency": 0.375, "adjusted_score": 18.8}}, {"type": "Feature", "geometry": {"type": "Polygon", "coordinates": [[[174.78312920000002, -36.978650200000004], [174.78312920000002, -36.9777502], [174.78222920000002, -36.9777502], [174.78222920000002, -36.978650200000004], [174.78312920000002, -36.978650200000004]]]}, "properties": {"row": 30, "col": 3, "elevation_m": 15.6, "low_elevation": false, "drain_deficiency": 0.625, "adjusted_score": 31.2}}, {"type": "Feature", "geometry": {"type": "Polygon", "coordinates": [[[174.78402920000002, -36.978650200000004], [174.78402920000002, -36.9777502], [174.78312920000002, -36.9777502], [174.78312920000002, -36.978650200000004], [174.78402920000002, -36.978650200000004]]]}, "properties": {"row": 30, "col": 4, "elevation_m": 15.7, "low_elevation": false, "drain_deficiency": 0.291, "adjusted_score": 14.6}}, {"type": "Feature", "geometry": {"type": "Polygon", "coordinates": [[[174.78492920000002, -36.978650200000004], [174.78492920000002, -36.9777502], [174.78402920000002, -36.9777502], [174.78402920000002, -36.978650200000004], [174.78492920000002, -36.978650200000004]]]}, "properties": {"row": 30, "col": 5, "elevation_m": 15.0, "low_elevation": false, "drain_deficiency": 0.375, "adjusted_score": 18.8}}, {"type": "Feature", "geometry": {"type": "Polygon", "coordinates": [[[174.78582920000002, -36.978650200000004], [174.78582920000002, -36.9777502], [174.78492920000002, -36.9777502], [174.78492920000002, -36.978650200000004], [174.78582920000002, -36.978650200000004]]]}, "properties": {"row": 30, "col": 6, "elevation_m": 17.0, "low_elevation": false, "drain_deficiency": 0.375, "adjusted_score": 18.8}}, {"type": "Feature", "geometry": {"type": "Polygon", "coordinates": [[[174.78672920000002, -36.978650200000004], [174.78672920000002, -36.9777502], [174.78582920000002, -36.9777502], [174.78582920000002, -36.978650200000004], [174.78672920000002, -36.978650200000004]]]}, "properties": {"row": 30, "col": 7, "elevation_m": 16.2, "low_elevation": false, "drain_deficiency": 0.625, "adjusted_score": 31.2}}, {"type": "Feature", "geometry": {"type": "Polygon", "coordinates": [[[174.78762920000003, -36.978650200000004], [174.78762920000003, -36.9777502], [174.78672920000002, -36.9777502], [174.78672920000002, -36.978650200000004], [174.78762920000003, -36.978650200000004]]]}, "properties": {"row": 30, "col": 8, "elevation_m": 16.4, "low_elevation": false, "drain_deficiency": 0.625, "adjusted_score": 31.2}}, {"type": "Feature", "geometry": {"type": "Polygon", "coordinates": [[[174.78852920000003, -36.978650200000004], [174.78852920000003, -36.9777502], [174.78762920000003, -36.9777502], [174.78762920000003, -36.978650200000004], [174.78852920000003, -36.978650200000004]]]}, "properties": {"row": 30, "col": 9, "elevation_m": 16.9, "low_elevation": false, "drain_deficiency": 0.625, "adjusted_score": 31.2}}, {"type": "Feature", "geometry": {"type": "Polygon", "coordinates": [[[174.7894292, -36.978650200000004], [174.7894292, -36.9777502], [174.7885292, -36.9777502], [174.7885292, -36.978650200000004], [174.7894292, -36.978650200000004]]]}, "properties": {"row": 30, "col": 10, "elevation_m": 16.9, "low_elevation": false, "drain_deficiency": 0.625, "adjusted_score": 31.2}}, {"type": "Feature", "geometry": {"type": "Polygon", "coordinates": [[[174.7903292, -36.978650200000004], [174.7903292, -36.9777502], [174.7894292, -36.9777502], [174.7894292, -36.978650200000004], [174.7903292, -36.978650200000004]]]}, "properties": {"row": 30, "col": 11, "elevation_m": 17.1, "low_elevation": false, "drain_deficiency": 0.625, "adjusted_score": 31.2}}, {"type": "Feature", "geometry": {"type": "Polygon", "coordinates": [[[174.7912292, -36.978650200000004], [174.7912292, -36.9777502], [174.7903292, -36.9777502], [174.7903292, -36.978650200000004], [174.7912292, -36.978650200000004]]]}, "properties": {"row": 30, "col": 12, "elevation_m": 17.3, "low_elevation": false, "drain_deficiency": 0.625, "adjusted_score": 31.2}}, {"type": "Feature", "geometry": {"type": "Polygon", "coordinates": [[[174.7921292, -36.978650200000004], [174.7921292, -36.9777502], [174.7912292, -36.9777502], [174.7912292, -36.978650200000004], [174.7921292, -36.978650200000004]]]}, "properties": {"row": 30, "col": 13, "elevation_m": 16.0, "low_elevation": false, "drain_deficiency": 0.375, "adjusted_score": 18.8}}, {"type": "Feature", "geometry": {"type": "Polygon", "coordinates": [[[174.7930292, -36.978650200000004], [174.7930292, -36.9777502], [174.7921292, -36.9777502], [174.7921292, -36.978650200000004], [174.7930292, -36.978650200000004]]]}, "properties": {"row": 30, "col": 14, "elevation_m": 14.0, "low_elevation": false, "drain_deficiency": 0.25, "adjusted_score": 12.5}}, {"type": "Feature", "geometry": {"type": "Polygon", "coordinates": [[[174.7939292, -36.978650200000004], [174.7939292, -36.9777502], [174.7930292, -36.9777502], [174.7930292, -36.978650200000004], [174.7939292, -36.978650200000004]]]}, "properties": {"row": 30, "col": 15, "elevation_m": 13.2, "low_elevation": false, "drain_deficiency": 0.25, "adjusted_score": 12.5}}, {"type": "Feature", "geometry": {"type": "Polygon", "coordinates": [[[174.7948292, -36.978650200000004], [174.7948292, -36.9777502], [174.7939292, -36.9777502], [174.7939292, -36.978650200000004], [174.7948292, -36.978650200000004]]]}, "properties": {"row": 30, "col": 16, "elevation_m": 13.3, "low_elevation": false, "drain_deficiency": 0.627, "adjusted_score": 31.4}}, {"type": "Feature", "geometry": {"type": "Polygon", "coordinates": [[[174.7957292, -36.978650200000004], [174.7957292, -36.9777502], [174.7948292, -36.9777502], [174.7948292, -36.978650200000004], [174.7957292, -36.978650200000004]]]}, "properties": {"row": 30, "col": 17, "elevation_m": 13.6, "low_elevation": false, "drain_deficiency": 0.75, "adjusted_score": 37.5}}, {"type": "Feature", "geometry": {"type": "Polygon", "coordinates": [[[174.7966292, -36.978650200000004], [174.7966292, -36.9777502], [174.7957292, -36.9777502], [174.7957292, -36.978650200000004], [174.7966292, -36.978650200000004]]]}, "properties": {"row": 30, "col": 18, "elevation_m": 13.3, "low_elevation": false, "drain_deficiency": 0.75, "adjusted_score": 37.5}}, {"type": "Feature", "geometry": {"type": "Polygon", "coordinates": [[[174.7975292, -36.978650200000004], [174.7975292, -36.9777502], [174.7966292, -36.9777502], [174.7966292, -36.978650200000004], [174.7975292, -36.978650200000004]]]}, "properties": {"row": 30, "col": 19, "elevation_m": 13.5, "low_elevation": false, "drain_deficiency": 0.375, "adjusted_score": 18.8}}, {"type": "Feature", "geometry": {"type": "Polygon", "coordinates": [[[174.79842920000002, -36.978650200000004], [174.79842920000002, -36.9777502], [174.7975292, -36.9777502], [174.7975292, -36.978650200000004], [174.79842920000002, -36.978650200000004]]]}, "properties": {"row": 30, "col": 20, "elevation_m": 13.7, "low_elevation": false, "drain_deficiency": 0.625, "adjusted_score": 31.2}}, {"type": "Feature", "geometry": {"type": "Polygon", "coordinates": [[[174.79932920000002, -36.978650200000004], [174.79932920000002, -36.9777502], [174.79842920000002, -36.9777502], [174.79842920000002, -36.978650200000004], [174.79932920000002, -36.978650200000004]]]}, "properties": {"row": 30, "col": 21, "elevation_m": 14.9, "low_elevation": false, "drain_deficiency": 0.75, "adjusted_score": 37.5}}, {"type": "Feature", "geometry": {"type": "Polygon", "coordinates": [[[174.80022920000002, -36.978650200000004], [174.80022920000002, -36.9777502], [174.79932920000002, -36.9777502], [174.79932920000002, -36.978650200000004], [174.80022920000002, -36.978650200000004]]]}, "properties": {"row": 30, "col": 22, "elevation_m": 16.2, "low_elevation": false, "drain_deficiency": 0.625, "adjusted_score": 31.2}}, {"type": "Feature", "geometry": {"type": "Polygon", "coordinates": [[[174.80112920000002, -36.978650200000004], [174.80112920000002, -36.9777502], [174.80022920000002, -36.9777502], [174.80022920000002, -36.978650200000004], [174.80112920000002, -36.978650200000004]]]}, "properties": {"row": 30, "col": 23, "elevation_m": 15.0, "low_elevation": false, "drain_deficiency": 0.25, "adjusted_score": 12.5}}, {"type": "Feature", "geometry": {"type": "Polygon", "coordinates": [[[174.80202920000002, -36.978650200000004], [174.80202920000002, -36.9777502], [174.80112920000002, -36.9777502], [174.80112920000002, -36.978650200000004], [174.80202920000002, -36.978650200000004]]]}, "properties": {"row": 30, "col": 24, "elevation_m": 15.0, "low_elevation": false, "drain_deficiency": 0.5, "adjusted_score": 25.0}}, {"type": "Feature", "geometry": {"type": "Polygon", "coordinates": [[[174.80292920000002, -36.978650200000004], [174.80292920000002, -36.9777502], [174.80202920000002, -36.9777502], [174.80202920000002, -36.978650200000004], [174.80292920000002, -36.978650200000004]]]}, "properties": {"row": 30, "col": 25, "elevation_m": 17.3, "low_elevation": false, "drain_deficiency": 0.75, "adjusted_score": 37.5}}, {"type": "Feature", "geometry": {"type": "Polygon", "coordinates": [[[174.80382920000002, -36.978650200000004], [174.80382920000002, -36.9777502], [174.80292920000002, -36.9777502], [174.80292920000002, -36.978650200000004], [174.80382920000002, -36.978650200000004]]]}, "properties": {"row": 30, "col": 26, "elevation_m": 20.4, "low_elevation": false, "drain_deficiency": 0.75, "adjusted_score": 37.5}}, {"type": "Feature", "geometry": {"type": "Polygon", "coordinates": [[[174.80472920000003, -36.978650200000004], [174.80472920000003, -36.9777502], [174.80382920000002, -36.9777502], [174.80382920000002, -36.978650200000004], [174.80472920000003, -36.978650200000004]]]}, "properties": {"row": 30, "col": 27, "elevation_m": 22.4, "low_elevation": false, "drain_deficiency": 0.625, "adjusted_score": 31.2}}, {"type": "Feature", "geometry": {"type": "Polygon", "coordinates": [[[174.80562920000003, -36.978650200000004], [174.80562920000003, -36.9777502], [174.80472920000003, -36.9777502], [174.80472920000003, -36.978650200000004], [174.80562920000003, -36.978650200000004]]]}, "properties": {"row": 30, "col": 28, "elevation_m": 21.7, "low_elevation": false, "drain_deficiency": 0.625, "adjusted_score": 31.2}}, {"type": "Feature", "geometry": {"type": "Polygon", "coordinates": [[[174.80652920000003, -36.978650200000004], [174.80652920000003, -36.9777502], [174.80562920000003, -36.9777502], [174.80562920000003, -36.978650200000004], [174.80652920000003, -36.978650200000004]]]}, "properties": {"row": 30, "col": 29, "elevation_m": 22.1, "low_elevation": false, "drain_deficiency": 0.5, "adjusted_score": 25.0}}, {"type": "Feature", "geometry": {"type": "Polygon", "coordinates": [[[174.8074292, -36.978650200000004], [174.8074292, -36.9777502], [174.8065292, -36.9777502], [174.8065292, -36.978650200000004], [174.8074292, -36.978650200000004]]]}, "properties": {"row": 30, "col": 30, "elevation_m": 24.0, "low_elevation": false, "drain_deficiency": 0.212, "adjusted_score": 10.6}}, {"type": "Feature", "geometry": {"type": "Polygon", "coordinates": [[[174.8083292, -36.978650200000004], [174.8083292, -36.9777502], [174.8074292, -36.9777502], [174.8074292, -36.978650200000004], [174.8083292, -36.978650200000004]]]}, "properties": {"row": 30, "col": 31, "elevation_m": 25.1, "low_elevation": false, "drain_deficiency": 0.625, "adjusted_score": 31.2}}, {"type": "Feature", "geometry": {"type": "Polygon", "coordinates": [[[174.8092292, -36.978650200000004], [174.8092292, -36.9777502], [174.8083292, -36.9777502], [174.8083292, -36.978650200000004], [174.8092292, -36.978650200000004]]]}, "properties": {"row": 30, "col": 32, "elevation_m": 26.5, "low_elevation": false, "drain_deficiency": 0.625, "adjusted_score": 31.2}}, {"type": "Feature", "geometry": {"type": "Polygon", "coordinates": [[[174.8101292, -36.978650200000004], [174.8101292, -36.9777502], [174.8092292, -36.9777502], [174.8092292, -36.978650200000004], [174.8101292, -36.978650200000004]]]}, "properties": {"row": 30, "col": 33, "elevation_m": 28.4, "low_elevation": false, "drain_deficiency": 0.617, "adjusted_score": 30.8}}, {"type": "Feature", "geometry": {"type": "Polygon", "coordinates": [[[174.8110292, -36.978650200000004], [174.8110292, -36.9777502], [174.8101292, -36.9777502], [174.8101292, -36.978650200000004], [174.8110292, -36.978650200000004]]]}, "properties": {"row": 30, "col": 34, "elevation_m": 30.9, "low_elevation": false, "drain_deficiency": 0.617, "adjusted_score": 30.8}}, {"type": "Feature", "geometry": {"type": "Polygon", "coordinates": [[[174.8119292, -36.978650200000004], [174.8119292, -36.9777502], [174.8110292, -36.9777502], [174.8110292, -36.978650200000004], [174.8119292, -36.978650200000004]]]}, "properties": {"row": 30, "col": 35, "elevation_m": 34.0, "low_elevation": false, "drain_deficiency": 0.863, "adjusted_score": 43.2}}, {"type": "Feature", "geometry": {"type": "Polygon", "coordinates": [[[174.8128292, -36.978650200000004], [174.8128292, -36.9777502], [174.8119292, -36.9777502], [174.8119292, -36.978650200000004], [174.8128292, -36.978650200000004]]]}, "properties": {"row": 30, "col": 36, "elevation_m": 32.4, "low_elevation": false, "drain_deficiency": 0.75, "adjusted_score": 37.5}}, {"type": "Feature", "geometry": {"type": "Polygon", "coordinates": [[[174.8137292, -36.978650200000004], [174.8137292, -36.9777502], [174.8128292, -36.9777502], [174.8128292, -36.978650200000004], [174.8137292, -36.978650200000004]]]}, "properties": {"row": 30, "col": 37, "elevation_m": 28.9, "low_elevation": false, "drain_deficiency": 0.75, "adjusted_score": 37.5}}, {"type": "Feature", "geometry": {"type": "Polygon", "coordinates": [[[174.8146292, -36.978650200000004], [174.8146292, -36.9777502], [174.8137292, -36.9777502], [174.8137292, -36.978650200000004], [174.8146292, -36.978650200000004]]]}, "properties": {"row": 30, "col": 38, "elevation_m": 28.1, "low_elevation": false, "drain_deficiency": 0.75, "adjusted_score": 37.5}}, {"type": "Feature", "geometry": {"type": "Polygon", "coordinates": [[[174.81552920000001, -36.978650200000004], [174.81552920000001, -36.9777502], [174.8146292, -36.9777502], [174.8146292, -36.978650200000004], [174.81552920000001, -36.978650200000004]]]}, "properties": {"row": 30, "col": 39, "elevation_m": 27.7, "low_elevation": false, "drain_deficiency": 0.625, "adjusted_score": 31.2}}, {"type": "Feature", "geometry": {"type": "Polygon", "coordinates": [[[174.81642920000002, -36.978650200000004], [174.81642920000002, -36.9777502], [174.81552920000001, -36.9777502], [174.81552920000001, -36.978650200000004], [174.81642920000002, -36.978650200000004]]]}, "properties": {"row": 30, "col": 40, "elevation_m": 26.2, "low_elevation": false, "drain_deficiency": 0.5, "adjusted_score": 25.0}}, {"type": "Feature", "geometry": {"type": "Polygon", "coordinates": [[[174.81732920000002, -36.978650200000004], [174.81732920000002, -36.9777502], [174.81642920000002, -36.9777502], [174.81642920000002, -36.978650200000004], [174.81732920000002, -36.978650200000004]]]}, "properties": {"row": 30, "col": 41, "elevation_m": 25.0, "low_elevation": false, "drain_deficiency": 0.557, "adjusted_score": 27.9}}, {"type": "Feature", "geometry": {"type": "Polygon", "coordinates": [[[174.81822920000002, -36.978650200000004], [174.81822920000002, -36.9777502], [174.81732920000002, -36.9777502], [174.81732920000002, -36.978650200000004], [174.81822920000002, -36.978650200000004]]]}, "properties": {"row": 30, "col": 42, "elevation_m": 25.3, "low_elevation": false, "drain_deficiency": 0.964, "adjusted_score": 48.2}}, {"type": "Feature", "geometry": {"type": "Polygon", "coordinates": [[[174.81912920000002, -36.978650200000004], [174.81912920000002, -36.9777502], [174.81822920000002, -36.9777502], [174.81822920000002, -36.978650200000004], [174.81912920000002, -36.978650200000004]]]}, "properties": {"row": 30, "col": 43, "elevation_m": 19.9, "low_elevation": false, "drain_deficiency": 0.674, "adjusted_score": 33.7}}, {"type": "Feature", "geometry": {"type": "Polygon", "coordinates": [[[174.82002920000002, -36.978650200000004], [174.82002920000002, -36.9777502], [174.81912920000002, -36.9777502], [174.81912920000002, -36.978650200000004], [174.82002920000002, -36.978650200000004]]]}, "properties": {"row": 30, "col": 44, "elevation_m": 14.4, "low_elevation": false, "drain_deficiency": 0.5, "adjusted_score": 25.0}}, {"type": "Feature", "geometry": {"type": "Polygon", "coordinates": [[[174.78042920000001, -36.979550200000006], [174.78042920000001, -36.978650200000004], [174.7795292, -36.978650200000004], [174.7795292, -36.979550200000006], [174.78042920000001, -36.979550200000006]]]}, "properties": {"row": 31, "col": 0, "elevation_m": 11.6, "low_elevation": false, "drain_deficiency": 0.25, "adjusted_score": 12.5}}, {"type": "Feature", "geometry": {"type": "Polygon", "coordinates": [[[174.78132920000002, -36.979550200000006], [174.78132920000002, -36.978650200000004], [174.78042920000001, -36.978650200000004], [174.78042920000001, -36.979550200000006], [174.78132920000002, -36.979550200000006]]]}, "properties": {"row": 31, "col": 1, "elevation_m": 12.1, "low_elevation": false, "drain_deficiency": 0.375, "adjusted_score": 18.8}}, {"type": "Feature", "geometry": {"type": "Polygon", "coordinates": [[[174.78222920000002, -36.979550200000006], [174.78222920000002, -36.978650200000004], [174.78132920000002, -36.978650200000004], [174.78132920000002, -36.979550200000006], [174.78222920000002, -36.979550200000006]]]}, "properties": {"row": 31, "col": 2, "elevation_m": 13.8, "low_elevation": false, "drain_deficiency": 0.365, "adjusted_score": 18.3}}, {"type": "Feature", "geometry": {"type": "Polygon", "coordinates": [[[174.78312920000002, -36.979550200000006], [174.78312920000002, -36.978650200000004], [174.78222920000002, -36.978650200000004], [174.78222920000002, -36.979550200000006], [174.78312920000002, -36.979550200000006]]]}, "properties": {"row": 31, "col": 3, "elevation_m": 15.0, "low_elevation": false, "drain_deficiency": 0.625, "adjusted_score": 31.2}}, {"type": "Feature", "geometry": {"type": "Polygon", "coordinates": [[[174.78402920000002, -36.979550200000006], [174.78402920000002, -36.978650200000004], [174.78312920000002, -36.978650200000004], [174.78312920000002, -36.979550200000006], [174.78402920000002, -36.979550200000006]]]}, "properties": {"row": 31, "col": 4, "elevation_m": 18.1, "low_elevation": false, "drain_deficiency": 0.456, "adjusted_score": 22.8}}, {"type": "Feature", "geometry": {"type": "Polygon", "coordinates": [[[174.78492920000002, -36.979550200000006], [174.78492920000002, -36.978650200000004], [174.78402920000002, -36.978650200000004], [174.78402920000002, -36.979550200000006], [174.78492920000002, -36.979550200000006]]]}, "properties": {"row": 31, "col": 5, "elevation_m": 15.3, "low_elevation": false, "drain_deficiency": 0.375, "adjusted_score": 18.8}}, {"type": "Feature", "geometry": {"type": "Polygon", "coordinates": [[[174.78582920000002, -36.979550200000006], [174.78582920000002, -36.978650200000004], [174.78492920000002, -36.978650200000004], [174.78492920000002, -36.979550200000006], [174.78582920000002, -36.979550200000006]]]}, "properties": {"row": 31, "col": 6, "elevation_m": 17.6, "low_elevation": false, "drain_deficiency": 0.406, "adjusted_score": 20.3}}, {"type": "Feature", "geometry": {"type": "Polygon", "coordinates": [[[174.78672920000002, -36.979550200000006], [174.78672920000002, -36.978650200000004], [174.78582920000002, -36.978650200000004], [174.78582920000002, -36.979550200000006], [174.78672920000002, -36.979550200000006]]]}, "properties": {"row": 31, "col": 7, "elevation_m": 17.4, "low_elevation": false, "drain_deficiency": 0.625, "adjusted_score": 31.2}}, {"type": "Feature", "geometry": {"type": "Polygon", "coordinates": [[[174.78762920000003, -36.979550200000006], [174.78762920000003, -36.978650200000004], [174.78672920000002, -36.978650200000004], [174.78672920000002, -36.979550200000006], [174.78762920000003, -36.979550200000006]]]}, "properties": {"row": 31, "col": 8, "elevation_m": 17.0, "low_elevation": false, "drain_deficiency": 0.625, "adjusted_score": 31.2}}, {"type": "Feature", "geometry": {"type": "Polygon", "coordinates": [[[174.78852920000003, -36.979550200000006], [174.78852920000003, -36.978650200000004], [174.78762920000003, -36.978650200000004], [174.78762920000003, -36.979550200000006], [174.78852920000003, -36.979550200000006]]]}, "properties": {"row": 31, "col": 9, "elevation_m": 15.8, "low_elevation": false, "drain_deficiency": 0.625, "adjusted_score": 31.2}}, {"type": "Feature", "geometry": {"type": "Polygon", "coordinates": [[[174.7894292, -36.979550200000006], [174.7894292, -36.978650200000004], [174.7885292, -36.978650200000004], [174.7885292, -36.979550200000006], [174.7894292, -36.979550200000006]]]}, "properties": {"row": 31, "col": 10, "elevation_m": 16.4, "low_elevation": false, "drain_deficiency": 0.625, "adjusted_score": 31.2}}, {"type": "Feature", "geometry": {"type": "Polygon", "coordinates": [[[174.7903292, -36.979550200000006], [174.7903292, -36.978650200000004], [174.7894292, -36.978650200000004], [174.7894292, -36.979550200000006], [174.7903292, -36.979550200000006]]]}, "properties": {"row": 31, "col": 11, "elevation_m": 17.0, "low_elevation": false, "drain_deficiency": 0.625, "adjusted_score": 31.2}}, {"type": "Feature", "geometry": {"type": "Polygon", "coordinates": [[[174.7912292, -36.979550200000006], [174.7912292, -36.978650200000004], [174.7903292, -36.978650200000004], [174.7903292, -36.979550200000006], [174.7912292, -36.979550200000006]]]}, "properties": {"row": 31, "col": 12, "elevation_m": 17.5, "low_elevation": false, "drain_deficiency": 0.625, "adjusted_score": 31.2}}, {"type": "Feature", "geometry": {"type": "Polygon", "coordinates": [[[174.7921292, -36.979550200000006], [174.7921292, -36.978650200000004], [174.7912292, -36.978650200000004], [174.7912292, -36.979550200000006], [174.7921292, -36.979550200000006]]]}, "properties": {"row": 31, "col": 13, "elevation_m": 16.2, "low_elevation": false, "drain_deficiency": 0.625, "adjusted_score": 31.2}}, {"type": "Feature", "geometry": {"type": "Polygon", "coordinates": [[[174.7930292, -36.979550200000006], [174.7930292, -36.978650200000004], [174.7921292, -36.978650200000004], [174.7921292, -36.979550200000006], [174.7930292, -36.979550200000006]]]}, "properties": {"row": 31, "col": 14, "elevation_m": 14.1, "low_elevation": false, "drain_deficiency": 0.6, "adjusted_score": 30.0}}, {"type": "Feature", "geometry": {"type": "Polygon", "coordinates": [[[174.7939292, -36.979550200000006], [174.7939292, -36.978650200000004], [174.7930292, -36.978650200000004], [174.7930292, -36.979550200000006], [174.7939292, -36.979550200000006]]]}, "properties": {"row": 31, "col": 15, "elevation_m": 13.9, "low_elevation": false, "drain_deficiency": 0.375, "adjusted_score": 18.8}}, {"type": "Feature", "geometry": {"type": "Polygon", "coordinates": [[[174.7948292, -36.979550200000006], [174.7948292, -36.978650200000004], [174.7939292, -36.978650200000004], [174.7939292, -36.979550200000006], [174.7948292, -36.979550200000006]]]}, "properties": {"row": 31, "col": 16, "elevation_m": 13.2, "low_elevation": false, "drain_deficiency": 0.75, "adjusted_score": 37.5}}, {"type": "Feature", "geometry": {"type": "Polygon", "coordinates": [[[174.7957292, -36.979550200000006], [174.7957292, -36.978650200000004], [174.7948292, -36.978650200000004], [174.7948292, -36.979550200000006], [174.7957292, -36.979550200000006]]]}, "properties": {"row": 31, "col": 17, "elevation_m": 13.1, "low_elevation": false, "drain_deficiency": 0.75, "adjusted_score": 37.5}}, {"type": "Feature", "geometry": {"type": "Polygon", "coordinates": [[[174.7966292, -36.979550200000006], [174.7966292, -36.978650200000004], [174.7957292, -36.978650200000004], [174.7957292, -36.979550200000006], [174.7966292, -36.979550200000006]]]}, "properties": {"row": 31, "col": 18, "elevation_m": 12.4, "low_elevation": false, "drain_deficiency": 0.5, "adjusted_score": 25.0}}, {"type": "Feature", "geometry": {"type": "Polygon", "coordinates": [[[174.7975292, -36.979550200000006], [174.7975292, -36.978650200000004], [174.7966292, -36.978650200000004], [174.7966292, -36.979550200000006], [174.7975292, -36.979550200000006]]]}, "properties": {"row": 31, "col": 19, "elevation_m": 11.8, "low_elevation": false, "drain_deficiency": 0.75, "adjusted_score": 37.5}}, {"type": "Feature", "geometry": {"type": "Polygon", "coordinates": [[[174.79842920000002, -36.979550200000006], [174.79842920000002, -36.978650200000004], [174.7975292, -36.978650200000004], [174.7975292, -36.979550200000006], [174.79842920000002, -36.979550200000006]]]}, "properties": {"row": 31, "col": 20, "elevation_m": 10.9, "low_elevation": false, "drain_deficiency": 0.098, "adjusted_score": 4.9}}, {"type": "Feature", "geometry": {"type": "Polygon", "coordinates": [[[174.79932920000002, -36.979550200000006], [174.79932920000002, -36.978650200000004], [174.79842920000002, -36.978650200000004], [174.79842920000002, -36.979550200000006], [174.79932920000002, -36.979550200000006]]]}, "properties": {"row": 31, "col": 21, "elevation_m": 12.2, "low_elevation": false, "drain_deficiency": 0.379, "adjusted_score": 18.9}}, {"type": "Feature", "geometry": {"type": "Polygon", "coordinates": [[[174.80022920000002, -36.979550200000006], [174.80022920000002, -36.978650200000004], [174.79932920000002, -36.978650200000004], [174.79932920000002, -36.979550200000006], [174.80022920000002, -36.979550200000006]]]}, "properties": {"row": 31, "col": 22, "elevation_m": 13.4, "low_elevation": false, "drain_deficiency": 0.625, "adjusted_score": 31.2}}, {"type": "Feature", "geometry": {"type": "Polygon", "coordinates": [[[174.80112920000002, -36.979550200000006], [174.80112920000002, -36.978650200000004], [174.80022920000002, -36.978650200000004], [174.80022920000002, -36.979550200000006], [174.80112920000002, -36.979550200000006]]]}, "properties": {"row": 31, "col": 23, "elevation_m": 12.3, "low_elevation": false, "drain_deficiency": 0.625, "adjusted_score": 31.2}}, {"type": "Feature", "geometry": {"type": "Polygon", "coordinates": [[[174.80202920000002, -36.979550200000006], [174.80202920000002, -36.978650200000004], [174.80112920000002, -36.978650200000004], [174.80112920000002, -36.979550200000006], [174.80202920000002, -36.979550200000006]]]}, "properties": {"row": 31, "col": 24, "elevation_m": 12.1, "low_elevation": false, "drain_deficiency": 0.25, "adjusted_score": 12.5}}, {"type": "Feature", "geometry": {"type": "Polygon", "coordinates": [[[174.80292920000002, -36.979550200000006], [174.80292920000002, -36.978650200000004], [174.80202920000002, -36.978650200000004], [174.80202920000002, -36.979550200000006], [174.80292920000002, -36.979550200000006]]]}, "properties": {"row": 31, "col": 25, "elevation_m": 17.0, "low_elevation": false, "drain_deficiency": 0.625, "adjusted_score": 31.2}}, {"type": "Feature", "geometry": {"type": "Polygon", "coordinates": [[[174.80382920000002, -36.979550200000006], [174.80382920000002, -36.978650200000004], [174.80292920000002, -36.978650200000004], [174.80292920000002, -36.979550200000006], [174.80382920000002, -36.979550200000006]]]}, "properties": {"row": 31, "col": 26, "elevation_m": 21.0, "low_elevation": false, "drain_deficiency": 0.375, "adjusted_score": 18.8}}, {"type": "Feature", "geometry": {"type": "Polygon", "coordinates": [[[174.80472920000003, -36.979550200000006], [174.80472920000003, -36.978650200000004], [174.80382920000002, -36.978650200000004], [174.80382920000002, -36.979550200000006], [174.80472920000003, -36.979550200000006]]]}, "properties": {"row": 31, "col": 27, "elevation_m": 23.7, "low_elevation": false, "drain_deficiency": 0.5, "adjusted_score": 25.0}}, {"type": "Feature", "geometry": {"type": "Polygon", "coordinates": [[[174.80562920000003, -36.979550200000006], [174.80562920000003, -36.978650200000004], [174.80472920000003, -36.978650200000004], [174.80472920000003, -36.979550200000006], [174.80562920000003, -36.979550200000006]]]}, "properties": {"row": 31, "col": 28, "elevation_m": 24.7, "low_elevation": false, "drain_deficiency": 0.625, "adjusted_score": 31.2}}, {"type": "Feature", "geometry": {"type": "Polygon", "coordinates": [[[174.80652920000003, -36.979550200000006], [174.80652920000003, -36.978650200000004], [174.80562920000003, -36.978650200000004], [174.80562920000003, -36.979550200000006], [174.80652920000003, -36.979550200000006]]]}, "properties": {"row": 31, "col": 29, "elevation_m": 26.7, "low_elevation": false, "drain_deficiency": 0.681, "adjusted_score": 34.1}}, {"type": "Feature", "geometry": {"type": "Polygon", "coordinates": [[[174.8074292, -36.979550200000006], [174.8074292, -36.978650200000004], [174.8065292, -36.978650200000004], [174.8065292, -36.979550200000006], [174.8074292, -36.979550200000006]]]}, "properties": {"row": 31, "col": 30, "elevation_m": 29.9, "low_elevation": false, "drain_deficiency": 0.744, "adjusted_score": 37.2}}, {"type": "Feature", "geometry": {"type": "Polygon", "coordinates": [[[174.8083292, -36.979550200000006], [174.8083292, -36.978650200000004], [174.8074292, -36.978650200000004], [174.8074292, -36.979550200000006], [174.8083292, -36.979550200000006]]]}, "properties": {"row": 31, "col": 31, "elevation_m": 27.8, "low_elevation": false, "drain_deficiency": 0.625, "adjusted_score": 31.2}}, {"type": "Feature", "geometry": {"type": "Polygon", "coordinates": [[[174.8092292, -36.979550200000006], [174.8092292, -36.978650200000004], [174.8083292, -36.978650200000004], [174.8083292, -36.979550200000006], [174.8092292, -36.979550200000006]]]}, "properties": {"row": 31, "col": 32, "elevation_m": 25.6, "low_elevation": false, "drain_deficiency": 0.723, "adjusted_score": 36.2}}, {"type": "Feature", "geometry": {"type": "Polygon", "coordinates": [[[174.8101292, -36.979550200000006], [174.8101292, -36.978650200000004], [174.8092292, -36.978650200000004], [174.8092292, -36.979550200000006], [174.8101292, -36.979550200000006]]]}, "properties": {"row": 31, "col": 33, "elevation_m": 25.1, "low_elevation": false, "drain_deficiency": 1.0, "adjusted_score": 50.0}}, {"type": "Feature", "geometry": {"type": "Polygon", "coordinates": [[[174.8110292, -36.979550200000006], [174.8110292, -36.978650200000004], [174.8101292, -36.978650200000004], [174.8101292, -36.979550200000006], [174.8110292, -36.979550200000006]]]}, "properties": {"row": 31, "col": 34, "elevation_m": 29.9, "low_elevation": false, "drain_deficiency": 0.833, "adjusted_score": 41.7}}, {"type": "Feature", "geometry": {"type": "Polygon", "coordinates": [[[174.8119292, -36.979550200000006], [174.8119292, -36.978650200000004], [174.8110292, -36.978650200000004], [174.8110292, -36.979550200000006], [174.8119292, -36.979550200000006]]]}, "properties": {"row": 31, "col": 35, "elevation_m": 34.3, "low_elevation": false, "drain_deficiency": 0.833, "adjusted_score": 41.7}}, {"type": "Feature", "geometry": {"type": "Polygon", "coordinates": [[[174.8128292, -36.979550200000006], [174.8128292, -36.978650200000004], [174.8119292, -36.978650200000004], [174.8119292, -36.979550200000006], [174.8128292, -36.979550200000006]]]}, "properties": {"row": 31, "col": 36, "elevation_m": 28.2, "low_elevation": false, "drain_deficiency": 0.75, "adjusted_score": 37.5}}, {"type": "Feature", "geometry": {"type": "Polygon", "coordinates": [[[174.8137292, -36.979550200000006], [174.8137292, -36.978650200000004], [174.8128292, -36.978650200000004], [174.8128292, -36.979550200000006], [174.8137292, -36.979550200000006]]]}, "properties": {"row": 31, "col": 37, "elevation_m": 24.0, "low_elevation": false, "drain_deficiency": 1.0, "adjusted_score": 50.0}}, {"type": "Feature", "geometry": {"type": "Polygon", "coordinates": [[[174.8146292, -36.979550200000006], [174.8146292, -36.978650200000004], [174.8137292, -36.978650200000004], [174.8137292, -36.979550200000006], [174.8146292, -36.979550200000006]]]}, "properties": {"row": 31, "col": 38, "elevation_m": 24.5, "low_elevation": false, "drain_deficiency": 0.985, "adjusted_score": 49.2}}, {"type": "Feature", "geometry": {"type": "Polygon", "coordinates": [[[174.81552920000001, -36.979550200000006], [174.81552920000001, -36.978650200000004], [174.8146292, -36.978650200000004], [174.8146292, -36.979550200000006], [174.81552920000001, -36.979550200000006]]]}, "properties": {"row": 31, "col": 39, "elevation_m": 25.5, "low_elevation": false, "drain_deficiency": 0.636, "adjusted_score": 31.8}}, {"type": "Feature", "geometry": {"type": "Polygon", "coordinates": [[[174.81642920000002, -36.979550200000006], [174.81642920000002, -36.978650200000004], [174.81552920000001, -36.978650200000004], [174.81552920000001, -36.979550200000006], [174.81642920000002, -36.979550200000006]]]}, "properties": {"row": 31, "col": 40, "elevation_m": 27.3, "low_elevation": false, "drain_deficiency": 0.824, "adjusted_score": 41.2}}, {"type": "Feature", "geometry": {"type": "Polygon", "coordinates": [[[174.81732920000002, -36.979550200000006], [174.81732920000002, -36.978650200000004], [174.81642920000002, -36.978650200000004], [174.81642920000002, -36.979550200000006], [174.81732920000002, -36.979550200000006]]]}, "properties": {"row": 31, "col": 41, "elevation_m": 26.8, "low_elevation": false, "drain_deficiency": 1.0, "adjusted_score": 50.0}}, {"type": "Feature", "geometry": {"type": "Polygon", "coordinates": [[[174.81822920000002, -36.979550200000006], [174.81822920000002, -36.978650200000004], [174.81732920000002, -36.978650200000004], [174.81732920000002, -36.979550200000006], [174.81822920000002, -36.979550200000006]]]}, "properties": {"row": 31, "col": 42, "elevation_m": 27.0, "low_elevation": false, "drain_deficiency": 1.0, "adjusted_score": 50.0}}, {"type": "Feature", "geometry": {"type": "Polygon", "coordinates": [[[174.81912920000002, -36.979550200000006], [174.81912920000002, -36.978650200000004], [174.81822920000002, -36.978650200000004], [174.81822920000002, -36.979550200000006], [174.81912920000002, -36.979550200000006]]]}, "properties": {"row": 31, "col": 43, "elevation_m": 22.1, "low_elevation": false, "drain_deficiency": 1.0, "adjusted_score": 50.0}}, {"type": "Feature", "geometry": {"type": "Polygon", "coordinates": [[[174.82002920000002, -36.979550200000006], [174.82002920000002, -36.978650200000004], [174.81912920000002, -36.978650200000004], [174.81912920000002, -36.979550200000006], [174.82002920000002, -36.979550200000006]]]}, "properties": {"row": 31, "col": 44, "elevation_m": 13.9, "low_elevation": false, "drain_deficiency": 0.89, "adjusted_score": 44.5}}, {"type": "Feature", "geometry": {"type": "Polygon", "coordinates": [[[174.78042920000001, -36.9804502], [174.78042920000001, -36.9795502], [174.7795292, -36.9795502], [174.7795292, -36.9804502], [174.78042920000001, -36.9804502]]]}, "properties": {"row": 32, "col": 0, "elevation_m": 11.9, "low_elevation": false, "drain_deficiency": 0.057, "adjusted_score": 2.8}}, {"type": "Feature", "geometry": {"type": "Polygon", "coordinates": [[[174.78132920000002, -36.9804502], [174.78132920000002, -36.9795502], [174.78042920000001, -36.9795502], [174.78042920000001, -36.9804502], [174.78132920000002, -36.9804502]]]}, "properties": {"row": 32, "col": 1, "elevation_m": 12.6, "low_elevation": false, "drain_deficiency": 0.336, "adjusted_score": 16.8}}, {"type": "Feature", "geometry": {"type": "Polygon", "coordinates": [[[174.78222920000002, -36.9804502], [174.78222920000002, -36.9795502], [174.78132920000002, -36.9795502], [174.78132920000002, -36.9804502], [174.78222920000002, -36.9804502]]]}, "properties": {"row": 32, "col": 2, "elevation_m": 14.1, "low_elevation": false, "drain_deficiency": 0.625, "adjusted_score": 31.2}}, {"type": "Feature", "geometry": {"type": "Polygon", "coordinates": [[[174.78312920000002, -36.9804502], [174.78312920000002, -36.9795502], [174.78222920000002, -36.9795502], [174.78222920000002, -36.9804502], [174.78312920000002, -36.9804502]]]}, "properties": {"row": 32, "col": 3, "elevation_m": 15.3, "low_elevation": false, "drain_deficiency": 0.233, "adjusted_score": 11.6}}, {"type": "Feature", "geometry": {"type": "Polygon", "coordinates": [[[174.78402920000002, -36.9804502], [174.78402920000002, -36.9795502], [174.78312920000002, -36.9795502], [174.78312920000002, -36.9804502], [174.78402920000002, -36.9804502]]]}, "properties": {"row": 32, "col": 4, "elevation_m": 17.6, "low_elevation": false, "drain_deficiency": 0.375, "adjusted_score": 18.8}}, {"type": "Feature", "geometry": {"type": "Polygon", "coordinates": [[[174.78492920000002, -36.9804502], [174.78492920000002, -36.9795502], [174.78402920000002, -36.9795502], [174.78402920000002, -36.9804502], [174.78492920000002, -36.9804502]]]}, "properties": {"row": 32, "col": 5, "elevation_m": 18.1, "low_elevation": false, "drain_deficiency": 0.375, "adjusted_score": 18.8}}, {"type": "Feature", "geometry": {"type": "Polygon", "coordinates": [[[174.78582920000002, -36.9804502], [174.78582920000002, -36.9795502], [174.78492920000002, -36.9795502], [174.78492920000002, -36.9804502], [174.78582920000002, -36.9804502]]]}, "properties": {"row": 32, "col": 6, "elevation_m": 16.4, "low_elevation": false, "drain_deficiency": 0.25, "adjusted_score": 12.5}}, {"type": "Feature", "geometry": {"type": "Polygon", "coordinates": [[[174.78672920000002, -36.9804502], [174.78672920000002, -36.9795502], [174.78582920000002, -36.9795502], [174.78582920000002, -36.9804502], [174.78672920000002, -36.9804502]]]}, "properties": {"row": 32, "col": 7, "elevation_m": 18.3, "low_elevation": false, "drain_deficiency": 0.625, "adjusted_score": 31.2}}, {"type": "Feature", "geometry": {"type": "Polygon", "coordinates": [[[174.78762920000003, -36.9804502], [174.78762920000003, -36.9795502], [174.78672920000002, -36.9795502], [174.78672920000002, -36.9804502], [174.78762920000003, -36.9804502]]]}, "properties": {"row": 32, "col": 8, "elevation_m": 16.8, "low_elevation": false, "drain_deficiency": 0.768, "adjusted_score": 38.4}}, {"type": "Feature", "geometry": {"type": "Polygon", "coordinates": [[[174.78852920000003, -36.9804502], [174.78852920000003, -36.9795502], [174.78762920000003, -36.9795502], [174.78762920000003, -36.9804502], [174.78852920000003, -36.9804502]]]}, "properties": {"row": 32, "col": 9, "elevation_m": 16.3, "low_elevation": false, "drain_deficiency": 0.984, "adjusted_score": 49.2}}, {"type": "Feature", "geometry": {"type": "Polygon", "coordinates": [[[174.7894292, -36.9804502], [174.7894292, -36.9795502], [174.7885292, -36.9795502], [174.7885292, -36.9804502], [174.7894292, -36.9804502]]]}, "properties": {"row": 32, "col": 10, "elevation_m": 15.9, "low_elevation": false, "drain_deficiency": 0.946, "adjusted_score": 47.3}}, {"type": "Feature", "geometry": {"type": "Polygon", "coordinates": [[[174.7903292, -36.9804502], [174.7903292, -36.9795502], [174.7894292, -36.9795502], [174.7894292, -36.9804502], [174.7903292, -36.9804502]]]}, "properties": {"row": 32, "col": 11, "elevation_m": 16.3, "low_elevation": false, "drain_deficiency": 0.625, "adjusted_score": 31.2}}, {"type": "Feature", "geometry": {"type": "Polygon", "coordinates": [[[174.7912292, -36.9804502], [174.7912292, -36.9795502], [174.7903292, -36.9795502], [174.7903292, -36.9804502], [174.7912292, -36.9804502]]]}, "properties": {"row": 32, "col": 12, "elevation_m": 17.6, "low_elevation": false, "drain_deficiency": 0.625, "adjusted_score": 31.2}}, {"type": "Feature", "geometry": {"type": "Polygon", "coordinates": [[[174.7921292, -36.9804502], [174.7921292, -36.9795502], [174.7912292, -36.9795502], [174.7912292, -36.9804502], [174.7921292, -36.9804502]]]}, "properties": {"row": 32, "col": 13, "elevation_m": 17.0, "low_elevation": false, "drain_deficiency": 0.623, "adjusted_score": 31.1}}, {"type": "Feature", "geometry": {"type": "Polygon", "coordinates": [[[174.7930292, -36.9804502], [174.7930292, -36.9795502], [174.7921292, -36.9795502], [174.7921292, -36.9804502], [174.7930292, -36.9804502]]]}, "properties": {"row": 32, "col": 14, "elevation_m": 14.7, "low_elevation": false, "drain_deficiency": 0.983, "adjusted_score": 49.1}}, {"type": "Feature", "geometry": {"type": "Polygon", "coordinates": [[[174.7939292, -36.9804502], [174.7939292, -36.9795502], [174.7930292, -36.9795502], [174.7930292, -36.9804502], [174.7939292, -36.9804502]]]}, "properties": {"row": 32, "col": 15, "elevation_m": 14.7, "low_elevation": false, "drain_deficiency": 0.828, "adjusted_score": 41.4}}, {"type": "Feature", "geometry": {"type": "Polygon", "coordinates": [[[174.7948292, -36.9804502], [174.7948292, -36.9795502], [174.7939292, -36.9795502], [174.7939292, -36.9804502], [174.7948292, -36.9804502]]]}, "properties": {"row": 32, "col": 16, "elevation_m": 14.8, "low_elevation": false, "drain_deficiency": 1.0, "adjusted_score": 50.0}}, {"type": "Feature", "geometry": {"type": "Polygon", "coordinates": [[[174.7957292, -36.9804502], [174.7957292, -36.9795502], [174.7948292, -36.9795502], [174.7948292, -36.9804502], [174.7957292, -36.9804502]]]}, "properties": {"row": 32, "col": 17, "elevation_m": 15.6, "low_elevation": false, "drain_deficiency": 0.741, "adjusted_score": 37.1}}, {"type": "Feature", "geometry": {"type": "Polygon", "coordinates": [[[174.7966292, -36.9804502], [174.7966292, -36.9795502], [174.7957292, -36.9795502], [174.7957292, -36.9804502], [174.7966292, -36.9804502]]]}, "properties": {"row": 32, "col": 18, "elevation_m": 14.6, "low_elevation": false, "drain_deficiency": 0.393, "adjusted_score": 19.7}}, {"type": "Feature", "geometry": {"type": "Polygon", "coordinates": [[[174.7975292, -36.9804502], [174.7975292, -36.9795502], [174.7966292, -36.9795502], [174.7966292, -36.9804502], [174.7975292, -36.9804502]]]}, "properties": {"row": 32, "col": 19, "elevation_m": 13.4, "low_elevation": false, "drain_deficiency": 0.75, "adjusted_score": 37.5}}, {"type": "Feature", "geometry": {"type": "Polygon", "coordinates": [[[174.79842920000002, -36.9804502], [174.79842920000002, -36.9795502], [174.7975292, -36.9795502], [174.7975292, -36.9804502], [174.79842920000002, -36.9804502]]]}, "properties": {"row": 32, "col": 20, "elevation_m": 10.4, "low_elevation": false, "drain_deficiency": 0.833, "adjusted_score": 41.7}}, {"type": "Feature", "geometry": {"type": "Polygon", "coordinates": [[[174.79932920000002, -36.9804502], [174.79932920000002, -36.9795502], [174.79842920000002, -36.9795502], [174.79842920000002, -36.9804502], [174.79932920000002, -36.9804502]]]}, "properties": {"row": 32, "col": 21, "elevation_m": 9.3, "low_elevation": false, "drain_deficiency": 0.75, "adjusted_score": 37.5}}, {"type": "Feature", "geometry": {"type": "Polygon", "coordinates": [[[174.80022920000002, -36.9804502], [174.80022920000002, -36.9795502], [174.79932920000002, -36.9795502], [174.79932920000002, -36.9804502], [174.80022920000002, -36.9804502]]]}, "properties": {"row": 32, "col": 22, "elevation_m": 12.0, "low_elevation": false, "drain_deficiency": 0.69, "adjusted_score": 34.5}}, {"type": "Feature", "geometry": {"type": "Polygon", "coordinates": [[[174.80112920000002, -36.9804502], [174.80112920000002, -36.9795502], [174.80022920000002, -36.9795502], [174.80022920000002, -36.9804502], [174.80112920000002, -36.9804502]]]}, "properties": {"row": 32, "col": 23, "elevation_m": 10.1, "low_elevation": false, "drain_deficiency": 0.625, "adjusted_score": 31.2}}, {"type": "Feature", "geometry": {"type": "Polygon", "coordinates": [[[174.80202920000002, -36.9804502], [174.80202920000002, -36.9795502], [174.80112920000002, -36.9795502], [174.80112920000002, -36.9804502], [174.80202920000002, -36.9804502]]]}, "properties": {"row": 32, "col": 24, "elevation_m": 10.7, "low_elevation": false, "drain_deficiency": 0.625, "adjusted_score": 31.2}}, {"type": "Feature", "geometry": {"type": "Polygon", "coordinates": [[[174.80292920000002, -36.9804502], [174.80292920000002, -36.9795502], [174.80202920000002, -36.9795502], [174.80202920000002, -36.9804502], [174.80292920000002, -36.9804502]]]}, "properties": {"row": 32, "col": 25, "elevation_m": 16.9, "low_elevation": false, "drain_deficiency": 0.625, "adjusted_score": 31.2}}, {"type": "Feature", "geometry": {"type": "Polygon", "coordinates": [[[174.80382920000002, -36.9804502], [174.80382920000002, -36.9795502], [174.80292920000002, -36.9795502], [174.80292920000002, -36.9804502], [174.80382920000002, -36.9804502]]]}, "properties": {"row": 32, "col": 26, "elevation_m": 20.3, "low_elevation": false, "drain_deficiency": 0.75, "adjusted_score": 37.5}}, {"type": "Feature", "geometry": {"type": "Polygon", "coordinates": [[[174.80472920000003, -36.9804502], [174.80472920000003, -36.9795502], [174.80382920000002, -36.9795502], [174.80382920000002, -36.9804502], [174.80472920000003, -36.9804502]]]}, "properties": {"row": 32, "col": 27, "elevation_m": 22.9, "low_elevation": false, "drain_deficiency": 0.25, "adjusted_score": 12.5}}, {"type": "Feature", "geometry": {"type": "Polygon", "coordinates": [[[174.80562920000003, -36.9804502], [174.80562920000003, -36.9795502], [174.80472920000003, -36.9795502], [174.80472920000003, -36.9804502], [174.80562920000003, -36.9804502]]]}, "properties": {"row": 32, "col": 28, "elevation_m": 25.5, "low_elevation": false, "drain_deficiency": 0.625, "adjusted_score": 31.2}}, {"type": "Feature", "geometry": {"type": "Polygon", "coordinates": [[[174.80652920000003, -36.9804502], [174.80652920000003, -36.9795502], [174.80562920000003, -36.9795502], [174.80562920000003, -36.9804502], [174.80652920000003, -36.9804502]]]}, "properties": {"row": 32, "col": 29, "elevation_m": 27.6, "low_elevation": false, "drain_deficiency": 0.625, "adjusted_score": 31.2}}, {"type": "Feature", "geometry": {"type": "Polygon", "coordinates": [[[174.8074292, -36.9804502], [174.8074292, -36.9795502], [174.8065292, -36.9795502], [174.8065292, -36.9804502], [174.8074292, -36.9804502]]]}, "properties": {"row": 32, "col": 30, "elevation_m": 25.4, "low_elevation": false, "drain_deficiency": 1.0, "adjusted_score": 50.0}}, {"type": "Feature", "geometry": {"type": "Polygon", "coordinates": [[[174.8083292, -36.9804502], [174.8083292, -36.9795502], [174.8074292, -36.9795502], [174.8074292, -36.9804502], [174.8083292, -36.9804502]]]}, "properties": {"row": 32, "col": 31, "elevation_m": 17.4, "low_elevation": false, "drain_deficiency": 1.0, "adjusted_score": 50.0}}, {"type": "Feature", "geometry": {"type": "Polygon", "coordinates": [[[174.8092292, -36.9804502], [174.8092292, -36.9795502], [174.8083292, -36.9795502], [174.8083292, -36.9804502], [174.8092292, -36.9804502]]]}, "properties": {"row": 32, "col": 32, "elevation_m": 8.8, "low_elevation": false, "drain_deficiency": 1.0, "adjusted_score": 50.0}}, {"type": "Feature", "geometry": {"type": "Polygon", "coordinates": [[[174.8101292, -36.9804502], [174.8101292, -36.9795502], [174.8092292, -36.9795502], [174.8092292, -36.9804502], [174.8101292, -36.9804502]]]}, "properties": {"row": 32, "col": 33, "elevation_m": 8.2, "low_elevation": false, "drain_deficiency": 1.0, "adjusted_score": 50.0}}, {"type": "Feature", "geometry": {"type": "Polygon", "coordinates": [[[174.8110292, -36.9804502], [174.8110292, -36.9795502], [174.8101292, -36.9795502], [174.8101292, -36.9804502], [174.8110292, -36.9804502]]]}, "properties": {"row": 32, "col": 34, "elevation_m": 12.4, "low_elevation": false, "drain_deficiency": 0.833, "adjusted_score": 41.7}}, {"type": "Feature", "geometry": {"type": "Polygon", "coordinates": [[[174.8119292, -36.9804502], [174.8119292, -36.9795502], [174.8110292, -36.9795502], [174.8110292, -36.9804502], [174.8119292, -36.9804502]]]}, "properties": {"row": 32, "col": 35, "elevation_m": 17.0, "low_elevation": false, "drain_deficiency": 0.833, "adjusted_score": 41.7}}, {"type": "Feature", "geometry": {"type": "Polygon", "coordinates": [[[174.8128292, -36.9804502], [174.8128292, -36.9795502], [174.8119292, -36.9795502], [174.8119292, -36.9804502], [174.8128292, -36.9804502]]]}, "properties": {"row": 32, "col": 36, "elevation_m": 15.8, "low_elevation": false, "drain_deficiency": 0.75, "adjusted_score": 37.5}}, {"type": "Feature", "geometry": {"type": "Polygon", "coordinates": [[[174.8137292, -36.9804502], [174.8137292, -36.9795502], [174.8128292, -36.9795502], [174.8128292, -36.9804502], [174.8137292, -36.9804502]]]}, "properties": {"row": 32, "col": 37, "elevation_m": 18.8, "low_elevation": false, "drain_deficiency": 0.957, "adjusted_score": 47.9}}, {"type": "Feature", "geometry": {"type": "Polygon", "coordinates": [[[174.8146292, -36.9804502], [174.8146292, -36.9795502], [174.8137292, -36.9795502], [174.8137292, -36.9804502], [174.8146292, -36.9804502]]]}, "properties": {"row": 32, "col": 38, "elevation_m": 22.3, "low_elevation": false, "drain_deficiency": 1.0, "adjusted_score": 50.0}}, {"type": "Feature", "geometry": {"type": "Polygon", "coordinates": [[[174.81552920000001, -36.9804502], [174.81552920000001, -36.9795502], [174.8146292, -36.9795502], [174.8146292, -36.9804502], [174.81552920000001, -36.9804502]]]}, "properties": {"row": 32, "col": 39, "elevation_m": 24.2, "low_elevation": false, "drain_deficiency": 1.0, "adjusted_score": 50.0}}, {"type": "Feature", "geometry": {"type": "Polygon", "coordinates": [[[174.81642920000002, -36.9804502], [174.81642920000002, -36.9795502], [174.81552920000001, -36.9795502], [174.81552920000001, -36.9804502], [174.81642920000002, -36.9804502]]]}, "properties": {"row": 32, "col": 40, "elevation_m": 28.4, "low_elevation": false, "drain_deficiency": 1.0, "adjusted_score": 50.0}}, {"type": "Feature", "geometry": {"type": "Polygon", "coordinates": [[[174.81732920000002, -36.9804502], [174.81732920000002, -36.9795502], [174.81642920000002, -36.9795502], [174.81642920000002, -36.9804502], [174.81732920000002, -36.9804502]]]}, "properties": {"row": 32, "col": 41, "elevation_m": 28.2, "low_elevation": false, "drain_deficiency": 1.0, "adjusted_score": 50.0}}, {"type": "Feature", "geometry": {"type": "Polygon", "coordinates": [[[174.81822920000002, -36.9804502], [174.81822920000002, -36.9795502], [174.81732920000002, -36.9795502], [174.81732920000002, -36.9804502], [174.81822920000002, -36.9804502]]]}, "properties": {"row": 32, "col": 42, "elevation_m": 27.8, "low_elevation": false, "drain_deficiency": 1.0, "adjusted_score": 50.0}}, {"type": "Feature", "geometry": {"type": "Polygon", "coordinates": [[[174.81912920000002, -36.9804502], [174.81912920000002, -36.9795502], [174.81822920000002, -36.9795502], [174.81822920000002, -36.9804502], [174.81912920000002, -36.9804502]]]}, "properties": {"row": 32, "col": 43, "elevation_m": 23.2, "low_elevation": false, "drain_deficiency": 1.0, "adjusted_score": 50.0}}, {"type": "Feature", "geometry": {"type": "Polygon", "coordinates": [[[174.82002920000002, -36.9804502], [174.82002920000002, -36.9795502], [174.81912920000002, -36.9795502], [174.81912920000002, -36.9804502], [174.82002920000002, -36.9804502]]]}, "properties": {"row": 32, "col": 44, "elevation_m": 12.3, "low_elevation": false, "drain_deficiency": 0.467, "adjusted_score": 23.3}}, {"type": "Feature", "geometry": {"type": "Polygon", "coordinates": [[[174.78042920000001, -36.9813502], [174.78042920000001, -36.9804502], [174.7795292, -36.9804502], [174.7795292, -36.9813502], [174.78042920000001, -36.9813502]]]}, "properties": {"row": 33, "col": 0, "elevation_m": 12.5, "low_elevation": false, "drain_deficiency": 0.563, "adjusted_score": 28.2}}, {"type": "Feature", "geometry": {"type": "Polygon", "coordinates": [[[174.78132920000002, -36.9813502], [174.78132920000002, -36.9804502], [174.78042920000001, -36.9804502], [174.78042920000001, -36.9813502], [174.78132920000002, -36.9813502]]]}, "properties": {"row": 33, "col": 1, "elevation_m": 12.7, "low_elevation": false, "drain_deficiency": 0.569, "adjusted_score": 28.5}}, {"type": "Feature", "geometry": {"type": "Polygon", "coordinates": [[[174.78222920000002, -36.9813502], [174.78222920000002, -36.9804502], [174.78132920000002, -36.9804502], [174.78132920000002, -36.9813502], [174.78222920000002, -36.9813502]]]}, "properties": {"row": 33, "col": 2, "elevation_m": 13.5, "low_elevation": false, "drain_deficiency": 0.133, "adjusted_score": 6.6}}, {"type": "Feature", "geometry": {"type": "Polygon", "coordinates": [[[174.78312920000002, -36.9813502], [174.78312920000002, -36.9804502], [174.78222920000002, -36.9804502], [174.78222920000002, -36.9813502], [174.78312920000002, -36.9813502]]]}, "properties": {"row": 33, "col": 3, "elevation_m": 13.2, "low_elevation": false, "drain_deficiency": 0.288, "adjusted_score": 14.4}}, {"type": "Feature", "geometry": {"type": "Polygon", "coordinates": [[[174.78402920000002, -36.9813502], [174.78402920000002, -36.9804502], [174.78312920000002, -36.9804502], [174.78312920000002, -36.9813502], [174.78402920000002, -36.9813502]]]}, "properties": {"row": 33, "col": 4, "elevation_m": 13.1, "low_elevation": false, "drain_deficiency": 0.505, "adjusted_score": 25.2}}, {"type": "Feature", "geometry": {"type": "Polygon", "coordinates": [[[174.78492920000002, -36.9813502], [174.78492920000002, -36.9804502], [174.78402920000002, -36.9804502], [174.78402920000002, -36.9813502], [174.78492920000002, -36.9813502]]]}, "properties": {"row": 33, "col": 5, "elevation_m": 16.2, "low_elevation": false, "drain_deficiency": 0.763, "adjusted_score": 38.1}}, {"type": "Feature", "geometry": {"type": "Polygon", "coordinates": [[[174.78582920000002, -36.9813502], [174.78582920000002, -36.9804502], [174.78492920000002, -36.9804502], [174.78492920000002, -36.9813502], [174.78582920000002, -36.9813502]]]}, "properties": {"row": 33, "col": 6, "elevation_m": 13.6, "low_elevation": false, "drain_deficiency": 0.625, "adjusted_score": 31.2}}, {"type": "Feature", "geometry": {"type": "Polygon", "coordinates": [[[174.78672920000002, -36.9813502], [174.78672920000002, -36.9804502], [174.78582920000002, -36.9804502], [174.78582920000002, -36.9813502], [174.78672920000002, -36.9813502]]]}, "properties": {"row": 33, "col": 7, "elevation_m": 13.8, "low_elevation": false, "drain_deficiency": 0.625, "adjusted_score": 31.2}}, {"type": "Feature", "geometry": {"type": "Polygon", "coordinates": [[[174.78762920000003, -36.9813502], [174.78762920000003, -36.9804502], [174.78672920000002, -36.9804502], [174.78672920000002, -36.9813502], [174.78762920000003, -36.9813502]]]}, "properties": {"row": 33, "col": 8, "elevation_m": 16.1, "low_elevation": false, "drain_deficiency": 1.0, "adjusted_score": 50.0}}, {"type": "Feature", "geometry": {"type": "Polygon", "coordinates": [[[174.78852920000003, -36.9813502], [174.78852920000003, -36.9804502], [174.78762920000003, -36.9804502], [174.78762920000003, -36.9813502], [174.78852920000003, -36.9813502]]]}, "properties": {"row": 33, "col": 9, "elevation_m": 19.4, "low_elevation": false, "drain_deficiency": 1.0, "adjusted_score": 50.0}}, {"type": "Feature", "geometry": {"type": "Polygon", "coordinates": [[[174.7894292, -36.9813502], [174.7894292, -36.9804502], [174.7885292, -36.9804502], [174.7885292, -36.9813502], [174.7894292, -36.9813502]]]}, "properties": {"row": 33, "col": 10, "elevation_m": 17.1, "low_elevation": false, "drain_deficiency": 0.596, "adjusted_score": 29.8}}, {"type": "Feature", "geometry": {"type": "Polygon", "coordinates": [[[174.7903292, -36.9813502], [174.7903292, -36.9804502], [174.7894292, -36.9804502], [174.7894292, -36.9813502], [174.7903292, -36.9813502]]]}, "properties": {"row": 33, "col": 11, "elevation_m": 15.7, "low_elevation": false, "drain_deficiency": 0.625, "adjusted_score": 31.2}}, {"type": "Feature", "geometry": {"type": "Polygon", "coordinates": [[[174.7912292, -36.9813502], [174.7912292, -36.9804502], [174.7903292, -36.9804502], [174.7903292, -36.9813502], [174.7912292, -36.9813502]]]}, "properties": {"row": 33, "col": 12, "elevation_m": 15.9, "low_elevation": false, "drain_deficiency": 0.418, "adjusted_score": 20.9}}, {"type": "Feature", "geometry": {"type": "Polygon", "coordinates": [[[174.7921292, -36.9813502], [174.7921292, -36.9804502], [174.7912292, -36.9804502], [174.7912292, -36.9813502], [174.7921292, -36.9813502]]]}, "properties": {"row": 33, "col": 13, "elevation_m": 15.4, "low_elevation": false, "drain_deficiency": 0.128, "adjusted_score": 6.4}}, {"type": "Feature", "geometry": {"type": "Polygon", "coordinates": [[[174.7930292, -36.9813502], [174.7930292, -36.9804502], [174.7921292, -36.9804502], [174.7921292, -36.9813502], [174.7930292, -36.9813502]]]}, "properties": {"row": 33, "col": 14, "elevation_m": 14.6, "low_elevation": false, "drain_deficiency": 0.771, "adjusted_score": 38.5}}, {"type": "Feature", "geometry": {"type": "Polygon", "coordinates": [[[174.7939292, -36.9813502], [174.7939292, -36.9804502], [174.7930292, -36.9804502], [174.7930292, -36.9813502], [174.7939292, -36.9813502]]]}, "properties": {"row": 33, "col": 15, "elevation_m": 15.0, "low_elevation": false, "drain_deficiency": 1.0, "adjusted_score": 50.0}}, {"type": "Feature", "geometry": {"type": "Polygon", "coordinates": [[[174.7948292, -36.9813502], [174.7948292, -36.9804502], [174.7939292, -36.9804502], [174.7939292, -36.9813502], [174.7948292, -36.9813502]]]}, "properties": {"row": 33, "col": 16, "elevation_m": 15.5, "low_elevation": false, "drain_deficiency": 1.0, "adjusted_score": 50.0}}, {"type": "Feature", "geometry": {"type": "Polygon", "coordinates": [[[174.7957292, -36.9813502], [174.7957292, -36.9804502], [174.7948292, -36.9804502], [174.7948292, -36.9813502], [174.7957292, -36.9813502]]]}, "properties": {"row": 33, "col": 17, "elevation_m": 16.2, "low_elevation": false, "drain_deficiency": 1.0, "adjusted_score": 50.0}}, {"type": "Feature", "geometry": {"type": "Polygon", "coordinates": [[[174.7966292, -36.9813502], [174.7966292, -36.9804502], [174.7957292, -36.9804502], [174.7957292, -36.9813502], [174.7966292, -36.9813502]]]}, "properties": {"row": 33, "col": 18, "elevation_m": 16.3, "low_elevation": false, "drain_deficiency": 1.0, "adjusted_score": 50.0}}, {"type": "Feature", "geometry": {"type": "Polygon", "coordinates": [[[174.7975292, -36.9813502], [174.7975292, -36.9804502], [174.7966292, -36.9804502], [174.7966292, -36.9813502], [174.7975292, -36.9813502]]]}, "properties": {"row": 33, "col": 19, "elevation_m": 15.8, "low_elevation": false, "drain_deficiency": 0.828, "adjusted_score": 41.4}}, {"type": "Feature", "geometry": {"type": "Polygon", "coordinates": [[[174.79842920000002, -36.9813502], [174.79842920000002, -36.9804502], [174.7975292, -36.9804502], [174.7975292, -36.9813502], [174.79842920000002, -36.9813502]]]}, "properties": {"row": 33, "col": 20, "elevation_m": 13.6, "low_elevation": false, "drain_deficiency": 0.75, "adjusted_score": 37.5}}, {"type": "Feature", "geometry": {"type": "Polygon", "coordinates": [[[174.79932920000002, -36.9813502], [174.79932920000002, -36.9804502], [174.79842920000002, -36.9804502], [174.79842920000002, -36.9813502], [174.79932920000002, -36.9813502]]]}, "properties": {"row": 33, "col": 21, "elevation_m": 8.4, "low_elevation": false, "drain_deficiency": 0.75, "adjusted_score": 37.5}}, {"type": "Feature", "geometry": {"type": "Polygon", "coordinates": [[[174.80022920000002, -36.9813502], [174.80022920000002, -36.9804502], [174.79932920000002, -36.9804502], [174.79932920000002, -36.9813502], [174.80022920000002, -36.9813502]]]}, "properties": {"row": 33, "col": 22, "elevation_m": 10.5, "low_elevation": false, "drain_deficiency": 0.985, "adjusted_score": 49.2}}, {"type": "Feature", "geometry": {"type": "Polygon", "coordinates": [[[174.80112920000002, -36.9813502], [174.80112920000002, -36.9804502], [174.80022920000002, -36.9804502], [174.80022920000002, -36.9813502], [174.80112920000002, -36.9813502]]]}, "properties": {"row": 33, "col": 23, "elevation_m": 11.0, "low_elevation": false, "drain_deficiency": 0.713, "adjusted_score": 35.6}}, {"type": "Feature", "geometry": {"type": "Polygon", "coordinates": [[[174.80202920000002, -36.9813502], [174.80202920000002, -36.9804502], [174.80112920000002, -36.9804502], [174.80112920000002, -36.9813502], [174.80202920000002, -36.9813502]]]}, "properties": {"row": 33, "col": 24, "elevation_m": 9.6, "low_elevation": false, "drain_deficiency": 0.23, "adjusted_score": 11.5}}, {"type": "Feature", "geometry": {"type": "Polygon", "coordinates": [[[174.80292920000002, -36.9813502], [174.80292920000002, -36.9804502], [174.80202920000002, -36.9804502], [174.80202920000002, -36.9813502], [174.80292920000002, -36.9813502]]]}, "properties": {"row": 33, "col": 25, "elevation_m": 15.4, "low_elevation": false, "drain_deficiency": 0.625, "adjusted_score": 31.2}}, {"type": "Feature", "geometry": {"type": "Polygon", "coordinates": [[[174.80382920000002, -36.9813502], [174.80382920000002, -36.9804502], [174.80292920000002, -36.9804502], [174.80292920000002, -36.9813502], [174.80382920000002, -36.9813502]]]}, "properties": {"row": 33, "col": 26, "elevation_m": 20.0, "low_elevation": false, "drain_deficiency": 0.5, "adjusted_score": 25.0}}, {"type": "Feature", "geometry": {"type": "Polygon", "coordinates": [[[174.80472920000003, -36.9813502], [174.80472920000003, -36.9804502], [174.80382920000002, -36.9804502], [174.80382920000002, -36.9813502], [174.80472920000003, -36.9813502]]]}, "properties": {"row": 33, "col": 27, "elevation_m": 22.6, "low_elevation": false, "drain_deficiency": 0.375, "adjusted_score": 18.8}}, {"type": "Feature", "geometry": {"type": "Polygon", "coordinates": [[[174.80562920000003, -36.9813502], [174.80562920000003, -36.9804502], [174.80472920000003, -36.9804502], [174.80472920000003, -36.9813502], [174.80562920000003, -36.9813502]]]}, "properties": {"row": 33, "col": 28, "elevation_m": 25.7, "low_elevation": false, "drain_deficiency": 0.75, "adjusted_score": 37.5}}, {"type": "Feature", "geometry": {"type": "Polygon", "coordinates": [[[174.80652920000003, -36.9813502], [174.80652920000003, -36.9804502], [174.80562920000003, -36.9804502], [174.80562920000003, -36.9813502], [174.80652920000003, -36.9813502]]]}, "properties": {"row": 33, "col": 29, "elevation_m": 23.8, "low_elevation": false, "drain_deficiency": 0.625, "adjusted_score": 31.2}}, {"type": "Feature", "geometry": {"type": "Polygon", "coordinates": [[[174.8074292, -36.9813502], [174.8074292, -36.9804502], [174.8065292, -36.9804502], [174.8065292, -36.9813502], [174.8074292, -36.9813502]]]}, "properties": {"row": 33, "col": 30, "elevation_m": 18.1, "low_elevation": false, "drain_deficiency": 1.0, "adjusted_score": 50.0}}, {"type": "Feature", "geometry": {"type": "Polygon", "coordinates": [[[174.8083292, -36.9813502], [174.8083292, -36.9804502], [174.8074292, -36.9804502], [174.8074292, -36.9813502], [174.8083292, -36.9813502]]]}, "properties": {"row": 33, "col": 31, "elevation_m": 8.5, "low_elevation": false, "drain_deficiency": 1.0, "adjusted_score": 50.0}}, {"type": "Feature", "geometry": {"type": "Polygon", "coordinates": [[[174.8092292, -36.9813502], [174.8092292, -36.9804502], [174.8083292, -36.9804502], [174.8083292, -36.9813502], [174.8092292, -36.9813502]]]}, "properties": {"row": 33, "col": 32, "elevation_m": 1.8, "low_elevation": true, "drain_deficiency": 1.0, "adjusted_score": 100.0}}, {"type": "Feature", "geometry": {"type": "Polygon", "coordinates": [[[174.8101292, -36.9813502], [174.8101292, -36.9804502], [174.8092292, -36.9804502], [174.8092292, -36.9813502], [174.8101292, -36.9813502]]]}, "properties": {"row": 33, "col": 33, "elevation_m": 1.0, "low_elevation": true, "drain_deficiency": 1.0, "adjusted_score": 100.0}}, {"type": "Feature", "geometry": {"type": "Polygon", "coordinates": [[[174.8110292, -36.9813502], [174.8110292, -36.9804502], [174.8101292, -36.9804502], [174.8101292, -36.9813502], [174.8110292, -36.9813502]]]}, "properties": {"row": 33, "col": 34, "elevation_m": 0.9, "low_elevation": true, "drain_deficiency": 1.0, "adjusted_score": 100.0}}, {"type": "Feature", "geometry": {"type": "Polygon", "coordinates": [[[174.8119292, -36.9813502], [174.8119292, -36.9804502], [174.8110292, -36.9804502], [174.8110292, -36.9813502], [174.8119292, -36.9813502]]]}, "properties": {"row": 33, "col": 35, "elevation_m": 1.3, "low_elevation": true, "drain_deficiency": 0.96, "adjusted_score": 98.0}}, {"type": "Feature", "geometry": {"type": "Polygon", "coordinates": [[[174.8128292, -36.9813502], [174.8128292, -36.9804502], [174.8119292, -36.9804502], [174.8119292, -36.9813502], [174.8128292, -36.9813502]]]}, "properties": {"row": 33, "col": 36, "elevation_m": 2.1, "low_elevation": true, "drain_deficiency": 0.929, "adjusted_score": 96.5}}, {"type": "Feature", "geometry": {"type": "Polygon", "coordinates": [[[174.8137292, -36.9813502], [174.8137292, -36.9804502], [174.8128292, -36.9804502], [174.8128292, -36.9813502], [174.8137292, -36.9813502]]]}, "properties": {"row": 33, "col": 37, "elevation_m": 7.0, "low_elevation": false, "drain_deficiency": 1.0, "adjusted_score": 50.0}}, {"type": "Feature", "geometry": {"type": "Polygon", "coordinates": [[[174.8146292, -36.9813502], [174.8146292, -36.9804502], [174.8137292, -36.9804502], [174.8137292, -36.9813502], [174.8146292, -36.9813502]]]}, "properties": {"row": 33, "col": 38, "elevation_m": 17.4, "low_elevation": false, "drain_deficiency": 1.0, "adjusted_score": 50.0}}, {"type": "Feature", "geometry": {"type": "Polygon", "coordinates": [[[174.81552920000001, -36.9813502], [174.81552920000001, -36.9804502], [174.8146292, -36.9804502], [174.8146292, -36.9813502], [174.81552920000001, -36.9813502]]]}, "properties": {"row": 33, "col": 39, "elevation_m": 25.8, "low_elevation": false, "drain_deficiency": 1.0, "adjusted_score": 50.0}}, {"type": "Feature", "geometry": {"type": "Polygon", "coordinates": [[[174.81642920000002, -36.9813502], [174.81642920000002, -36.9804502], [174.81552920000001, -36.9804502], [174.81552920000001, -36.9813502], [174.81642920000002, -36.9813502]]]}, "properties": {"row": 33, "col": 40, "elevation_m": 30.4, "low_elevation": false, "drain_deficiency": 1.0, "adjusted_score": 50.0}}, {"type": "Feature", "geometry": {"type": "Polygon", "coordinates": [[[174.81732920000002, -36.9813502], [174.81732920000002, -36.9804502], [174.81642920000002, -36.9804502], [174.81642920000002, -36.9813502], [174.81732920000002, -36.9813502]]]}, "properties": {"row": 33, "col": 41, "elevation_m": 28.6, "low_elevation": false, "drain_deficiency": 1.0, "adjusted_score": 50.0}}, {"type": "Feature", "geometry": {"type": "Polygon", "coordinates": [[[174.81822920000002, -36.9813502], [174.81822920000002, -36.9804502], [174.81732920000002, -36.9804502], [174.81732920000002, -36.9813502], [174.81822920000002, -36.9813502]]]}, "properties": {"row": 33, "col": 42, "elevation_m": 23.4, "low_elevation": false, "drain_deficiency": 1.0, "adjusted_score": 50.0}}, {"type": "Feature", "geometry": {"type": "Polygon", "coordinates": [[[174.81912920000002, -36.9813502], [174.81912920000002, -36.9804502], [174.81822920000002, -36.9804502], [174.81822920000002, -36.9813502], [174.81912920000002, -36.9813502]]]}, "properties": {"row": 33, "col": 43, "elevation_m": 17.7, "low_elevation": false, "drain_deficiency": 0.982, "adjusted_score": 49.1}}, {"type": "Feature", "geometry": {"type": "Polygon", "coordinates": [[[174.82002920000002, -36.9813502], [174.82002920000002, -36.9804502], [174.81912920000002, -36.9804502], [174.81912920000002, -36.9813502], [174.82002920000002, -36.9813502]]]}, "properties": {"row": 33, "col": 44, "elevation_m": 9.3, "low_elevation": false, "drain_deficiency": 0.367, "adjusted_score": 18.3}}, {"type": "Feature", "geometry": {"type": "Polygon", "coordinates": [[[174.78042920000001, -36.9822502], [174.78042920000001, -36.9813502], [174.7795292, -36.9813502], [174.7795292, -36.9822502], [174.78042920000001, -36.9822502]]]}, "properties": {"row": 34, "col": 0, "elevation_m": 17.0, "low_elevation": false, "drain_deficiency": 1.0, "adjusted_score": 50.0}}, {"type": "Feature", "geometry": {"type": "Polygon", "coordinates": [[[174.78132920000002, -36.9822502], [174.78132920000002, -36.9813502], [174.78042920000001, -36.9813502], [174.78042920000001, -36.9822502], [174.78132920000002, -36.9822502]]]}, "properties": {"row": 34, "col": 1, "elevation_m": 15.9, "low_elevation": false, "drain_deficiency": 0.987, "adjusted_score": 49.3}}, {"type": "Feature", "geometry": {"type": "Polygon", "coordinates": [[[174.78222920000002, -36.9822502], [174.78222920000002, -36.9813502], [174.78132920000002, -36.9813502], [174.78132920000002, -36.9822502], [174.78222920000002, -36.9822502]]]}, "properties": {"row": 34, "col": 2, "elevation_m": 12.7, "low_elevation": false, "drain_deficiency": 0.5, "adjusted_score": 25.0}}, {"type": "Feature", "geometry": {"type": "Polygon", "coordinates": [[[174.78312920000002, -36.9822502], [174.78312920000002, -36.9813502], [174.78222920000002, -36.9813502], [174.78222920000002, -36.9822502], [174.78312920000002, -36.9822502]]]}, "properties": {"row": 34, "col": 3, "elevation_m": 12.9, "low_elevation": false, "drain_deficiency": 0.257, "adjusted_score": 12.8}}, {"type": "Feature", "geometry": {"type": "Polygon", "coordinates": [[[174.78402920000002, -36.9822502], [174.78402920000002, -36.9813502], [174.78312920000002, -36.9813502], [174.78312920000002, -36.9822502], [174.78402920000002, -36.9822502]]]}, "properties": {"row": 34, "col": 4, "elevation_m": 11.4, "low_elevation": false, "drain_deficiency": 0.375, "adjusted_score": 18.8}}, {"type": "Feature", "geometry": {"type": "Polygon", "coordinates": [[[174.78492920000002, -36.9822502], [174.78492920000002, -36.9813502], [174.78402920000002, -36.9813502], [174.78402920000002, -36.9822502], [174.78492920000002, -36.9822502]]]}, "properties": {"row": 34, "col": 5, "elevation_m": 13.3, "low_elevation": false, "drain_deficiency": 0.477, "adjusted_score": 23.9}}, {"type": "Feature", "geometry": {"type": "Polygon", "coordinates": [[[174.78582920000002, -36.9822502], [174.78582920000002, -36.9813502], [174.78492920000002, -36.9813502], [174.78492920000002, -36.9822502], [174.78582920000002, -36.9822502]]]}, "properties": {"row": 34, "col": 6, "elevation_m": 12.7, "low_elevation": false, "drain_deficiency": 0.635, "adjusted_score": 31.8}}, {"type": "Feature", "geometry": {"type": "Polygon", "coordinates": [[[174.78672920000002, -36.9822502], [174.78672920000002, -36.9813502], [174.78582920000002, -36.9813502], [174.78582920000002, -36.9822502], [174.78672920000002, -36.9822502]]]}, "properties": {"row": 34, "col": 7, "elevation_m": 13.2, "low_elevation": false, "drain_deficiency": 1.0, "adjusted_score": 50.0}}, {"type": "Feature", "geometry": {"type": "Polygon", "coordinates": [[[174.78762920000003, -36.9822502], [174.78762920000003, -36.9813502], [174.78672920000002, -36.9813502], [174.78672920000002, -36.9822502], [174.78762920000003, -36.9822502]]]}, "properties": {"row": 34, "col": 8, "elevation_m": 14.7, "low_elevation": false, "drain_deficiency": 1.0, "adjusted_score": 50.0}}, {"type": "Feature", "geometry": {"type": "Polygon", "coordinates": [[[174.78852920000003, -36.9822502], [174.78852920000003, -36.9813502], [174.78762920000003, -36.9813502], [174.78762920000003, -36.9822502], [174.78852920000003, -36.9822502]]]}, "properties": {"row": 34, "col": 9, "elevation_m": 15.2, "low_elevation": false, "drain_deficiency": 0.784, "adjusted_score": 39.2}}, {"type": "Feature", "geometry": {"type": "Polygon", "coordinates": [[[174.7894292, -36.9822502], [174.7894292, -36.9813502], [174.7885292, -36.9813502], [174.7885292, -36.9822502], [174.7894292, -36.9822502]]]}, "properties": {"row": 34, "col": 10, "elevation_m": 15.8, "low_elevation": false, "drain_deficiency": 0.5, "adjusted_score": 25.0}}, {"type": "Feature", "geometry": {"type": "Polygon", "coordinates": [[[174.7903292, -36.9822502], [174.7903292, -36.9813502], [174.7894292, -36.9813502], [174.7894292, -36.9822502], [174.7903292, -36.9822502]]]}, "properties": {"row": 34, "col": 11, "elevation_m": 16.7, "low_elevation": false, "drain_deficiency": 0.5, "adjusted_score": 25.0}}, {"type": "Feature", "geometry": {"type": "Polygon", "coordinates": [[[174.7912292, -36.9822502], [174.7912292, -36.9813502], [174.7903292, -36.9813502], [174.7903292, -36.9822502], [174.7912292, -36.9822502]]]}, "properties": {"row": 34, "col": 12, "elevation_m": 16.7, "low_elevation": false, "drain_deficiency": 0.093, "adjusted_score": 4.6}}, {"type": "Feature", "geometry": {"type": "Polygon", "coordinates": [[[174.7921292, -36.9822502], [174.7921292, -36.9813502], [174.7912292, -36.9813502], [174.7912292, -36.9822502], [174.7921292, -36.9822502]]]}, "properties": {"row": 34, "col": 13, "elevation_m": 14.6, "low_elevation": false, "drain_deficiency": 0.185, "adjusted_score": 9.2}}, {"type": "Feature", "geometry": {"type": "Polygon", "coordinates": [[[174.7930292, -36.9822502], [174.7930292, -36.9813502], [174.7921292, -36.9813502], [174.7921292, -36.9822502], [174.7930292, -36.9822502]]]}, "properties": {"row": 34, "col": 14, "elevation_m": 14.5, "low_elevation": false, "drain_deficiency": 0.526, "adjusted_score": 26.3}}, {"type": "Feature", "geometry": {"type": "Polygon", "coordinates": [[[174.7939292, -36.9822502], [174.7939292, -36.9813502], [174.7930292, -36.9813502], [174.7930292, -36.9822502], [174.7939292, -36.9822502]]]}, "properties": {"row": 34, "col": 15, "elevation_m": 14.6, "low_elevation": false, "drain_deficiency": 1.0, "adjusted_score": 50.0}}, {"type": "Feature", "geometry": {"type": "Polygon", "coordinates": [[[174.7948292, -36.9822502], [174.7948292, -36.9813502], [174.7939292, -36.9813502], [174.7939292, -36.9822502], [174.7948292, -36.9822502]]]}, "properties": {"row": 34, "col": 16, "elevation_m": 14.3, "low_elevation": false, "drain_deficiency": 1.0, "adjusted_score": 50.0}}, {"type": "Feature", "geometry": {"type": "Polygon", "coordinates": [[[174.7957292, -36.9822502], [174.7957292, -36.9813502], [174.7948292, -36.9813502], [174.7948292, -36.9822502], [174.7957292, -36.9822502]]]}, "properties": {"row": 34, "col": 17, "elevation_m": 14.4, "low_elevation": false, "drain_deficiency": 1.0, "adjusted_score": 50.0}}, {"type": "Feature", "geometry": {"type": "Polygon", "coordinates": [[[174.7966292, -36.9822502], [174.7966292, -36.9813502], [174.7957292, -36.9813502], [174.7957292, -36.9822502], [174.7966292, -36.9822502]]]}, "properties": {"row": 34, "col": 18, "elevation_m": 14.0, "low_elevation": false, "drain_deficiency": 1.0, "adjusted_score": 50.0}}, {"type": "Feature", "geometry": {"type": "Polygon", "coordinates": [[[174.7975292, -36.9822502], [174.7975292, -36.9813502], [174.7966292, -36.9813502], [174.7966292, -36.9822502], [174.7975292, -36.9822502]]]}, "properties": {"row": 34, "col": 19, "elevation_m": 15.0, "low_elevation": false, "drain_deficiency": 1.0, "adjusted_score": 50.0}}, {"type": "Feature", "geometry": {"type": "Polygon", "coordinates": [[[174.79842920000002, -36.9822502], [174.79842920000002, -36.9813502], [174.7975292, -36.9813502], [174.7975292, -36.9822502], [174.79842920000002, -36.9822502]]]}, "properties": {"row": 34, "col": 20, "elevation_m": 15.0, "low_elevation": false, "drain_deficiency": 1.0, "adjusted_score": 50.0}}, {"type": "Feature", "geometry": {"type": "Polygon", "coordinates": [[[174.79932920000002, -36.9822502], [174.79932920000002, -36.9813502], [174.79842920000002, -36.9813502], [174.79842920000002, -36.9822502], [174.79932920000002, -36.9822502]]]}, "properties": {"row": 34, "col": 21, "elevation_m": 9.5, "low_elevation": false, "drain_deficiency": 1.0, "adjusted_score": 50.0}}, {"type": "Feature", "geometry": {"type": "Polygon", "coordinates": [[[174.80022920000002, -36.9822502], [174.80022920000002, -36.9813502], [174.79932920000002, -36.9813502], [174.79932920000002, -36.9822502], [174.80022920000002, -36.9822502]]]}, "properties": {"row": 34, "col": 22, "elevation_m": 7.8, "low_elevation": false, "drain_deficiency": 1.0, "adjusted_score": 50.0}}, {"type": "Feature", "geometry": {"type": "Polygon", "coordinates": [[[174.80112920000002, -36.9822502], [174.80112920000002, -36.9813502], [174.80022920000002, -36.9813502], [174.80022920000002, -36.9822502], [174.80112920000002, -36.9822502]]]}, "properties": {"row": 34, "col": 23, "elevation_m": 11.4, "low_elevation": false, "drain_deficiency": 1.0, "adjusted_score": 50.0}}, {"type": "Feature", "geometry": {"type": "Polygon", "coordinates": [[[174.80202920000002, -36.9822502], [174.80202920000002, -36.9813502], [174.80112920000002, -36.9813502], [174.80112920000002, -36.9822502], [174.80202920000002, -36.9822502]]]}, "properties": {"row": 34, "col": 24, "elevation_m": 8.7, "low_elevation": false, "drain_deficiency": 0.497, "adjusted_score": 24.9}}, {"type": "Feature", "geometry": {"type": "Polygon", "coordinates": [[[174.80292920000002, -36.9822502], [174.80292920000002, -36.9813502], [174.80202920000002, -36.9813502], [174.80202920000002, -36.9822502], [174.80292920000002, -36.9822502]]]}, "properties": {"row": 34, "col": 25, "elevation_m": 13.7, "low_elevation": false, "drain_deficiency": 0.416, "adjusted_score": 20.8}}, {"type": "Feature", "geometry": {"type": "Polygon", "coordinates": [[[174.80382920000002, -36.9822502], [174.80382920000002, -36.9813502], [174.80292920000002, -36.9813502], [174.80292920000002, -36.9822502], [174.80382920000002, -36.9822502]]]}, "properties": {"row": 34, "col": 26, "elevation_m": 19.9, "low_elevation": false, "drain_deficiency": 0.75, "adjusted_score": 37.5}}, {"type": "Feature", "geometry": {"type": "Polygon", "coordinates": [[[174.80472920000003, -36.9822502], [174.80472920000003, -36.9813502], [174.80382920000002, -36.9813502], [174.80382920000002, -36.9822502], [174.80472920000003, -36.9822502]]]}, "properties": {"row": 34, "col": 27, "elevation_m": 23.6, "low_elevation": false, "drain_deficiency": 0.375, "adjusted_score": 18.8}}, {"type": "Feature", "geometry": {"type": "Polygon", "coordinates": [[[174.80562920000003, -36.9822502], [174.80562920000003, -36.9813502], [174.80472920000003, -36.9813502], [174.80472920000003, -36.9822502], [174.80562920000003, -36.9822502]]]}, "properties": {"row": 34, "col": 28, "elevation_m": 25.4, "low_elevation": false, "drain_deficiency": 0.625, "adjusted_score": 31.2}}, {"type": "Feature", "geometry": {"type": "Polygon", "coordinates": [[[174.80652920000003, -36.9822502], [174.80652920000003, -36.9813502], [174.80562920000003, -36.9813502], [174.80562920000003, -36.9822502], [174.80652920000003, -36.9822502]]]}, "properties": {"row": 34, "col": 29, "elevation_m": 20.5, "low_elevation": false, "drain_deficiency": 0.862, "adjusted_score": 43.1}}, {"type": "Feature", "geometry": {"type": "Polygon", "coordinates": [[[174.8074292, -36.9822502], [174.8074292, -36.9813502], [174.8065292, -36.9813502], [174.8065292, -36.9822502], [174.8074292, -36.9822502]]]}, "properties": {"row": 34, "col": 30, "elevation_m": 13.4, "low_elevation": false, "drain_deficiency": 1.0, "adjusted_score": 50.0}}, {"type": "Feature", "geometry": {"type": "Polygon", "coordinates": [[[174.8083292, -36.9822502], [174.8083292, -36.9813502], [174.8074292, -36.9813502], [174.8074292, -36.9822502], [174.8083292, -36.9822502]]]}, "properties": {"row": 34, "col": 31, "elevation_m": 2.8, "low_elevation": true, "drain_deficiency": 1.0, "adjusted_score": 100.0}}, {"type": "Feature", "geometry": {"type": "Polygon", "coordinates": [[[174.8092292, -36.9822502], [174.8092292, -36.9813502], [174.8083292, -36.9813502], [174.8083292, -36.9822502], [174.8092292, -36.9822502]]]}, "properties": {"row": 34, "col": 32, "elevation_m": 0.3, "low_elevation": true, "drain_deficiency": 1.0, "adjusted_score": 100.0}}, {"type": "Feature", "geometry": {"type": "Polygon", "coordinates": [[[174.8101292, -36.9822502], [174.8101292, -36.9813502], [174.8092292, -36.9813502], [174.8092292, -36.9822502], [174.8101292, -36.9822502]]]}, "properties": {"row": 34, "col": 33, "elevation_m": 0.3, "low_elevation": true, "drain_deficiency": 1.0, "adjusted_score": 100.0}}, {"type": "Feature", "geometry": {"type": "Polygon", "coordinates": [[[174.8110292, -36.9822502], [174.8110292, -36.9813502], [174.8101292, -36.9813502], [174.8101292, -36.9822502], [174.8110292, -36.9822502]]]}, "properties": {"row": 34, "col": 34, "elevation_m": 0.4, "low_elevation": true, "drain_deficiency": 1.0, "adjusted_score": 100.0}}, {"type": "Feature", "geometry": {"type": "Polygon", "coordinates": [[[174.8119292, -36.9822502], [174.8119292, -36.9813502], [174.8110292, -36.9813502], [174.8110292, -36.9822502], [174.8119292, -36.9822502]]]}, "properties": {"row": 34, "col": 35, "elevation_m": 0.4, "low_elevation": true, "drain_deficiency": 1.0, "adjusted_score": 100.0}}, {"type": "Feature", "geometry": {"type": "Polygon", "coordinates": [[[174.8128292, -36.9822502], [174.8128292, -36.9813502], [174.8119292, -36.9813502], [174.8119292, -36.9822502], [174.8128292, -36.9822502]]]}, "properties": {"row": 34, "col": 36, "elevation_m": 0.5, "low_elevation": true, "drain_deficiency": 1.0, "adjusted_score": 100.0}}, {"type": "Feature", "geometry": {"type": "Polygon", "coordinates": [[[174.8137292, -36.9822502], [174.8137292, -36.9813502], [174.8128292, -36.9813502], [174.8128292, -36.9822502], [174.8137292, -36.9822502]]]}, "properties": {"row": 34, "col": 37, "elevation_m": 0.9, "low_elevation": true, "drain_deficiency": 1.0, "adjusted_score": 100.0}}, {"type": "Feature", "geometry": {"type": "Polygon", "coordinates": [[[174.8146292, -36.9822502], [174.8146292, -36.9813502], [174.8137292, -36.9813502], [174.8137292, -36.9822502], [174.8146292, -36.9822502]]]}, "properties": {"row": 34, "col": 38, "elevation_m": 12.0, "low_elevation": false, "drain_deficiency": 1.0, "adjusted_score": 50.0}}, {"type": "Feature", "geometry": {"type": "Polygon", "coordinates": [[[174.81552920000001, -36.9822502], [174.81552920000001, -36.9813502], [174.8146292, -36.9813502], [174.8146292, -36.9822502], [174.81552920000001, -36.9822502]]]}, "properties": {"row": 34, "col": 39, "elevation_m": 29.2, "low_elevation": false, "drain_deficiency": 1.0, "adjusted_score": 50.0}}, {"type": "Feature", "geometry": {"type": "Polygon", "coordinates": [[[174.81642920000002, -36.9822502], [174.81642920000002, -36.9813502], [174.81552920000001, -36.9813502], [174.81552920000001, -36.9822502], [174.81642920000002, -36.9822502]]]}, "properties": {"row": 34, "col": 40, "elevation_m": 28.7, "low_elevation": false, "drain_deficiency": 1.0, "adjusted_score": 50.0}}, {"type": "Feature", "geometry": {"type": "Polygon", "coordinates": [[[174.81732920000002, -36.9822502], [174.81732920000002, -36.9813502], [174.81642920000002, -36.9813502], [174.81642920000002, -36.9822502], [174.81732920000002, -36.9822502]]]}, "properties": {"row": 34, "col": 41, "elevation_m": 24.1, "low_elevation": false, "drain_deficiency": 1.0, "adjusted_score": 50.0}}, {"type": "Feature", "geometry": {"type": "Polygon", "coordinates": [[[174.81822920000002, -36.9822502], [174.81822920000002, -36.9813502], [174.81732920000002, -36.9813502], [174.81732920000002, -36.9822502], [174.81822920000002, -36.9822502]]]}, "properties": {"row": 34, "col": 42, "elevation_m": 20.6, "low_elevation": false, "drain_deficiency": 1.0, "adjusted_score": 50.0}}, {"type": "Feature", "geometry": {"type": "Polygon", "coordinates": [[[174.81912920000002, -36.9822502], [174.81912920000002, -36.9813502], [174.81822920000002, -36.9813502], [174.81822920000002, -36.9822502], [174.81912920000002, -36.9822502]]]}, "properties": {"row": 34, "col": 43, "elevation_m": 15.6, "low_elevation": false, "drain_deficiency": 1.0, "adjusted_score": 50.0}}, {"type": "Feature", "geometry": {"type": "Polygon", "coordinates": [[[174.82002920000002, -36.9822502], [174.82002920000002, -36.9813502], [174.81912920000002, -36.9813502], [174.81912920000002, -36.9822502], [174.82002920000002, -36.9822502]]]}, "properties": {"row": 34, "col": 44, "elevation_m": 7.7, "low_elevation": false, "drain_deficiency": 0.643, "adjusted_score": 32.1}}, {"type": "Feature", "geometry": {"type": "Polygon", "coordinates": [[[174.78042920000001, -36.983150200000004], [174.78042920000001, -36.9822502], [174.7795292, -36.9822502], [174.7795292, -36.983150200000004], [174.78042920000001, -36.983150200000004]]]}, "properties": {"row": 35, "col": 0, "elevation_m": 19.4, "low_elevation": false, "drain_deficiency": 1.0, "adjusted_score": 50.0}}, {"type": "Feature", "geometry": {"type": "Polygon", "coordinates": [[[174.78132920000002, -36.983150200000004], [174.78132920000002, -36.9822502], [174.78042920000001, -36.9822502], [174.78042920000001, -36.983150200000004], [174.78132920000002, -36.983150200000004]]]}, "properties": {"row": 35, "col": 1, "elevation_m": 14.6, "low_elevation": false, "drain_deficiency": 1.0, "adjusted_score": 50.0}}, {"type": "Feature", "geometry": {"type": "Polygon", "coordinates": [[[174.78222920000002, -36.983150200000004], [174.78222920000002, -36.9822502], [174.78132920000002, -36.9822502], [174.78132920000002, -36.983150200000004], [174.78222920000002, -36.983150200000004]]]}, "properties": {"row": 35, "col": 2, "elevation_m": 14.5, "low_elevation": false, "drain_deficiency": 0.909, "adjusted_score": 45.4}}, {"type": "Feature", "geometry": {"type": "Polygon", "coordinates": [[[174.78312920000002, -36.983150200000004], [174.78312920000002, -36.9822502], [174.78222920000002, -36.9822502], [174.78222920000002, -36.983150200000004], [174.78312920000002, -36.983150200000004]]]}, "properties": {"row": 35, "col": 3, "elevation_m": 15.4, "low_elevation": false, "drain_deficiency": 0.5, "adjusted_score": 25.0}}, {"type": "Feature", "geometry": {"type": "Polygon", "coordinates": [[[174.78402920000002, -36.983150200000004], [174.78402920000002, -36.9822502], [174.78312920000002, -36.9822502], [174.78312920000002, -36.983150200000004], [174.78402920000002, -36.983150200000004]]]}, "properties": {"row": 35, "col": 4, "elevation_m": 13.3, "low_elevation": false, "drain_deficiency": 0.403, "adjusted_score": 20.2}}, {"type": "Feature", "geometry": {"type": "Polygon", "coordinates": [[[174.78492920000002, -36.983150200000004], [174.78492920000002, -36.9822502], [174.78402920000002, -36.9822502], [174.78402920000002, -36.983150200000004], [174.78492920000002, -36.983150200000004]]]}, "properties": {"row": 35, "col": 5, "elevation_m": 13.2, "low_elevation": false, "drain_deficiency": 0.5, "adjusted_score": 25.0}}, {"type": "Feature", "geometry": {"type": "Polygon", "coordinates": [[[174.78582920000002, -36.983150200000004], [174.78582920000002, -36.9822502], [174.78492920000002, -36.9822502], [174.78492920000002, -36.983150200000004], [174.78582920000002, -36.983150200000004]]]}, "properties": {"row": 35, "col": 6, "elevation_m": 13.5, "low_elevation": false, "drain_deficiency": 0.5, "adjusted_score": 25.0}}, {"type": "Feature", "geometry": {"type": "Polygon", "coordinates": [[[174.78672920000002, -36.983150200000004], [174.78672920000002, -36.9822502], [174.78582920000002, -36.9822502], [174.78582920000002, -36.983150200000004], [174.78672920000002, -36.983150200000004]]]}, "properties": {"row": 35, "col": 7, "elevation_m": 14.7, "low_elevation": false, "drain_deficiency": 0.966, "adjusted_score": 48.3}}, {"type": "Feature", "geometry": {"type": "Polygon", "coordinates": [[[174.78762920000003, -36.983150200000004], [174.78762920000003, -36.9822502], [174.78672920000002, -36.9822502], [174.78672920000002, -36.983150200000004], [174.78762920000003, -36.983150200000004]]]}, "properties": {"row": 35, "col": 8, "elevation_m": 15.4, "low_elevation": false, "drain_deficiency": 0.982, "adjusted_score": 49.1}}, {"type": "Feature", "geometry": {"type": "Polygon", "coordinates": [[[174.78852920000003, -36.983150200000004], [174.78852920000003, -36.9822502], [174.78762920000003, -36.9822502], [174.78762920000003, -36.983150200000004], [174.78852920000003, -36.983150200000004]]]}, "properties": {"row": 35, "col": 9, "elevation_m": 15.7, "low_elevation": false, "drain_deficiency": 0.437, "adjusted_score": 21.9}}, {"type": "Feature", "geometry": {"type": "Polygon", "coordinates": [[[174.7894292, -36.983150200000004], [174.7894292, -36.9822502], [174.7885292, -36.9822502], [174.7885292, -36.983150200000004], [174.7894292, -36.983150200000004]]]}, "properties": {"row": 35, "col": 10, "elevation_m": 17.8, "low_elevation": false, "drain_deficiency": 0.125, "adjusted_score": 6.2}}, {"type": "Feature", "geometry": {"type": "Polygon", "coordinates": [[[174.7903292, -36.983150200000004], [174.7903292, -36.9822502], [174.7894292, -36.9822502], [174.7894292, -36.983150200000004], [174.7903292, -36.983150200000004]]]}, "properties": {"row": 35, "col": 11, "elevation_m": 20.3, "low_elevation": false, "drain_deficiency": 0.653, "adjusted_score": 32.7}}, {"type": "Feature", "geometry": {"type": "Polygon", "coordinates": [[[174.7912292, -36.983150200000004], [174.7912292, -36.9822502], [174.7903292, -36.9822502], [174.7903292, -36.983150200000004], [174.7912292, -36.983150200000004]]]}, "properties": {"row": 35, "col": 12, "elevation_m": 20.1, "low_elevation": false, "drain_deficiency": 0.656, "adjusted_score": 32.8}}, {"type": "Feature", "geometry": {"type": "Polygon", "coordinates": [[[174.7921292, -36.983150200000004], [174.7921292, -36.9822502], [174.7912292, -36.9822502], [174.7912292, -36.983150200000004], [174.7921292, -36.983150200000004]]]}, "properties": {"row": 35, "col": 13, "elevation_m": 14.9, "low_elevation": false, "drain_deficiency": 0.417, "adjusted_score": 20.9}}, {"type": "Feature", "geometry": {"type": "Polygon", "coordinates": [[[174.7930292, -36.983150200000004], [174.7930292, -36.9822502], [174.7921292, -36.9822502], [174.7921292, -36.983150200000004], [174.7930292, -36.983150200000004]]]}, "properties": {"row": 35, "col": 14, "elevation_m": 13.8, "low_elevation": false, "drain_deficiency": 0.58, "adjusted_score": 29.0}}, {"type": "Feature", "geometry": {"type": "Polygon", "coordinates": [[[174.7939292, -36.983150200000004], [174.7939292, -36.9822502], [174.7930292, -36.9822502], [174.7930292, -36.983150200000004], [174.7939292, -36.983150200000004]]]}, "properties": {"row": 35, "col": 15, "elevation_m": 13.6, "low_elevation": false, "drain_deficiency": 1.0, "adjusted_score": 50.0}}, {"type": "Feature", "geometry": {"type": "Polygon", "coordinates": [[[174.7948292, -36.983150200000004], [174.7948292, -36.9822502], [174.7939292, -36.9822502], [174.7939292, -36.983150200000004], [174.7948292, -36.983150200000004]]]}, "properties": {"row": 35, "col": 16, "elevation_m": 15.2, "low_elevation": false, "drain_deficiency": 1.0, "adjusted_score": 50.0}}, {"type": "Feature", "geometry": {"type": "Polygon", "coordinates": [[[174.7957292, -36.983150200000004], [174.7957292, -36.9822502], [174.7948292, -36.9822502], [174.7948292, -36.983150200000004], [174.7957292, -36.983150200000004]]]}, "properties": {"row": 35, "col": 17, "elevation_m": 14.3, "low_elevation": false, "drain_deficiency": 1.0, "adjusted_score": 50.0}}, {"type": "Feature", "geometry": {"type": "Polygon", "coordinates": [[[174.7966292, -36.983150200000004], [174.7966292, -36.9822502], [174.7957292, -36.9822502], [174.7957292, -36.983150200000004], [174.7966292, -36.983150200000004]]]}, "properties": {"row": 35, "col": 18, "elevation_m": 11.1, "low_elevation": false, "drain_deficiency": 1.0, "adjusted_score": 50.0}}, {"type": "Feature", "geometry": {"type": "Polygon", "coordinates": [[[174.7975292, -36.983150200000004], [174.7975292, -36.9822502], [174.7966292, -36.9822502], [174.7966292, -36.983150200000004], [174.7975292, -36.983150200000004]]]}, "properties": {"row": 35, "col": 19, "elevation_m": 11.1, "low_elevation": false, "drain_deficiency": 1.0, "adjusted_score": 50.0}}, {"type": "Feature", "geometry": {"type": "Polygon", "coordinates": [[[174.79842920000002, -36.983150200000004], [174.79842920000002, -36.9822502], [174.7975292, -36.9822502], [174.7975292, -36.983150200000004], [174.79842920000002, -36.983150200000004]]]}, "properties": {"row": 35, "col": 20, "elevation_m": 13.1, "low_elevation": false, "drain_deficiency": 1.0, "adjusted_score": 50.0}}, {"type": "Feature", "geometry": {"type": "Polygon", "coordinates": [[[174.79932920000002, -36.983150200000004], [174.79932920000002, -36.9822502], [174.79842920000002, -36.9822502], [174.79842920000002, -36.983150200000004], [174.79932920000002, -36.983150200000004]]]}, "properties": {"row": 35, "col": 21, "elevation_m": 7.3, "low_elevation": false, "drain_deficiency": 1.0, "adjusted_score": 50.0}}, {"type": "Feature", "geometry": {"type": "Polygon", "coordinates": [[[174.80022920000002, -36.983150200000004], [174.80022920000002, -36.9822502], [174.79932920000002, -36.9822502], [174.79932920000002, -36.983150200000004], [174.80022920000002, -36.983150200000004]]]}, "properties": {"row": 35, "col": 22, "elevation_m": 6.9, "low_elevation": false, "drain_deficiency": 1.0, "adjusted_score": 50.0}}, {"type": "Feature", "geometry": {"type": "Polygon", "coordinates": [[[174.80112920000002, -36.983150200000004], [174.80112920000002, -36.9822502], [174.80022920000002, -36.9822502], [174.80022920000002, -36.983150200000004], [174.80112920000002, -36.983150200000004]]]}, "properties": {"row": 35, "col": 23, "elevation_m": 10.5, "low_elevation": false, "drain_deficiency": 1.0, "adjusted_score": 50.0}}, {"type": "Feature", "geometry": {"type": "Polygon", "coordinates": [[[174.80202920000002, -36.983150200000004], [174.80202920000002, -36.9822502], [174.80112920000002, -36.9822502], [174.80112920000002, -36.983150200000004], [174.80202920000002, -36.983150200000004]]]}, "properties": {"row": 35, "col": 24, "elevation_m": 6.9, "low_elevation": false, "drain_deficiency": 1.0, "adjusted_score": 50.0}}, {"type": "Feature", "geometry": {"type": "Polygon", "coordinates": [[[174.80292920000002, -36.983150200000004], [174.80292920000002, -36.9822502], [174.80202920000002, -36.9822502], [174.80202920000002, -36.983150200000004], [174.80292920000002, -36.983150200000004]]]}, "properties": {"row": 35, "col": 25, "elevation_m": 12.6, "low_elevation": false, "drain_deficiency": 1.0, "adjusted_score": 50.0}}, {"type": "Feature", "geometry": {"type": "Polygon", "coordinates": [[[174.80382920000002, -36.983150200000004], [174.80382920000002, -36.9822502], [174.80292920000002, -36.9822502], [174.80292920000002, -36.983150200000004], [174.80382920000002, -36.983150200000004]]]}, "properties": {"row": 35, "col": 26, "elevation_m": 19.7, "low_elevation": false, "drain_deficiency": 0.677, "adjusted_score": 33.9}}, {"type": "Feature", "geometry": {"type": "Polygon", "coordinates": [[[174.80472920000003, -36.983150200000004], [174.80472920000003, -36.9822502], [174.80382920000002, -36.9822502], [174.80382920000002, -36.983150200000004], [174.80472920000003, -36.983150200000004]]]}, "properties": {"row": 35, "col": 27, "elevation_m": 23.3, "low_elevation": false, "drain_deficiency": 0.625, "adjusted_score": 31.2}}, {"type": "Feature", "geometry": {"type": "Polygon", "coordinates": [[[174.80562920000003, -36.983150200000004], [174.80562920000003, -36.9822502], [174.80472920000003, -36.9822502], [174.80472920000003, -36.983150200000004], [174.80562920000003, -36.983150200000004]]]}, "properties": {"row": 35, "col": 28, "elevation_m": 24.0, "low_elevation": false, "drain_deficiency": 0.625, "adjusted_score": 31.2}}, {"type": "Feature", "geometry": {"type": "Polygon", "coordinates": [[[174.80652920000003, -36.983150200000004], [174.80652920000003, -36.9822502], [174.80562920000003, -36.9822502], [174.80562920000003, -36.983150200000004], [174.80652920000003, -36.983150200000004]]]}, "properties": {"row": 35, "col": 29, "elevation_m": 19.5, "low_elevation": false, "drain_deficiency": 0.92, "adjusted_score": 46.0}}, {"type": "Feature", "geometry": {"type": "Polygon", "coordinates": [[[174.8074292, -36.983150200000004], [174.8074292, -36.9822502], [174.8065292, -36.9822502], [174.8065292, -36.983150200000004], [174.8074292, -36.983150200000004]]]}, "properties": {"row": 35, "col": 30, "elevation_m": 10.4, "low_elevation": false, "drain_deficiency": 1.0, "adjusted_score": 50.0}}, {"type": "Feature", "geometry": {"type": "Polygon", "coordinates": [[[174.8083292, -36.983150200000004], [174.8083292, -36.9822502], [174.8074292, -36.9822502], [174.8074292, -36.983150200000004], [174.8083292, -36.983150200000004]]]}, "properties": {"row": 35, "col": 31, "elevation_m": 1.3, "low_elevation": true, "drain_deficiency": 1.0, "adjusted_score": 100.0}}, {"type": "Feature", "geometry": {"type": "Polygon", "coordinates": [[[174.8092292, -36.983150200000004], [174.8092292, -36.9822502], [174.8083292, -36.9822502], [174.8083292, -36.983150200000004], [174.8092292, -36.983150200000004]]]}, "properties": {"row": 35, "col": 32, "elevation_m": 0.4, "low_elevation": true, "drain_deficiency": 1.0, "adjusted_score": 100.0}}, {"type": "Feature", "geometry": {"type": "Polygon", "coordinates": [[[174.8101292, -36.983150200000004], [174.8101292, -36.9822502], [174.8092292, -36.9822502], [174.8092292, -36.983150200000004], [174.8101292, -36.983150200000004]]]}, "properties": {"row": 35, "col": 33, "elevation_m": 0.3, "low_elevation": true, "drain_deficiency": 1.0, "adjusted_score": 100.0}}, {"type": "Feature", "geometry": {"type": "Polygon", "coordinates": [[[174.8110292, -36.983150200000004], [174.8110292, -36.9822502], [174.8101292, -36.9822502], [174.8101292, -36.983150200000004], [174.8110292, -36.983150200000004]]]}, "properties": {"row": 35, "col": 34, "elevation_m": 0.5, "low_elevation": true, "drain_deficiency": 1.0, "adjusted_score": 100.0}}, {"type": "Feature", "geometry": {"type": "Polygon", "coordinates": [[[174.8119292, -36.983150200000004], [174.8119292, -36.9822502], [174.8110292, -36.9822502], [174.8110292, -36.983150200000004], [174.8119292, -36.983150200000004]]]}, "properties": {"row": 35, "col": 35, "elevation_m": 0.7, "low_elevation": true, "drain_deficiency": 1.0, "adjusted_score": 100.0}}, {"type": "Feature", "geometry": {"type": "Polygon", "coordinates": [[[174.8128292, -36.983150200000004], [174.8128292, -36.9822502], [174.8119292, -36.9822502], [174.8119292, -36.983150200000004], [174.8128292, -36.983150200000004]]]}, "properties": {"row": 35, "col": 36, "elevation_m": 0.7, "low_elevation": true, "drain_deficiency": 1.0, "adjusted_score": 100.0}}, {"type": "Feature", "geometry": {"type": "Polygon", "coordinates": [[[174.8137292, -36.983150200000004], [174.8137292, -36.9822502], [174.8128292, -36.9822502], [174.8128292, -36.983150200000004], [174.8137292, -36.983150200000004]]]}, "properties": {"row": 35, "col": 37, "elevation_m": 0.5, "low_elevation": true, "drain_deficiency": 1.0, "adjusted_score": 100.0}}, {"type": "Feature", "geometry": {"type": "Polygon", "coordinates": [[[174.8146292, -36.983150200000004], [174.8146292, -36.9822502], [174.8137292, -36.9822502], [174.8137292, -36.983150200000004], [174.8146292, -36.983150200000004]]]}, "properties": {"row": 35, "col": 38, "elevation_m": 6.6, "low_elevation": false, "drain_deficiency": 1.0, "adjusted_score": 50.0}}, {"type": "Feature", "geometry": {"type": "Polygon", "coordinates": [[[174.81552920000001, -36.983150200000004], [174.81552920000001, -36.9822502], [174.8146292, -36.9822502], [174.8146292, -36.983150200000004], [174.81552920000001, -36.983150200000004]]]}, "properties": {"row": 35, "col": 39, "elevation_m": 24.6, "low_elevation": false, "drain_deficiency": 1.0, "adjusted_score": 50.0}}, {"type": "Feature", "geometry": {"type": "Polygon", "coordinates": [[[174.81642920000002, -36.983150200000004], [174.81642920000002, -36.9822502], [174.81552920000001, -36.9822502], [174.81552920000001, -36.983150200000004], [174.81642920000002, -36.983150200000004]]]}, "properties": {"row": 35, "col": 40, "elevation_m": 23.6, "low_elevation": false, "drain_deficiency": 1.0, "adjusted_score": 50.0}}, {"type": "Feature", "geometry": {"type": "Polygon", "coordinates": [[[174.81732920000002, -36.983150200000004], [174.81732920000002, -36.9822502], [174.81642920000002, -36.9822502], [174.81642920000002, -36.983150200000004], [174.81732920000002, -36.983150200000004]]]}, "properties": {"row": 35, "col": 41, "elevation_m": 19.5, "low_elevation": false, "drain_deficiency": 1.0, "adjusted_score": 50.0}}, {"type": "Feature", "geometry": {"type": "Polygon", "coordinates": [[[174.81822920000002, -36.983150200000004], [174.81822920000002, -36.9822502], [174.81732920000002, -36.9822502], [174.81732920000002, -36.983150200000004], [174.81822920000002, -36.983150200000004]]]}, "properties": {"row": 35, "col": 42, "elevation_m": 16.6, "low_elevation": false, "drain_deficiency": 1.0, "adjusted_score": 50.0}}, {"type": "Feature", "geometry": {"type": "Polygon", "coordinates": [[[174.81912920000002, -36.983150200000004], [174.81912920000002, -36.9822502], [174.81822920000002, -36.9822502], [174.81822920000002, -36.983150200000004], [174.81912920000002, -36.983150200000004]]]}, "properties": {"row": 35, "col": 43, "elevation_m": 13.1, "low_elevation": false, "drain_deficiency": 1.0, "adjusted_score": 50.0}}, {"type": "Feature", "geometry": {"type": "Polygon", "coordinates": [[[174.82002920000002, -36.983150200000004], [174.82002920000002, -36.9822502], [174.81912920000002, -36.9822502], [174.81912920000002, -36.983150200000004], [174.82002920000002, -36.983150200000004]]]}, "properties": {"row": 35, "col": 44, "elevation_m": 7.7, "low_elevation": false, "drain_deficiency": 1.0, "adjusted_score": 50.0}}, {"type": "Feature", "geometry": {"type": "Polygon", "coordinates": [[[174.78042920000001, -36.984050200000006], [174.78042920000001, -36.983150200000004], [174.7795292, -36.983150200000004], [174.7795292, -36.984050200000006], [174.78042920000001, -36.984050200000006]]]}, "properties": {"row": 36, "col": 0, "elevation_m": 13.5, "low_elevation": false, "drain_deficiency": 1.0, "adjusted_score": 50.0}}, {"type": "Feature", "geometry": {"type": "Polygon", "coordinates": [[[174.78132920000002, -36.984050200000006], [174.78132920000002, -36.983150200000004], [174.78042920000001, -36.983150200000004], [174.78042920000001, -36.984050200000006], [174.78132920000002, -36.984050200000006]]]}, "properties": {"row": 36, "col": 1, "elevation_m": 13.0, "low_elevation": false, "drain_deficiency": 1.0, "adjusted_score": 50.0}}, {"type": "Feature", "geometry": {"type": "Polygon", "coordinates": [[[174.78222920000002, -36.984050200000006], [174.78222920000002, -36.983150200000004], [174.78132920000002, -36.983150200000004], [174.78132920000002, -36.984050200000006], [174.78222920000002, -36.984050200000006]]]}, "properties": {"row": 36, "col": 2, "elevation_m": 13.2, "low_elevation": false, "drain_deficiency": 0.762, "adjusted_score": 38.1}}, {"type": "Feature", "geometry": {"type": "Polygon", "coordinates": [[[174.78312920000002, -36.984050200000006], [174.78312920000002, -36.983150200000004], [174.78222920000002, -36.983150200000004], [174.78222920000002, -36.984050200000006], [174.78312920000002, -36.984050200000006]]]}, "properties": {"row": 36, "col": 3, "elevation_m": 16.1, "low_elevation": false, "drain_deficiency": 0.125, "adjusted_score": 6.2}}, {"type": "Feature", "geometry": {"type": "Polygon", "coordinates": [[[174.78402920000002, -36.984050200000006], [174.78402920000002, -36.983150200000004], [174.78312920000002, -36.983150200000004], [174.78312920000002, -36.984050200000006], [174.78402920000002, -36.984050200000006]]]}, "properties": {"row": 36, "col": 4, "elevation_m": 15.0, "low_elevation": false, "drain_deficiency": 0.523, "adjusted_score": 26.1}}, {"type": "Feature", "geometry": {"type": "Polygon", "coordinates": [[[174.78492920000002, -36.984050200000006], [174.78492920000002, -36.983150200000004], [174.78402920000002, -36.983150200000004], [174.78402920000002, -36.984050200000006], [174.78492920000002, -36.984050200000006]]]}, "properties": {"row": 36, "col": 5, "elevation_m": 14.0, "low_elevation": false, "drain_deficiency": 0.769, "adjusted_score": 38.4}}, {"type": "Feature", "geometry": {"type": "Polygon", "coordinates": [[[174.78582920000002, -36.984050200000006], [174.78582920000002, -36.983150200000004], [174.78492920000002, -36.983150200000004], [174.78492920000002, -36.984050200000006], [174.78582920000002, -36.984050200000006]]]}, "properties": {"row": 36, "col": 6, "elevation_m": 17.3, "low_elevation": false, "drain_deficiency": 0.807, "adjusted_score": 40.3}}, {"type": "Feature", "geometry": {"type": "Polygon", "coordinates": [[[174.78672920000002, -36.984050200000006], [174.78672920000002, -36.983150200000004], [174.78582920000002, -36.983150200000004], [174.78582920000002, -36.984050200000006], [174.78672920000002, -36.984050200000006]]]}, "properties": {"row": 36, "col": 7, "elevation_m": 15.5, "low_elevation": false, "drain_deficiency": 1.0, "adjusted_score": 50.0}}, {"type": "Feature", "geometry": {"type": "Polygon", "coordinates": [[[174.78762920000003, -36.984050200000006], [174.78762920000003, -36.983150200000004], [174.78672920000002, -36.983150200000004], [174.78672920000002, -36.984050200000006], [174.78762920000003, -36.984050200000006]]]}, "properties": {"row": 36, "col": 8, "elevation_m": 15.3, "low_elevation": false, "drain_deficiency": 0.619, "adjusted_score": 31.0}}, {"type": "Feature", "geometry": {"type": "Polygon", "coordinates": [[[174.78852920000003, -36.984050200000006], [174.78852920000003, -36.983150200000004], [174.78762920000003, -36.983150200000004], [174.78762920000003, -36.984050200000006], [174.78852920000003, -36.984050200000006]]]}, "properties": {"row": 36, "col": 9, "elevation_m": 16.9, "low_elevation": false, "drain_deficiency": 0.5, "adjusted_score": 25.0}}, {"type": "Feature", "geometry": {"type": "Polygon", "coordinates": [[[174.7894292, -36.984050200000006], [174.7894292, -36.983150200000004], [174.7885292, -36.983150200000004], [174.7885292, -36.984050200000006], [174.7894292, -36.984050200000006]]]}, "properties": {"row": 36, "col": 10, "elevation_m": 17.5, "low_elevation": false, "drain_deficiency": 0.145, "adjusted_score": 7.2}}, {"type": "Feature", "geometry": {"type": "Polygon", "coordinates": [[[174.7903292, -36.984050200000006], [174.7903292, -36.983150200000004], [174.7894292, -36.983150200000004], [174.7894292, -36.984050200000006], [174.7903292, -36.984050200000006]]]}, "properties": {"row": 36, "col": 11, "elevation_m": 16.3, "low_elevation": false, "drain_deficiency": 0.394, "adjusted_score": 19.7}}, {"type": "Feature", "geometry": {"type": "Polygon", "coordinates": [[[174.7912292, -36.984050200000006], [174.7912292, -36.983150200000004], [174.7903292, -36.983150200000004], [174.7903292, -36.984050200000006], [174.7912292, -36.984050200000006]]]}, "properties": {"row": 36, "col": 12, "elevation_m": 16.4, "low_elevation": false, "drain_deficiency": 0.691, "adjusted_score": 34.5}}, {"type": "Feature", "geometry": {"type": "Polygon", "coordinates": [[[174.7921292, -36.984050200000006], [174.7921292, -36.983150200000004], [174.7912292, -36.983150200000004], [174.7912292, -36.984050200000006], [174.7921292, -36.984050200000006]]]}, "properties": {"row": 36, "col": 13, "elevation_m": 14.2, "low_elevation": false, "drain_deficiency": 1.0, "adjusted_score": 50.0}}, {"type": "Feature", "geometry": {"type": "Polygon", "coordinates": [[[174.7930292, -36.984050200000006], [174.7930292, -36.983150200000004], [174.7921292, -36.983150200000004], [174.7921292, -36.984050200000006], [174.7930292, -36.984050200000006]]]}, "properties": {"row": 36, "col": 14, "elevation_m": 13.3, "low_elevation": false, "drain_deficiency": 1.0, "adjusted_score": 50.0}}, {"type": "Feature", "geometry": {"type": "Polygon", "coordinates": [[[174.7939292, -36.984050200000006], [174.7939292, -36.983150200000004], [174.7930292, -36.983150200000004], [174.7930292, -36.984050200000006], [174.7939292, -36.984050200000006]]]}, "properties": {"row": 36, "col": 15, "elevation_m": 15.0, "low_elevation": false, "drain_deficiency": 1.0, "adjusted_score": 50.0}}, {"type": "Feature", "geometry": {"type": "Polygon", "coordinates": [[[174.7948292, -36.984050200000006], [174.7948292, -36.983150200000004], [174.7939292, -36.983150200000004], [174.7939292, -36.984050200000006], [174.7948292, -36.984050200000006]]]}, "properties": {"row": 36, "col": 16, "elevation_m": 21.2, "low_elevation": false, "drain_deficiency": 1.0, "adjusted_score": 50.0}}, {"type": "Feature", "geometry": {"type": "Polygon", "coordinates": [[[174.7957292, -36.984050200000006], [174.7957292, -36.983150200000004], [174.7948292, -36.983150200000004], [174.7948292, -36.984050200000006], [174.7957292, -36.984050200000006]]]}, "properties": {"row": 36, "col": 17, "elevation_m": 17.6, "low_elevation": false, "drain_deficiency": 1.0, "adjusted_score": 50.0}}, {"type": "Feature", "geometry": {"type": "Polygon", "coordinates": [[[174.7966292, -36.984050200000006], [174.7966292, -36.983150200000004], [174.7957292, -36.983150200000004], [174.7957292, -36.984050200000006], [174.7966292, -36.984050200000006]]]}, "properties": {"row": 36, "col": 18, "elevation_m": 11.0, "low_elevation": false, "drain_deficiency": 1.0, "adjusted_score": 50.0}}, {"type": "Feature", "geometry": {"type": "Polygon", "coordinates": [[[174.7975292, -36.984050200000006], [174.7975292, -36.983150200000004], [174.7966292, -36.983150200000004], [174.7966292, -36.984050200000006], [174.7975292, -36.984050200000006]]]}, "properties": {"row": 36, "col": 19, "elevation_m": 6.5, "low_elevation": false, "drain_deficiency": 1.0, "adjusted_score": 50.0}}, {"type": "Feature", "geometry": {"type": "Polygon", "coordinates": [[[174.79842920000002, -36.984050200000006], [174.79842920000002, -36.983150200000004], [174.7975292, -36.983150200000004], [174.7975292, -36.984050200000006], [174.79842920000002, -36.984050200000006]]]}, "properties": {"row": 36, "col": 20, "elevation_m": 9.0, "low_elevation": false, "drain_deficiency": 1.0, "adjusted_score": 50.0}}, {"type": "Feature", "geometry": {"type": "Polygon", "coordinates": [[[174.79932920000002, -36.984050200000006], [174.79932920000002, -36.983150200000004], [174.79842920000002, -36.983150200000004], [174.79842920000002, -36.984050200000006], [174.79932920000002, -36.984050200000006]]]}, "properties": {"row": 36, "col": 21, "elevation_m": 5.3, "low_elevation": false, "drain_deficiency": 1.0, "adjusted_score": 50.0}}, {"type": "Feature", "geometry": {"type": "Polygon", "coordinates": [[[174.80022920000002, -36.984050200000006], [174.80022920000002, -36.983150200000004], [174.79932920000002, -36.983150200000004], [174.79932920000002, -36.984050200000006], [174.80022920000002, -36.984050200000006]]]}, "properties": {"row": 36, "col": 22, "elevation_m": 5.8, "low_elevation": false, "drain_deficiency": 1.0, "adjusted_score": 50.0}}, {"type": "Feature", "geometry": {"type": "Polygon", "coordinates": [[[174.80112920000002, -36.984050200000006], [174.80112920000002, -36.983150200000004], [174.80022920000002, -36.983150200000004], [174.80022920000002, -36.984050200000006], [174.80112920000002, -36.984050200000006]]]}, "properties": {"row": 36, "col": 23, "elevation_m": 11.4, "low_elevation": false, "drain_deficiency": 1.0, "adjusted_score": 50.0}}, {"type": "Feature", "geometry": {"type": "Polygon", "coordinates": [[[174.80202920000002, -36.984050200000006], [174.80202920000002, -36.983150200000004], [174.80112920000002, -36.983150200000004], [174.80112920000002, -36.984050200000006], [174.80202920000002, -36.984050200000006]]]}, "properties": {"row": 36, "col": 24, "elevation_m": 7.4, "low_elevation": false, "drain_deficiency": 1.0, "adjusted_score": 50.0}}, {"type": "Feature", "geometry": {"type": "Polygon", "coordinates": [[[174.80292920000002, -36.984050200000006], [174.80292920000002, -36.983150200000004], [174.80202920000002, -36.983150200000004], [174.80202920000002, -36.984050200000006], [174.80292920000002, -36.984050200000006]]]}, "properties": {"row": 36, "col": 25, "elevation_m": 11.0, "low_elevation": false, "drain_deficiency": 1.0, "adjusted_score": 50.0}}, {"type": "Feature", "geometry": {"type": "Polygon", "coordinates": [[[174.80382920000002, -36.984050200000006], [174.80382920000002, -36.983150200000004], [174.80292920000002, -36.983150200000004], [174.80292920000002, -36.984050200000006], [174.80382920000002, -36.984050200000006]]]}, "properties": {"row": 36, "col": 26, "elevation_m": 17.7, "low_elevation": false, "drain_deficiency": 1.0, "adjusted_score": 50.0}}, {"type": "Feature", "geometry": {"type": "Polygon", "coordinates": [[[174.80472920000003, -36.984050200000006], [174.80472920000003, -36.983150200000004], [174.80382920000002, -36.983150200000004], [174.80382920000002, -36.984050200000006], [174.80472920000003, -36.984050200000006]]]}, "properties": {"row": 36, "col": 27, "elevation_m": 20.5, "low_elevation": false, "drain_deficiency": 0.901, "adjusted_score": 45.0}}, {"type": "Feature", "geometry": {"type": "Polygon", "coordinates": [[[174.80562920000003, -36.984050200000006], [174.80562920000003, -36.983150200000004], [174.80472920000003, -36.983150200000004], [174.80472920000003, -36.984050200000006], [174.80562920000003, -36.984050200000006]]]}, "properties": {"row": 36, "col": 28, "elevation_m": 22.2, "low_elevation": false, "drain_deficiency": 0.895, "adjusted_score": 44.8}}, {"type": "Feature", "geometry": {"type": "Polygon", "coordinates": [[[174.80652920000003, -36.984050200000006], [174.80652920000003, -36.983150200000004], [174.80562920000003, -36.983150200000004], [174.80562920000003, -36.984050200000006], [174.80652920000003, -36.984050200000006]]]}, "properties": {"row": 36, "col": 29, "elevation_m": 21.2, "low_elevation": false, "drain_deficiency": 1.0, "adjusted_score": 50.0}}, {"type": "Feature", "geometry": {"type": "Polygon", "coordinates": [[[174.8074292, -36.984050200000006], [174.8074292, -36.983150200000004], [174.8065292, -36.983150200000004], [174.8065292, -36.984050200000006], [174.8074292, -36.984050200000006]]]}, "properties": {"row": 36, "col": 30, "elevation_m": 11.1, "low_elevation": false, "drain_deficiency": 1.0, "adjusted_score": 50.0}}, {"type": "Feature", "geometry": {"type": "Polygon", "coordinates": [[[174.8083292, -36.984050200000006], [174.8083292, -36.983150200000004], [174.8074292, -36.983150200000004], [174.8074292, -36.984050200000006], [174.8083292, -36.984050200000006]]]}, "properties": {"row": 36, "col": 31, "elevation_m": 1.2, "low_elevation": true, "drain_deficiency": 1.0, "adjusted_score": 100.0}}, {"type": "Feature", "geometry": {"type": "Polygon", "coordinates": [[[174.8092292, -36.984050200000006], [174.8092292, -36.983150200000004], [174.8083292, -36.983150200000004], [174.8083292, -36.984050200000006], [174.8092292, -36.984050200000006]]]}, "properties": {"row": 36, "col": 32, "elevation_m": 0.4, "low_elevation": true, "drain_deficiency": 1.0, "adjusted_score": 100.0}}, {"type": "Feature", "geometry": {"type": "Polygon", "coordinates": [[[174.8101292, -36.984050200000006], [174.8101292, -36.983150200000004], [174.8092292, -36.983150200000004], [174.8092292, -36.984050200000006], [174.8101292, -36.984050200000006]]]}, "properties": {"row": 36, "col": 33, "elevation_m": 0.5, "low_elevation": true, "drain_deficiency": 1.0, "adjusted_score": 100.0}}, {"type": "Feature", "geometry": {"type": "Polygon", "coordinates": [[[174.8110292, -36.984050200000006], [174.8110292, -36.983150200000004], [174.8101292, -36.983150200000004], [174.8101292, -36.984050200000006], [174.8110292, -36.984050200000006]]]}, "properties": {"row": 36, "col": 34, "elevation_m": 0.8, "low_elevation": true, "drain_deficiency": 1.0, "adjusted_score": 100.0}}, {"type": "Feature", "geometry": {"type": "Polygon", "coordinates": [[[174.8119292, -36.984050200000006], [174.8119292, -36.983150200000004], [174.8110292, -36.983150200000004], [174.8110292, -36.984050200000006], [174.8119292, -36.984050200000006]]]}, "properties": {"row": 36, "col": 35, "elevation_m": 0.9, "low_elevation": true, "drain_deficiency": 1.0, "adjusted_score": 100.0}}, {"type": "Feature", "geometry": {"type": "Polygon", "coordinates": [[[174.8128292, -36.984050200000006], [174.8128292, -36.983150200000004], [174.8119292, -36.983150200000004], [174.8119292, -36.984050200000006], [174.8128292, -36.984050200000006]]]}, "properties": {"row": 36, "col": 36, "elevation_m": 0.6, "low_elevation": true, "drain_deficiency": 1.0, "adjusted_score": 100.0}}, {"type": "Feature", "geometry": {"type": "Polygon", "coordinates": [[[174.8137292, -36.984050200000006], [174.8137292, -36.983150200000004], [174.8128292, -36.983150200000004], [174.8128292, -36.984050200000006], [174.8137292, -36.984050200000006]]]}, "properties": {"row": 36, "col": 37, "elevation_m": 0.7, "low_elevation": true, "drain_deficiency": 1.0, "adjusted_score": 100.0}}, {"type": "Feature", "geometry": {"type": "Polygon", "coordinates": [[[174.8146292, -36.984050200000006], [174.8146292, -36.983150200000004], [174.8137292, -36.983150200000004], [174.8137292, -36.984050200000006], [174.8146292, -36.984050200000006]]]}, "properties": {"row": 36, "col": 38, "elevation_m": 9.3, "low_elevation": false, "drain_deficiency": 1.0, "adjusted_score": 50.0}}, {"type": "Feature", "geometry": {"type": "Polygon", "coordinates": [[[174.81552920000001, -36.984050200000006], [174.81552920000001, -36.983150200000004], [174.8146292, -36.983150200000004], [174.8146292, -36.984050200000006], [174.81552920000001, -36.984050200000006]]]}, "properties": {"row": 36, "col": 39, "elevation_m": 20.9, "low_elevation": false, "drain_deficiency": 1.0, "adjusted_score": 50.0}}, {"type": "Feature", "geometry": {"type": "Polygon", "coordinates": [[[174.81642920000002, -36.984050200000006], [174.81642920000002, -36.983150200000004], [174.81552920000001, -36.983150200000004], [174.81552920000001, -36.984050200000006], [174.81642920000002, -36.984050200000006]]]}, "properties": {"row": 36, "col": 40, "elevation_m": 18.5, "low_elevation": false, "drain_deficiency": 1.0, "adjusted_score": 50.0}}, {"type": "Feature", "geometry": {"type": "Polygon", "coordinates": [[[174.81732920000002, -36.984050200000006], [174.81732920000002, -36.983150200000004], [174.81642920000002, -36.983150200000004], [174.81642920000002, -36.984050200000006], [174.81732920000002, -36.984050200000006]]]}, "properties": {"row": 36, "col": 41, "elevation_m": 16.5, "low_elevation": false, "drain_deficiency": 1.0, "adjusted_score": 50.0}}, {"type": "Feature", "geometry": {"type": "Polygon", "coordinates": [[[174.81822920000002, -36.984050200000006], [174.81822920000002, -36.983150200000004], [174.81732920000002, -36.983150200000004], [174.81732920000002, -36.984050200000006], [174.81822920000002, -36.984050200000006]]]}, "properties": {"row": 36, "col": 42, "elevation_m": 13.1, "low_elevation": false, "drain_deficiency": 1.0, "adjusted_score": 50.0}}, {"type": "Feature", "geometry": {"type": "Polygon", "coordinates": [[[174.81912920000002, -36.984050200000006], [174.81912920000002, -36.983150200000004], [174.81822920000002, -36.983150200000004], [174.81822920000002, -36.984050200000006], [174.81912920000002, -36.984050200000006]]]}, "properties": {"row": 36, "col": 43, "elevation_m": 9.2, "low_elevation": false, "drain_deficiency": 1.0, "adjusted_score": 50.0}}, {"type": "Feature", "geometry": {"type": "Polygon", "coordinates": [[[174.82002920000002, -36.984050200000006], [174.82002920000002, -36.983150200000004], [174.81912920000002, -36.983150200000004], [174.81912920000002, -36.984050200000006], [174.82002920000002, -36.984050200000006]]]}, "properties": {"row": 36, "col": 44, "elevation_m": 6.5, "low_elevation": false, "drain_deficiency": 1.0, "adjusted_score": 50.0}}, {"type": "Feature", "geometry": {"type": "Polygon", "coordinates": [[[174.78042920000001, -36.9849502], [174.78042920000001, -36.9840502], [174.7795292, -36.9840502], [174.7795292, -36.9849502], [174.78042920000001, -36.9849502]]]}, "properties": {"row": 37, "col": 0, "elevation_m": 10.6, "low_elevation": false, "drain_deficiency": 1.0, "adjusted_score": 50.0}}, {"type": "Feature", "geometry": {"type": "Polygon", "coordinates": [[[174.78132920000002, -36.9849502], [174.78132920000002, -36.9840502], [174.78042920000001, -36.9840502], [174.78042920000001, -36.9849502], [174.78132920000002, -36.9849502]]]}, "properties": {"row": 37, "col": 1, "elevation_m": 11.7, "low_elevation": false, "drain_deficiency": 1.0, "adjusted_score": 50.0}}, {"type": "Feature", "geometry": {"type": "Polygon", "coordinates": [[[174.78222920000002, -36.9849502], [174.78222920000002, -36.9840502], [174.78132920000002, -36.9840502], [174.78132920000002, -36.9849502], [174.78222920000002, -36.9849502]]]}, "properties": {"row": 37, "col": 2, "elevation_m": 13.0, "low_elevation": false, "drain_deficiency": 1.0, "adjusted_score": 50.0}}, {"type": "Feature", "geometry": {"type": "Polygon", "coordinates": [[[174.78312920000002, -36.9849502], [174.78312920000002, -36.9840502], [174.78222920000002, -36.9840502], [174.78222920000002, -36.9849502], [174.78312920000002, -36.9849502]]]}, "properties": {"row": 37, "col": 3, "elevation_m": 12.7, "low_elevation": false, "drain_deficiency": 0.702, "adjusted_score": 35.1}}, {"type": "Feature", "geometry": {"type": "Polygon", "coordinates": [[[174.78402920000002, -36.9849502], [174.78402920000002, -36.9840502], [174.78312920000002, -36.9840502], [174.78312920000002, -36.9849502], [174.78402920000002, -36.9849502]]]}, "properties": {"row": 37, "col": 4, "elevation_m": 12.4, "low_elevation": false, "drain_deficiency": 0.875, "adjusted_score": 43.7}}, {"type": "Feature", "geometry": {"type": "Polygon", "coordinates": [[[174.78492920000002, -36.9849502], [174.78492920000002, -36.9840502], [174.78402920000002, -36.9840502], [174.78402920000002, -36.9849502], [174.78492920000002, -36.9849502]]]}, "properties": {"row": 37, "col": 5, "elevation_m": 14.2, "low_elevation": false, "drain_deficiency": 1.0, "adjusted_score": 50.0}}, {"type": "Feature", "geometry": {"type": "Polygon", "coordinates": [[[174.78582920000002, -36.9849502], [174.78582920000002, -36.9840502], [174.78492920000002, -36.9840502], [174.78492920000002, -36.9849502], [174.78582920000002, -36.9849502]]]}, "properties": {"row": 37, "col": 6, "elevation_m": 18.3, "low_elevation": false, "drain_deficiency": 1.0, "adjusted_score": 50.0}}, {"type": "Feature", "geometry": {"type": "Polygon", "coordinates": [[[174.78672920000002, -36.9849502], [174.78672920000002, -36.9840502], [174.78582920000002, -36.9840502], [174.78582920000002, -36.9849502], [174.78672920000002, -36.9849502]]]}, "properties": {"row": 37, "col": 7, "elevation_m": 16.4, "low_elevation": false, "drain_deficiency": 0.634, "adjusted_score": 31.7}}, {"type": "Feature", "geometry": {"type": "Polygon", "coordinates": [[[174.78762920000003, -36.9849502], [174.78762920000003, -36.9840502], [174.78672920000002, -36.9840502], [174.78672920000002, -36.9849502], [174.78762920000003, -36.9849502]]]}, "properties": {"row": 37, "col": 8, "elevation_m": 16.4, "low_elevation": false, "drain_deficiency": 0.5, "adjusted_score": 25.0}}, {"type": "Feature", "geometry": {"type": "Polygon", "coordinates": [[[174.78852920000003, -36.9849502], [174.78852920000003, -36.9840502], [174.78762920000003, -36.9840502], [174.78762920000003, -36.9849502], [174.78852920000003, -36.9849502]]]}, "properties": {"row": 37, "col": 9, "elevation_m": 20.4, "low_elevation": false, "drain_deficiency": 0.5, "adjusted_score": 25.0}}, {"type": "Feature", "geometry": {"type": "Polygon", "coordinates": [[[174.7894292, -36.9849502], [174.7894292, -36.9840502], [174.7885292, -36.9840502], [174.7885292, -36.9849502], [174.7894292, -36.9849502]]]}, "properties": {"row": 37, "col": 10, "elevation_m": 19.2, "low_elevation": false, "drain_deficiency": 0.451, "adjusted_score": 22.6}}, {"type": "Feature", "geometry": {"type": "Polygon", "coordinates": [[[174.7903292, -36.9849502], [174.7903292, -36.9840502], [174.7894292, -36.9840502], [174.7894292, -36.9849502], [174.7903292, -36.9849502]]]}, "properties": {"row": 37, "col": 11, "elevation_m": 15.1, "low_elevation": false, "drain_deficiency": 0.191, "adjusted_score": 9.5}}, {"type": "Feature", "geometry": {"type": "Polygon", "coordinates": [[[174.7912292, -36.9849502], [174.7912292, -36.9840502], [174.7903292, -36.9840502], [174.7903292, -36.9849502], [174.7912292, -36.9849502]]]}, "properties": {"row": 37, "col": 12, "elevation_m": 14.3, "low_elevation": false, "drain_deficiency": 0.145, "adjusted_score": 7.3}}, {"type": "Feature", "geometry": {"type": "Polygon", "coordinates": [[[174.7921292, -36.9849502], [174.7921292, -36.9840502], [174.7912292, -36.9840502], [174.7912292, -36.9849502], [174.7921292, -36.9849502]]]}, "properties": {"row": 37, "col": 13, "elevation_m": 16.1, "low_elevation": false, "drain_deficiency": 0.684, "adjusted_score": 34.2}}, {"type": "Feature", "geometry": {"type": "Polygon", "coordinates": [[[174.7930292, -36.9849502], [174.7930292, -36.9840502], [174.7921292, -36.9840502], [174.7921292, -36.9849502], [174.7930292, -36.9849502]]]}, "properties": {"row": 37, "col": 14, "elevation_m": 13.1, "low_elevation": false, "drain_deficiency": 1.0, "adjusted_score": 50.0}}, {"type": "Feature", "geometry": {"type": "Polygon", "coordinates": [[[174.7939292, -36.9849502], [174.7939292, -36.9840502], [174.7930292, -36.9840502], [174.7930292, -36.9849502], [174.7939292, -36.9849502]]]}, "properties": {"row": 37, "col": 15, "elevation_m": 17.3, "low_elevation": false, "drain_deficiency": 1.0, "adjusted_score": 50.0}}, {"type": "Feature", "geometry": {"type": "Polygon", "coordinates": [[[174.7948292, -36.9849502], [174.7948292, -36.9840502], [174.7939292, -36.9840502], [174.7939292, -36.9849502], [174.7948292, -36.9849502]]]}, "properties": {"row": 37, "col": 16, "elevation_m": 20.3, "low_elevation": false, "drain_deficiency": 1.0, "adjusted_score": 50.0}}, {"type": "Feature", "geometry": {"type": "Polygon", "coordinates": [[[174.7957292, -36.9849502], [174.7957292, -36.9840502], [174.7948292, -36.9840502], [174.7948292, -36.9849502], [174.7957292, -36.9849502]]]}, "properties": {"row": 37, "col": 17, "elevation_m": 7.9, "low_elevation": false, "drain_deficiency": 1.0, "adjusted_score": 50.0}}, {"type": "Feature", "geometry": {"type": "Polygon", "coordinates": [[[174.7966292, -36.9849502], [174.7966292, -36.9840502], [174.7957292, -36.9840502], [174.7957292, -36.9849502], [174.7966292, -36.9849502]]]}, "properties": {"row": 37, "col": 18, "elevation_m": 9.9, "low_elevation": false, "drain_deficiency": 1.0, "adjusted_score": 50.0}}, {"type": "Feature", "geometry": {"type": "Polygon", "coordinates": [[[174.7975292, -36.9849502], [174.7975292, -36.9840502], [174.7966292, -36.9840502], [174.7966292, -36.9849502], [174.7975292, -36.9849502]]]}, "properties": {"row": 37, "col": 19, "elevation_m": 5.9, "low_elevation": false, "drain_deficiency": 1.0, "adjusted_score": 50.0}}, {"type": "Feature", "geometry": {"type": "Polygon", "coordinates": [[[174.79842920000002, -36.9849502], [174.79842920000002, -36.9840502], [174.7975292, -36.9840502], [174.7975292, -36.9849502], [174.79842920000002, -36.9849502]]]}, "properties": {"row": 37, "col": 20, "elevation_m": 3.6, "low_elevation": true, "drain_deficiency": 1.0, "adjusted_score": 100.0}}, {"type": "Feature", "geometry": {"type": "Polygon", "coordinates": [[[174.79932920000002, -36.9849502], [174.79932920000002, -36.9840502], [174.79842920000002, -36.9840502], [174.79842920000002, -36.9849502], [174.79932920000002, -36.9849502]]]}, "properties": {"row": 37, "col": 21, "elevation_m": 3.2, "low_elevation": true, "drain_deficiency": 1.0, "adjusted_score": 100.0}}, {"type": "Feature", "geometry": {"type": "Polygon", "coordinates": [[[174.80022920000002, -36.9849502], [174.80022920000002, -36.9840502], [174.79932920000002, -36.9840502], [174.79932920000002, -36.9849502], [174.80022920000002, -36.9849502]]]}, "properties": {"row": 37, "col": 22, "elevation_m": 2.8, "low_elevation": true, "drain_deficiency": 1.0, "adjusted_score": 100.0}}, {"type": "Feature", "geometry": {"type": "Polygon", "coordinates": [[[174.80112920000002, -36.9849502], [174.80112920000002, -36.9840502], [174.80022920000002, -36.9840502], [174.80022920000002, -36.9849502], [174.80112920000002, -36.9849502]]]}, "properties": {"row": 37, "col": 23, "elevation_m": 6.3, "low_elevation": false, "drain_deficiency": 1.0, "adjusted_score": 50.0}}, {"type": "Feature", "geometry": {"type": "Polygon", "coordinates": [[[174.80202920000002, -36.9849502], [174.80202920000002, -36.9840502], [174.80112920000002, -36.9840502], [174.80112920000002, -36.9849502], [174.80202920000002, -36.9849502]]]}, "properties": {"row": 37, "col": 24, "elevation_m": 6.1, "low_elevation": false, "drain_deficiency": 1.0, "adjusted_score": 50.0}}, {"type": "Feature", "geometry": {"type": "Polygon", "coordinates": [[[174.80292920000002, -36.9849502], [174.80292920000002, -36.9840502], [174.80202920000002, -36.9840502], [174.80202920000002, -36.9849502], [174.80292920000002, -36.9849502]]]}, "properties": {"row": 37, "col": 25, "elevation_m": 7.2, "low_elevation": false, "drain_deficiency": 1.0, "adjusted_score": 50.0}}, {"type": "Feature", "geometry": {"type": "Polygon", "coordinates": [[[174.80382920000002, -36.9849502], [174.80382920000002, -36.9840502], [174.80292920000002, -36.9840502], [174.80292920000002, -36.9849502], [174.80382920000002, -36.9849502]]]}, "properties": {"row": 37, "col": 26, "elevation_m": 13.7, "low_elevation": false, "drain_deficiency": 1.0, "adjusted_score": 50.0}}, {"type": "Feature", "geometry": {"type": "Polygon", "coordinates": [[[174.80472920000003, -36.9849502], [174.80472920000003, -36.9840502], [174.80382920000002, -36.9840502], [174.80382920000002, -36.9849502], [174.80472920000003, -36.9849502]]]}, "properties": {"row": 37, "col": 27, "elevation_m": 15.8, "low_elevation": false, "drain_deficiency": 1.0, "adjusted_score": 50.0}}, {"type": "Feature", "geometry": {"type": "Polygon", "coordinates": [[[174.80562920000003, -36.9849502], [174.80562920000003, -36.9840502], [174.80472920000003, -36.9840502], [174.80472920000003, -36.9849502], [174.80562920000003, -36.9849502]]]}, "properties": {"row": 37, "col": 28, "elevation_m": 18.5, "low_elevation": false, "drain_deficiency": 1.0, "adjusted_score": 50.0}}, {"type": "Feature", "geometry": {"type": "Polygon", "coordinates": [[[174.80652920000003, -36.9849502], [174.80652920000003, -36.9840502], [174.80562920000003, -36.9840502], [174.80562920000003, -36.9849502], [174.80652920000003, -36.9849502]]]}, "properties": {"row": 37, "col": 29, "elevation_m": 22.7, "low_elevation": false, "drain_deficiency": 1.0, "adjusted_score": 50.0}}, {"type": "Feature", "geometry": {"type": "Polygon", "coordinates": [[[174.8074292, -36.9849502], [174.8074292, -36.9840502], [174.8065292, -36.9840502], [174.8065292, -36.9849502], [174.8074292, -36.9849502]]]}, "properties": {"row": 37, "col": 30, "elevation_m": 17.8, "low_elevation": false, "drain_deficiency": 1.0, "adjusted_score": 50.0}}, {"type": "Feature", "geometry": {"type": "Polygon", "coordinates": [[[174.8083292, -36.9849502], [174.8083292, -36.9840502], [174.8074292, -36.9840502], [174.8074292, -36.9849502], [174.8083292, -36.9849502]]]}, "properties": {"row": 37, "col": 31, "elevation_m": 2.3, "low_elevation": true, "drain_deficiency": 1.0, "adjusted_score": 100.0}}, {"type": "Feature", "geometry": {"type": "Polygon", "coordinates": [[[174.8092292, -36.9849502], [174.8092292, -36.9840502], [174.8083292, -36.9840502], [174.8083292, -36.9849502], [174.8092292, -36.9849502]]]}, "properties": {"row": 37, "col": 32, "elevation_m": 0.4, "low_elevation": true, "drain_deficiency": 1.0, "adjusted_score": 100.0}}, {"type": "Feature", "geometry": {"type": "Polygon", "coordinates": [[[174.8101292, -36.9849502], [174.8101292, -36.9840502], [174.8092292, -36.9840502], [174.8092292, -36.9849502], [174.8101292, -36.9849502]]]}, "properties": {"row": 37, "col": 33, "elevation_m": 0.4, "low_elevation": true, "drain_deficiency": 1.0, "adjusted_score": 100.0}}, {"type": "Feature", "geometry": {"type": "Polygon", "coordinates": [[[174.8110292, -36.9849502], [174.8110292, -36.9840502], [174.8101292, -36.9840502], [174.8101292, -36.9849502], [174.8110292, -36.9849502]]]}, "properties": {"row": 37, "col": 34, "elevation_m": 0.4, "low_elevation": true, "drain_deficiency": 1.0, "adjusted_score": 100.0}}, {"type": "Feature", "geometry": {"type": "Polygon", "coordinates": [[[174.8119292, -36.9849502], [174.8119292, -36.9840502], [174.8110292, -36.9840502], [174.8110292, -36.9849502], [174.8119292, -36.9849502]]]}, "properties": {"row": 37, "col": 35, "elevation_m": 0.5, "low_elevation": true, "drain_deficiency": 1.0, "adjusted_score": 100.0}}, {"type": "Feature", "geometry": {"type": "Polygon", "coordinates": [[[174.8128292, -36.9849502], [174.8128292, -36.9840502], [174.8119292, -36.9840502], [174.8119292, -36.9849502], [174.8128292, -36.9849502]]]}, "properties": {"row": 37, "col": 36, "elevation_m": 0.5, "low_elevation": true, "drain_deficiency": 1.0, "adjusted_score": 100.0}}, {"type": "Feature", "geometry": {"type": "Polygon", "coordinates": [[[174.8137292, -36.9849502], [174.8137292, -36.9840502], [174.8128292, -36.9840502], [174.8128292, -36.9849502], [174.8137292, -36.9849502]]]}, "properties": {"row": 37, "col": 37, "elevation_m": 1.8, "low_elevation": true, "drain_deficiency": 1.0, "adjusted_score": 100.0}}, {"type": "Feature", "geometry": {"type": "Polygon", "coordinates": [[[174.8146292, -36.9849502], [174.8146292, -36.9840502], [174.8137292, -36.9840502], [174.8137292, -36.9849502], [174.8146292, -36.9849502]]]}, "properties": {"row": 37, "col": 38, "elevation_m": 13.1, "low_elevation": false, "drain_deficiency": 1.0, "adjusted_score": 50.0}}, {"type": "Feature", "geometry": {"type": "Polygon", "coordinates": [[[174.81552920000001, -36.9849502], [174.81552920000001, -36.9840502], [174.8146292, -36.9840502], [174.8146292, -36.9849502], [174.81552920000001, -36.9849502]]]}, "properties": {"row": 37, "col": 39, "elevation_m": 16.9, "low_elevation": false, "drain_deficiency": 1.0, "adjusted_score": 50.0}}, {"type": "Feature", "geometry": {"type": "Polygon", "coordinates": [[[174.81642920000002, -36.9849502], [174.81642920000002, -36.9840502], [174.81552920000001, -36.9840502], [174.81552920000001, -36.9849502], [174.81642920000002, -36.9849502]]]}, "properties": {"row": 37, "col": 40, "elevation_m": 13.8, "low_elevation": false, "drain_deficiency": 1.0, "adjusted_score": 50.0}}, {"type": "Feature", "geometry": {"type": "Polygon", "coordinates": [[[174.81732920000002, -36.9849502], [174.81732920000002, -36.9840502], [174.81642920000002, -36.9840502], [174.81642920000002, -36.9849502], [174.81732920000002, -36.9849502]]]}, "properties": {"row": 37, "col": 41, "elevation_m": 13.1, "low_elevation": false, "drain_deficiency": 1.0, "adjusted_score": 50.0}}, {"type": "Feature", "geometry": {"type": "Polygon", "coordinates": [[[174.81822920000002, -36.9849502], [174.81822920000002, -36.9840502], [174.81732920000002, -36.9840502], [174.81732920000002, -36.9849502], [174.81822920000002, -36.9849502]]]}, "properties": {"row": 37, "col": 42, "elevation_m": 11.2, "low_elevation": false, "drain_deficiency": 1.0, "adjusted_score": 50.0}}, {"type": "Feature", "geometry": {"type": "Polygon", "coordinates": [[[174.81912920000002, -36.9849502], [174.81912920000002, -36.9840502], [174.81822920000002, -36.9840502], [174.81822920000002, -36.9849502], [174.81912920000002, -36.9849502]]]}, "properties": {"row": 37, "col": 43, "elevation_m": 6.7, "low_elevation": false, "drain_deficiency": 1.0, "adjusted_score": 50.0}}, {"type": "Feature", "geometry": {"type": "Polygon", "coordinates": [[[174.82002920000002, -36.9849502], [174.82002920000002, -36.9840502], [174.81912920000002, -36.9840502], [174.81912920000002, -36.9849502], [174.82002920000002, -36.9849502]]]}, "properties": {"row": 37, "col": 44, "elevation_m": 6.4, "low_elevation": false, "drain_deficiency": 1.0, "adjusted_score": 50.0}}, {"type": "Feature", "geometry": {"type": "Polygon", "coordinates": [[[174.78042920000001, -36.9858502], [174.78042920000001, -36.9849502], [174.7795292, -36.9849502], [174.7795292, -36.9858502], [174.78042920000001, -36.9858502]]]}, "properties": {"row": 38, "col": 0, "elevation_m": 9.1, "low_elevation": false, "drain_deficiency": 1.0, "adjusted_score": 50.0}}, {"type": "Feature", "geometry": {"type": "Polygon", "coordinates": [[[174.78132920000002, -36.9858502], [174.78132920000002, -36.9849502], [174.78042920000001, -36.9849502], [174.78042920000001, -36.9858502], [174.78132920000002, -36.9858502]]]}, "properties": {"row": 38, "col": 1, "elevation_m": 12.2, "low_elevation": false, "drain_deficiency": 1.0, "adjusted_score": 50.0}}, {"type": "Feature", "geometry": {"type": "Polygon", "coordinates": [[[174.78222920000002, -36.9858502], [174.78222920000002, -36.9849502], [174.78132920000002, -36.9849502], [174.78132920000002, -36.9858502], [174.78222920000002, -36.9858502]]]}, "properties": {"row": 38, "col": 2, "elevation_m": 12.4, "low_elevation": false, "drain_deficiency": 1.0, "adjusted_score": 50.0}}, {"type": "Feature", "geometry": {"type": "Polygon", "coordinates": [[[174.78312920000002, -36.9858502], [174.78312920000002, -36.9849502], [174.78222920000002, -36.9849502], [174.78222920000002, -36.9858502], [174.78312920000002, -36.9858502]]]}, "properties": {"row": 38, "col": 3, "elevation_m": 13.6, "low_elevation": false, "drain_deficiency": 1.0, "adjusted_score": 50.0}}, {"type": "Feature", "geometry": {"type": "Polygon", "coordinates": [[[174.78402920000002, -36.9858502], [174.78402920000002, -36.9849502], [174.78312920000002, -36.9849502], [174.78312920000002, -36.9858502], [174.78402920000002, -36.9858502]]]}, "properties": {"row": 38, "col": 4, "elevation_m": 13.1, "low_elevation": false, "drain_deficiency": 1.0, "adjusted_score": 50.0}}, {"type": "Feature", "geometry": {"type": "Polygon", "coordinates": [[[174.78492920000002, -36.9858502], [174.78492920000002, -36.9849502], [174.78402920000002, -36.9849502], [174.78402920000002, -36.9858502], [174.78492920000002, -36.9858502]]]}, "properties": {"row": 38, "col": 5, "elevation_m": 15.3, "low_elevation": false, "drain_deficiency": 1.0, "adjusted_score": 50.0}}, {"type": "Feature", "geometry": {"type": "Polygon", "coordinates": [[[174.78582920000002, -36.9858502], [174.78582920000002, -36.9849502], [174.78492920000002, -36.9849502], [174.78492920000002, -36.9858502], [174.78582920000002, -36.9858502]]]}, "properties": {"row": 38, "col": 6, "elevation_m": 14.8, "low_elevation": false, "drain_deficiency": 0.921, "adjusted_score": 46.1}}, {"type": "Feature", "geometry": {"type": "Polygon", "coordinates": [[[174.78672920000002, -36.9858502], [174.78672920000002, -36.9849502], [174.78582920000002, -36.9849502], [174.78582920000002, -36.9858502], [174.78672920000002, -36.9858502]]]}, "properties": {"row": 38, "col": 7, "elevation_m": 15.9, "low_elevation": false, "drain_deficiency": 0.625, "adjusted_score": 31.2}}, {"type": "Feature", "geometry": {"type": "Polygon", "coordinates": [[[174.78762920000003, -36.9858502], [174.78762920000003, -36.9849502], [174.78672920000002, -36.9849502], [174.78672920000002, -36.9858502], [174.78762920000003, -36.9858502]]]}, "properties": {"row": 38, "col": 8, "elevation_m": 19.8, "low_elevation": false, "drain_deficiency": 0.5, "adjusted_score": 25.0}}, {"type": "Feature", "geometry": {"type": "Polygon", "coordinates": [[[174.78852920000003, -36.9858502], [174.78852920000003, -36.9849502], [174.78762920000003, -36.9849502], [174.78762920000003, -36.9858502], [174.78852920000003, -36.9858502]]]}, "properties": {"row": 38, "col": 9, "elevation_m": 25.6, "low_elevation": false, "drain_deficiency": 0.634, "adjusted_score": 31.7}}, {"type": "Feature", "geometry": {"type": "Polygon", "coordinates": [[[174.7894292, -36.9858502], [174.7894292, -36.9849502], [174.7885292, -36.9849502], [174.7885292, -36.9858502], [174.7894292, -36.9858502]]]}, "properties": {"row": 38, "col": 10, "elevation_m": 18.6, "low_elevation": false, "drain_deficiency": 0.59, "adjusted_score": 29.5}}, {"type": "Feature", "geometry": {"type": "Polygon", "coordinates": [[[174.7903292, -36.9858502], [174.7903292, -36.9849502], [174.7894292, -36.9849502], [174.7894292, -36.9858502], [174.7903292, -36.9858502]]]}, "properties": {"row": 38, "col": 11, "elevation_m": 14.3, "low_elevation": false, "drain_deficiency": 0.116, "adjusted_score": 5.8}}, {"type": "Feature", "geometry": {"type": "Polygon", "coordinates": [[[174.7912292, -36.9858502], [174.7912292, -36.9849502], [174.7903292, -36.9849502], [174.7903292, -36.9858502], [174.7912292, -36.9858502]]]}, "properties": {"row": 38, "col": 12, "elevation_m": 16.8, "low_elevation": false, "drain_deficiency": 0.326, "adjusted_score": 16.3}}, {"type": "Feature", "geometry": {"type": "Polygon", "coordinates": [[[174.7921292, -36.9858502], [174.7921292, -36.9849502], [174.7912292, -36.9849502], [174.7912292, -36.9858502], [174.7921292, -36.9858502]]]}, "properties": {"row": 38, "col": 13, "elevation_m": 14.9, "low_elevation": false, "drain_deficiency": 0.837, "adjusted_score": 41.9}}, {"type": "Feature", "geometry": {"type": "Polygon", "coordinates": [[[174.7930292, -36.9858502], [174.7930292, -36.9849502], [174.7921292, -36.9849502], [174.7921292, -36.9858502], [174.7930292, -36.9858502]]]}, "properties": {"row": 38, "col": 14, "elevation_m": 11.9, "low_elevation": false, "drain_deficiency": 1.0, "adjusted_score": 50.0}}, {"type": "Feature", "geometry": {"type": "Polygon", "coordinates": [[[174.7939292, -36.9858502], [174.7939292, -36.9849502], [174.7930292, -36.9849502], [174.7930292, -36.9858502], [174.7939292, -36.9858502]]]}, "properties": {"row": 38, "col": 15, "elevation_m": 13.0, "low_elevation": false, "drain_deficiency": 1.0, "adjusted_score": 50.0}}, {"type": "Feature", "geometry": {"type": "Polygon", "coordinates": [[[174.7948292, -36.9858502], [174.7948292, -36.9849502], [174.7939292, -36.9849502], [174.7939292, -36.9858502], [174.7948292, -36.9858502]]]}, "properties": {"row": 38, "col": 16, "elevation_m": 13.6, "low_elevation": false, "drain_deficiency": 1.0, "adjusted_score": 50.0}}, {"type": "Feature", "geometry": {"type": "Polygon", "coordinates": [[[174.7957292, -36.9858502], [174.7957292, -36.9849502], [174.7948292, -36.9849502], [174.7948292, -36.9858502], [174.7957292, -36.9858502]]]}, "properties": {"row": 38, "col": 17, "elevation_m": 8.8, "low_elevation": false, "drain_deficiency": 1.0, "adjusted_score": 50.0}}, {"type": "Feature", "geometry": {"type": "Polygon", "coordinates": [[[174.7966292, -36.9858502], [174.7966292, -36.9849502], [174.7957292, -36.9849502], [174.7957292, -36.9858502], [174.7966292, -36.9858502]]]}, "properties": {"row": 38, "col": 18, "elevation_m": 10.8, "low_elevation": false, "drain_deficiency": 1.0, "adjusted_score": 50.0}}, {"type": "Feature", "geometry": {"type": "Polygon", "coordinates": [[[174.7975292, -36.9858502], [174.7975292, -36.9849502], [174.7966292, -36.9849502], [174.7966292, -36.9858502], [174.7975292, -36.9858502]]]}, "properties": {"row": 38, "col": 19, "elevation_m": 7.5, "low_elevation": false, "drain_deficiency": 1.0, "adjusted_score": 50.0}}, {"type": "Feature", "geometry": {"type": "Polygon", "coordinates": [[[174.79842920000002, -36.9858502], [174.79842920000002, -36.9849502], [174.7975292, -36.9849502], [174.7975292, -36.9858502], [174.79842920000002, -36.9858502]]]}, "properties": {"row": 38, "col": 20, "elevation_m": 3.9, "low_elevation": true, "drain_deficiency": 1.0, "adjusted_score": 100.0}}, {"type": "Feature", "geometry": {"type": "Polygon", "coordinates": [[[174.79932920000002, -36.9858502], [174.79932920000002, -36.9849502], [174.79842920000002, -36.9849502], [174.79842920000002, -36.9858502], [174.79932920000002, -36.9858502]]]}, "properties": {"row": 38, "col": 21, "elevation_m": 2.4, "low_elevation": true, "drain_deficiency": 1.0, "adjusted_score": 100.0}}, {"type": "Feature", "geometry": {"type": "Polygon", "coordinates": [[[174.80022920000002, -36.9858502], [174.80022920000002, -36.9849502], [174.79932920000002, -36.9849502], [174.79932920000002, -36.9858502], [174.80022920000002, -36.9858502]]]}, "properties": {"row": 38, "col": 22, "elevation_m": 1.9, "low_elevation": true, "drain_deficiency": 1.0, "adjusted_score": 100.0}}, {"type": "Feature", "geometry": {"type": "Polygon", "coordinates": [[[174.80112920000002, -36.9858502], [174.80112920000002, -36.9849502], [174.80022920000002, -36.9849502], [174.80022920000002, -36.9858502], [174.80112920000002, -36.9858502]]]}, "properties": {"row": 38, "col": 23, "elevation_m": 2.3, "low_elevation": true, "drain_deficiency": 1.0, "adjusted_score": 100.0}}, {"type": "Feature", "geometry": {"type": "Polygon", "coordinates": [[[174.80202920000002, -36.9858502], [174.80202920000002, -36.9849502], [174.80112920000002, -36.9849502], [174.80112920000002, -36.9858502], [174.80202920000002, -36.9858502]]]}, "properties": {"row": 38, "col": 24, "elevation_m": 3.0, "low_elevation": true, "drain_deficiency": 1.0, "adjusted_score": 100.0}}, {"type": "Feature", "geometry": {"type": "Polygon", "coordinates": [[[174.80292920000002, -36.9858502], [174.80292920000002, -36.9849502], [174.80202920000002, -36.9849502], [174.80202920000002, -36.9858502], [174.80292920000002, -36.9858502]]]}, "properties": {"row": 38, "col": 25, "elevation_m": 7.2, "low_elevation": false, "drain_deficiency": 1.0, "adjusted_score": 50.0}}, {"type": "Feature", "geometry": {"type": "Polygon", "coordinates": [[[174.80382920000002, -36.9858502], [174.80382920000002, -36.9849502], [174.80292920000002, -36.9849502], [174.80292920000002, -36.9858502], [174.80382920000002, -36.9858502]]]}, "properties": {"row": 38, "col": 26, "elevation_m": 10.1, "low_elevation": false, "drain_deficiency": 1.0, "adjusted_score": 50.0}}, {"type": "Feature", "geometry": {"type": "Polygon", "coordinates": [[[174.80472920000003, -36.9858502], [174.80472920000003, -36.9849502], [174.80382920000002, -36.9849502], [174.80382920000002, -36.9858502], [174.80472920000003, -36.9858502]]]}, "properties": {"row": 38, "col": 27, "elevation_m": 12.1, "low_elevation": false, "drain_deficiency": 1.0, "adjusted_score": 50.0}}, {"type": "Feature", "geometry": {"type": "Polygon", "coordinates": [[[174.80562920000003, -36.9858502], [174.80562920000003, -36.9849502], [174.80472920000003, -36.9849502], [174.80472920000003, -36.9858502], [174.80562920000003, -36.9858502]]]}, "properties": {"row": 38, "col": 28, "elevation_m": 16.2, "low_elevation": false, "drain_deficiency": 1.0, "adjusted_score": 50.0}}, {"type": "Feature", "geometry": {"type": "Polygon", "coordinates": [[[174.80652920000003, -36.9858502], [174.80652920000003, -36.9849502], [174.80562920000003, -36.9849502], [174.80562920000003, -36.9858502], [174.80652920000003, -36.9858502]]]}, "properties": {"row": 38, "col": 29, "elevation_m": 21.1, "low_elevation": false, "drain_deficiency": 1.0, "adjusted_score": 50.0}}, {"type": "Feature", "geometry": {"type": "Polygon", "coordinates": [[[174.8074292, -36.9858502], [174.8074292, -36.9849502], [174.8065292, -36.9849502], [174.8065292, -36.9858502], [174.8074292, -36.9858502]]]}, "properties": {"row": 38, "col": 30, "elevation_m": 20.3, "low_elevation": false, "drain_deficiency": 1.0, "adjusted_score": 50.0}}, {"type": "Feature", "geometry": {"type": "Polygon", "coordinates": [[[174.8083292, -36.9858502], [174.8083292, -36.9849502], [174.8074292, -36.9849502], [174.8074292, -36.9858502], [174.8083292, -36.9858502]]]}, "properties": {"row": 38, "col": 31, "elevation_m": 6.1, "low_elevation": false, "drain_deficiency": 1.0, "adjusted_score": 50.0}}, {"type": "Feature", "geometry": {"type": "Polygon", "coordinates": [[[174.8092292, -36.9858502], [174.8092292, -36.9849502], [174.8083292, -36.9849502], [174.8083292, -36.9858502], [174.8092292, -36.9858502]]]}, "properties": {"row": 38, "col": 32, "elevation_m": 0.7, "low_elevation": true, "drain_deficiency": 1.0, "adjusted_score": 100.0}}, {"type": "Feature", "geometry": {"type": "Polygon", "coordinates": [[[174.8101292, -36.9858502], [174.8101292, -36.9849502], [174.8092292, -36.9849502], [174.8092292, -36.9858502], [174.8101292, -36.9858502]]]}, "properties": {"row": 38, "col": 33, "elevation_m": 0.4, "low_elevation": true, "drain_deficiency": 1.0, "adjusted_score": 100.0}}, {"type": "Feature", "geometry": {"type": "Polygon", "coordinates": [[[174.8110292, -36.9858502], [174.8110292, -36.9849502], [174.8101292, -36.9849502], [174.8101292, -36.9858502], [174.8110292, -36.9858502]]]}, "properties": {"row": 38, "col": 34, "elevation_m": 0.3, "low_elevation": true, "drain_deficiency": 1.0, "adjusted_score": 100.0}}, {"type": "Feature", "geometry": {"type": "Polygon", "coordinates": [[[174.8119292, -36.9858502], [174.8119292, -36.9849502], [174.8110292, -36.9849502], [174.8110292, -36.9858502], [174.8119292, -36.9858502]]]}, "properties": {"row": 38, "col": 35, "elevation_m": 0.3, "low_elevation": true, "drain_deficiency": 1.0, "adjusted_score": 100.0}}, {"type": "Feature", "geometry": {"type": "Polygon", "coordinates": [[[174.8128292, -36.9858502], [174.8128292, -36.9849502], [174.8119292, -36.9849502], [174.8119292, -36.9858502], [174.8128292, -36.9858502]]]}, "properties": {"row": 38, "col": 36, "elevation_m": 0.7, "low_elevation": true, "drain_deficiency": 1.0, "adjusted_score": 100.0}}, {"type": "Feature", "geometry": {"type": "Polygon", "coordinates": [[[174.8137292, -36.9858502], [174.8137292, -36.9849502], [174.8128292, -36.9849502], [174.8128292, -36.9858502], [174.8137292, -36.9858502]]]}, "properties": {"row": 38, "col": 37, "elevation_m": 7.0, "low_elevation": false, "drain_deficiency": 1.0, "adjusted_score": 50.0}}, {"type": "Feature", "geometry": {"type": "Polygon", "coordinates": [[[174.8146292, -36.9858502], [174.8146292, -36.9849502], [174.8137292, -36.9849502], [174.8137292, -36.9858502], [174.8146292, -36.9858502]]]}, "properties": {"row": 38, "col": 38, "elevation_m": 12.8, "low_elevation": false, "drain_deficiency": 1.0, "adjusted_score": 50.0}}, {"type": "Feature", "geometry": {"type": "Polygon", "coordinates": [[[174.81552920000001, -36.9858502], [174.81552920000001, -36.9849502], [174.8146292, -36.9849502], [174.8146292, -36.9858502], [174.81552920000001, -36.9858502]]]}, "properties": {"row": 38, "col": 39, "elevation_m": 12.3, "low_elevation": false, "drain_deficiency": 1.0, "adjusted_score": 50.0}}, {"type": "Feature", "geometry": {"type": "Polygon", "coordinates": [[[174.81642920000002, -36.9858502], [174.81642920000002, -36.9849502], [174.81552920000001, -36.9849502], [174.81552920000001, -36.9858502], [174.81642920000002, -36.9858502]]]}, "properties": {"row": 38, "col": 40, "elevation_m": 9.9, "low_elevation": false, "drain_deficiency": 1.0, "adjusted_score": 50.0}}, {"type": "Feature", "geometry": {"type": "Polygon", "coordinates": [[[174.81732920000002, -36.9858502], [174.81732920000002, -36.9849502], [174.81642920000002, -36.9849502], [174.81642920000002, -36.9858502], [174.81732920000002, -36.9858502]]]}, "properties": {"row": 38, "col": 41, "elevation_m": 9.0, "low_elevation": false, "drain_deficiency": 1.0, "adjusted_score": 50.0}}, {"type": "Feature", "geometry": {"type": "Polygon", "coordinates": [[[174.81822920000002, -36.9858502], [174.81822920000002, -36.9849502], [174.81732920000002, -36.9849502], [174.81732920000002, -36.9858502], [174.81822920000002, -36.9858502]]]}, "properties": {"row": 38, "col": 42, "elevation_m": 9.4, "low_elevation": false, "drain_deficiency": 1.0, "adjusted_score": 50.0}}, {"type": "Feature", "geometry": {"type": "Polygon", "coordinates": [[[174.81912920000002, -36.9858502], [174.81912920000002, -36.9849502], [174.81822920000002, -36.9849502], [174.81822920000002, -36.9858502], [174.81912920000002, -36.9858502]]]}, "properties": {"row": 38, "col": 43, "elevation_m": 8.0, "low_elevation": false, "drain_deficiency": 1.0, "adjusted_score": 50.0}}, {"type": "Feature", "geometry": {"type": "Polygon", "coordinates": [[[174.82002920000002, -36.9858502], [174.82002920000002, -36.9849502], [174.81912920000002, -36.9849502], [174.81912920000002, -36.9858502], [174.82002920000002, -36.9858502]]]}, "properties": {"row": 38, "col": 44, "elevation_m": 5.6, "low_elevation": false, "drain_deficiency": 1.0, "adjusted_score": 50.0}}, {"type": "Feature", "geometry": {"type": "Polygon", "coordinates": [[[174.78042920000001, -36.9867502], [174.78042920000001, -36.9858502], [174.7795292, -36.9858502], [174.7795292, -36.9867502], [174.78042920000001, -36.9867502]]]}, "properties": {"row": 39, "col": 0, "elevation_m": 13.6, "low_elevation": false, "drain_deficiency": 1.0, "adjusted_score": 50.0}}, {"type": "Feature", "geometry": {"type": "Polygon", "coordinates": [[[174.78132920000002, -36.9867502], [174.78132920000002, -36.9858502], [174.78042920000001, -36.9858502], [174.78042920000001, -36.9867502], [174.78132920000002, -36.9867502]]]}, "properties": {"row": 39, "col": 1, "elevation_m": 12.9, "low_elevation": false, "drain_deficiency": 1.0, "adjusted_score": 50.0}}, {"type": "Feature", "geometry": {"type": "Polygon", "coordinates": [[[174.78222920000002, -36.9867502], [174.78222920000002, -36.9858502], [174.78132920000002, -36.9858502], [174.78132920000002, -36.9867502], [174.78222920000002, -36.9867502]]]}, "properties": {"row": 39, "col": 2, "elevation_m": 14.4, "low_elevation": false, "drain_deficiency": 1.0, "adjusted_score": 50.0}}, {"type": "Feature", "geometry": {"type": "Polygon", "coordinates": [[[174.78312920000002, -36.9867502], [174.78312920000002, -36.9858502], [174.78222920000002, -36.9858502], [174.78222920000002, -36.9867502], [174.78312920000002, -36.9867502]]]}, "properties": {"row": 39, "col": 3, "elevation_m": 16.3, "low_elevation": false, "drain_deficiency": 1.0, "adjusted_score": 50.0}}, {"type": "Feature", "geometry": {"type": "Polygon", "coordinates": [[[174.78402920000002, -36.9867502], [174.78402920000002, -36.9858502], [174.78312920000002, -36.9858502], [174.78312920000002, -36.9867502], [174.78402920000002, -36.9867502]]]}, "properties": {"row": 39, "col": 4, "elevation_m": 14.3, "low_elevation": false, "drain_deficiency": 1.0, "adjusted_score": 50.0}}, {"type": "Feature", "geometry": {"type": "Polygon", "coordinates": [[[174.78492920000002, -36.9867502], [174.78492920000002, -36.9858502], [174.78402920000002, -36.9858502], [174.78402920000002, -36.9867502], [174.78492920000002, -36.9867502]]]}, "properties": {"row": 39, "col": 5, "elevation_m": 17.7, "low_elevation": false, "drain_deficiency": 1.0, "adjusted_score": 50.0}}, {"type": "Feature", "geometry": {"type": "Polygon", "coordinates": [[[174.78582920000002, -36.9867502], [174.78582920000002, -36.9858502], [174.78492920000002, -36.9858502], [174.78492920000002, -36.9867502], [174.78582920000002, -36.9867502]]]}, "properties": {"row": 39, "col": 6, "elevation_m": 15.8, "low_elevation": false, "drain_deficiency": 0.923, "adjusted_score": 46.2}}, {"type": "Feature", "geometry": {"type": "Polygon", "coordinates": [[[174.78672920000002, -36.9867502], [174.78672920000002, -36.9858502], [174.78582920000002, -36.9858502], [174.78582920000002, -36.9867502], [174.78672920000002, -36.9867502]]]}, "properties": {"row": 39, "col": 7, "elevation_m": 16.0, "low_elevation": false, "drain_deficiency": 0.625, "adjusted_score": 31.2}}, {"type": "Feature", "geometry": {"type": "Polygon", "coordinates": [[[174.78762920000003, -36.9867502], [174.78762920000003, -36.9858502], [174.78672920000002, -36.9858502], [174.78672920000002, -36.9867502], [174.78762920000003, -36.9867502]]]}, "properties": {"row": 39, "col": 8, "elevation_m": 18.5, "low_elevation": false, "drain_deficiency": 0.625, "adjusted_score": 31.2}}, {"type": "Feature", "geometry": {"type": "Polygon", "coordinates": [[[174.78852920000003, -36.9867502], [174.78852920000003, -36.9858502], [174.78762920000003, -36.9858502], [174.78762920000003, -36.9867502], [174.78852920000003, -36.9867502]]]}, "properties": {"row": 39, "col": 9, "elevation_m": 19.2, "low_elevation": false, "drain_deficiency": 0.995, "adjusted_score": 49.8}}, {"type": "Feature", "geometry": {"type": "Polygon", "coordinates": [[[174.7894292, -36.9867502], [174.7894292, -36.9858502], [174.7885292, -36.9858502], [174.7885292, -36.9867502], [174.7894292, -36.9867502]]]}, "properties": {"row": 39, "col": 10, "elevation_m": 13.7, "low_elevation": false, "drain_deficiency": 0.8, "adjusted_score": 40.0}}, {"type": "Feature", "geometry": {"type": "Polygon", "coordinates": [[[174.7903292, -36.9867502], [174.7903292, -36.9858502], [174.7894292, -36.9858502], [174.7894292, -36.9867502], [174.7903292, -36.9867502]]]}, "properties": {"row": 39, "col": 11, "elevation_m": 11.6, "low_elevation": false, "drain_deficiency": 0.478, "adjusted_score": 23.9}}, {"type": "Feature", "geometry": {"type": "Polygon", "coordinates": [[[174.7912292, -36.9867502], [174.7912292, -36.9858502], [174.7903292, -36.9858502], [174.7903292, -36.9867502], [174.7912292, -36.9867502]]]}, "properties": {"row": 39, "col": 12, "elevation_m": 13.1, "low_elevation": false, "drain_deficiency": 0.132, "adjusted_score": 6.6}}, {"type": "Feature", "geometry": {"type": "Polygon", "coordinates": [[[174.7921292, -36.9867502], [174.7921292, -36.9858502], [174.7912292, -36.9858502], [174.7912292, -36.9867502], [174.7921292, -36.9867502]]]}, "properties": {"row": 39, "col": 13, "elevation_m": 13.1, "low_elevation": false, "drain_deficiency": 0.767, "adjusted_score": 38.4}}, {"type": "Feature", "geometry": {"type": "Polygon", "coordinates": [[[174.7930292, -36.9867502], [174.7930292, -36.9858502], [174.7921292, -36.9858502], [174.7921292, -36.9867502], [174.7930292, -36.9867502]]]}, "properties": {"row": 39, "col": 14, "elevation_m": 12.2, "low_elevation": false, "drain_deficiency": 1.0, "adjusted_score": 50.0}}, {"type": "Feature", "geometry": {"type": "Polygon", "coordinates": [[[174.7939292, -36.9867502], [174.7939292, -36.9858502], [174.7930292, -36.9858502], [174.7930292, -36.9867502], [174.7939292, -36.9867502]]]}, "properties": {"row": 39, "col": 15, "elevation_m": 12.5, "low_elevation": false, "drain_deficiency": 1.0, "adjusted_score": 50.0}}, {"type": "Feature", "geometry": {"type": "Polygon", "coordinates": [[[174.7948292, -36.9867502], [174.7948292, -36.9858502], [174.7939292, -36.9858502], [174.7939292, -36.9867502], [174.7948292, -36.9867502]]]}, "properties": {"row": 39, "col": 16, "elevation_m": 13.5, "low_elevation": false, "drain_deficiency": 1.0, "adjusted_score": 50.0}}, {"type": "Feature", "geometry": {"type": "Polygon", "coordinates": [[[174.7957292, -36.9867502], [174.7957292, -36.9858502], [174.7948292, -36.9858502], [174.7948292, -36.9867502], [174.7957292, -36.9867502]]]}, "properties": {"row": 39, "col": 17, "elevation_m": 11.4, "low_elevation": false, "drain_deficiency": 1.0, "adjusted_score": 50.0}}, {"type": "Feature", "geometry": {"type": "Polygon", "coordinates": [[[174.7966292, -36.9867502], [174.7966292, -36.9858502], [174.7957292, -36.9858502], [174.7957292, -36.9867502], [174.7966292, -36.9867502]]]}, "properties": {"row": 39, "col": 18, "elevation_m": 8.9, "low_elevation": false, "drain_deficiency": 1.0, "adjusted_score": 50.0}}, {"type": "Feature", "geometry": {"type": "Polygon", "coordinates": [[[174.7975292, -36.9867502], [174.7975292, -36.9858502], [174.7966292, -36.9858502], [174.7966292, -36.9867502], [174.7975292, -36.9867502]]]}, "properties": {"row": 39, "col": 19, "elevation_m": 8.0, "low_elevation": false, "drain_deficiency": 1.0, "adjusted_score": 50.0}}, {"type": "Feature", "geometry": {"type": "Polygon", "coordinates": [[[174.79842920000002, -36.9867502], [174.79842920000002, -36.9858502], [174.7975292, -36.9858502], [174.7975292, -36.9867502], [174.79842920000002, -36.9867502]]]}, "properties": {"row": 39, "col": 20, "elevation_m": 6.9, "low_elevation": false, "drain_deficiency": 1.0, "adjusted_score": 50.0}}, {"type": "Feature", "geometry": {"type": "Polygon", "coordinates": [[[174.79932920000002, -36.9867502], [174.79932920000002, -36.9858502], [174.79842920000002, -36.9858502], [174.79842920000002, -36.9867502], [174.79932920000002, -36.9867502]]]}, "properties": {"row": 39, "col": 21, "elevation_m": 3.1, "low_elevation": true, "drain_deficiency": 1.0, "adjusted_score": 100.0}}, {"type": "Feature", "geometry": {"type": "Polygon", "coordinates": [[[174.80022920000002, -36.9867502], [174.80022920000002, -36.9858502], [174.79932920000002, -36.9858502], [174.79932920000002, -36.9867502], [174.80022920000002, -36.9867502]]]}, "properties": {"row": 39, "col": 22, "elevation_m": 2.2, "low_elevation": true, "drain_deficiency": 1.0, "adjusted_score": 100.0}}, {"type": "Feature", "geometry": {"type": "Polygon", "coordinates": [[[174.80112920000002, -36.9867502], [174.80112920000002, -36.9858502], [174.80022920000002, -36.9858502], [174.80022920000002, -36.9867502], [174.80112920000002, -36.9867502]]]}, "properties": {"row": 39, "col": 23, "elevation_m": 1.9, "low_elevation": true, "drain_deficiency": 1.0, "adjusted_score": 100.0}}, {"type": "Feature", "geometry": {"type": "Polygon", "coordinates": [[[174.80202920000002, -36.9867502], [174.80202920000002, -36.9858502], [174.80112920000002, -36.9858502], [174.80112920000002, -36.9867502], [174.80202920000002, -36.9867502]]]}, "properties": {"row": 39, "col": 24, "elevation_m": 2.0, "low_elevation": true, "drain_deficiency": 1.0, "adjusted_score": 100.0}}, {"type": "Feature", "geometry": {"type": "Polygon", "coordinates": [[[174.80292920000002, -36.9867502], [174.80292920000002, -36.9858502], [174.80202920000002, -36.9858502], [174.80202920000002, -36.9867502], [174.80292920000002, -36.9867502]]]}, "properties": {"row": 39, "col": 25, "elevation_m": 5.5, "low_elevation": false, "drain_deficiency": 1.0, "adjusted_score": 50.0}}, {"type": "Feature", "geometry": {"type": "Polygon", "coordinates": [[[174.80382920000002, -36.9867502], [174.80382920000002, -36.9858502], [174.80292920000002, -36.9858502], [174.80292920000002, -36.9867502], [174.80382920000002, -36.9867502]]]}, "properties": {"row": 39, "col": 26, "elevation_m": 6.5, "low_elevation": false, "drain_deficiency": 1.0, "adjusted_score": 50.0}}, {"type": "Feature", "geometry": {"type": "Polygon", "coordinates": [[[174.80472920000003, -36.9867502], [174.80472920000003, -36.9858502], [174.80382920000002, -36.9858502], [174.80382920000002, -36.9867502], [174.80472920000003, -36.9867502]]]}, "properties": {"row": 39, "col": 27, "elevation_m": 7.9, "low_elevation": false, "drain_deficiency": 1.0, "adjusted_score": 50.0}}, {"type": "Feature", "geometry": {"type": "Polygon", "coordinates": [[[174.80562920000003, -36.9867502], [174.80562920000003, -36.9858502], [174.80472920000003, -36.9858502], [174.80472920000003, -36.9867502], [174.80562920000003, -36.9867502]]]}, "properties": {"row": 39, "col": 28, "elevation_m": 14.3, "low_elevation": false, "drain_deficiency": 1.0, "adjusted_score": 50.0}}, {"type": "Feature", "geometry": {"type": "Polygon", "coordinates": [[[174.80652920000003, -36.9867502], [174.80652920000003, -36.9858502], [174.80562920000003, -36.9858502], [174.80562920000003, -36.9867502], [174.80652920000003, -36.9867502]]]}, "properties": {"row": 39, "col": 29, "elevation_m": 18.6, "low_elevation": false, "drain_deficiency": 1.0, "adjusted_score": 50.0}}, {"type": "Feature", "geometry": {"type": "Polygon", "coordinates": [[[174.8074292, -36.9867502], [174.8074292, -36.9858502], [174.8065292, -36.9858502], [174.8065292, -36.9867502], [174.8074292, -36.9867502]]]}, "properties": {"row": 39, "col": 30, "elevation_m": 20.9, "low_elevation": false, "drain_deficiency": 1.0, "adjusted_score": 50.0}}, {"type": "Feature", "geometry": {"type": "Polygon", "coordinates": [[[174.8083292, -36.9867502], [174.8083292, -36.9858502], [174.8074292, -36.9858502], [174.8074292, -36.9867502], [174.8083292, -36.9867502]]]}, "properties": {"row": 39, "col": 31, "elevation_m": 18.0, "low_elevation": false, "drain_deficiency": 1.0, "adjusted_score": 50.0}}, {"type": "Feature", "geometry": {"type": "Polygon", "coordinates": [[[174.8092292, -36.9867502], [174.8092292, -36.9858502], [174.8083292, -36.9858502], [174.8083292, -36.9867502], [174.8092292, -36.9867502]]]}, "properties": {"row": 39, "col": 32, "elevation_m": 10.9, "low_elevation": false, "drain_deficiency": 1.0, "adjusted_score": 50.0}}, {"type": "Feature", "geometry": {"type": "Polygon", "coordinates": [[[174.8101292, -36.9867502], [174.8101292, -36.9858502], [174.8092292, -36.9858502], [174.8092292, -36.9867502], [174.8101292, -36.9867502]]]}, "properties": {"row": 39, "col": 33, "elevation_m": 7.1, "low_elevation": false, "drain_deficiency": 1.0, "adjusted_score": 50.0}}, {"type": "Feature", "geometry": {"type": "Polygon", "coordinates": [[[174.8110292, -36.9867502], [174.8110292, -36.9858502], [174.8101292, -36.9858502], [174.8101292, -36.9867502], [174.8110292, -36.9867502]]]}, "properties": {"row": 39, "col": 34, "elevation_m": 7.5, "low_elevation": false, "drain_deficiency": 1.0, "adjusted_score": 50.0}}, {"type": "Feature", "geometry": {"type": "Polygon", "coordinates": [[[174.8119292, -36.9867502], [174.8119292, -36.9858502], [174.8110292, -36.9858502], [174.8110292, -36.9867502], [174.8119292, -36.9867502]]]}, "properties": {"row": 39, "col": 35, "elevation_m": 8.9, "low_elevation": false, "drain_deficiency": 1.0, "adjusted_score": 50.0}}, {"type": "Feature", "geometry": {"type": "Polygon", "coordinates": [[[174.8128292, -36.9867502], [174.8128292, -36.9858502], [174.8119292, -36.9858502], [174.8119292, -36.9867502], [174.8128292, -36.9867502]]]}, "properties": {"row": 39, "col": 36, "elevation_m": 5.1, "low_elevation": false, "drain_deficiency": 1.0, "adjusted_score": 50.0}}, {"type": "Feature", "geometry": {"type": "Polygon", "coordinates": [[[174.8137292, -36.9867502], [174.8137292, -36.9858502], [174.8128292, -36.9858502], [174.8128292, -36.9867502], [174.8137292, -36.9867502]]]}, "properties": {"row": 39, "col": 37, "elevation_m": 7.0, "low_elevation": false, "drain_deficiency": 1.0, "adjusted_score": 50.0}}, {"type": "Feature", "geometry": {"type": "Polygon", "coordinates": [[[174.8146292, -36.9867502], [174.8146292, -36.9858502], [174.8137292, -36.9858502], [174.8137292, -36.9867502], [174.8146292, -36.9867502]]]}, "properties": {"row": 39, "col": 38, "elevation_m": 8.6, "low_elevation": false, "drain_deficiency": 1.0, "adjusted_score": 50.0}}, {"type": "Feature", "geometry": {"type": "Polygon", "coordinates": [[[174.81552920000001, -36.9867502], [174.81552920000001, -36.9858502], [174.8146292, -36.9858502], [174.8146292, -36.9867502], [174.81552920000001, -36.9867502]]]}, "properties": {"row": 39, "col": 39, "elevation_m": 8.6, "low_elevation": false, "drain_deficiency": 1.0, "adjusted_score": 50.0}}, {"type": "Feature", "geometry": {"type": "Polygon", "coordinates": [[[174.81642920000002, -36.9867502], [174.81642920000002, -36.9858502], [174.81552920000001, -36.9858502], [174.81552920000001, -36.9867502], [174.81642920000002, -36.9867502]]]}, "properties": {"row": 39, "col": 40, "elevation_m": 6.9, "low_elevation": false, "drain_deficiency": 1.0, "adjusted_score": 50.0}}, {"type": "Feature", "geometry": {"type": "Polygon", "coordinates": [[[174.81732920000002, -36.9867502], [174.81732920000002, -36.9858502], [174.81642920000002, -36.9858502], [174.81642920000002, -36.9867502], [174.81732920000002, -36.9867502]]]}, "properties": {"row": 39, "col": 41, "elevation_m": 7.3, "low_elevation": false, "drain_deficiency": 1.0, "adjusted_score": 50.0}}, {"type": "Feature", "geometry": {"type": "Polygon", "coordinates": [[[174.81822920000002, -36.9867502], [174.81822920000002, -36.9858502], [174.81732920000002, -36.9858502], [174.81732920000002, -36.9867502], [174.81822920000002, -36.9867502]]]}, "properties": {"row": 39, "col": 42, "elevation_m": 7.7, "low_elevation": false, "drain_deficiency": 1.0, "adjusted_score": 50.0}}, {"type": "Feature", "geometry": {"type": "Polygon", "coordinates": [[[174.81912920000002, -36.9867502], [174.81912920000002, -36.9858502], [174.81822920000002, -36.9858502], [174.81822920000002, -36.9867502], [174.81912920000002, -36.9867502]]]}, "properties": {"row": 39, "col": 43, "elevation_m": 8.0, "low_elevation": false, "drain_deficiency": 1.0, "adjusted_score": 50.0}}, {"type": "Feature", "geometry": {"type": "Polygon", "coordinates": [[[174.82002920000002, -36.9867502], [174.82002920000002, -36.9858502], [174.81912920000002, -36.9858502], [174.81912920000002, -36.9867502], [174.82002920000002, -36.9867502]]]}, "properties": {"row": 39, "col": 44, "elevation_m": 7.0, "low_elevation": false, "drain_deficiency": 1.0, "adjusted_score": 50.0}}, {"type": "Feature", "geometry": {"type": "Polygon", "coordinates": [[[174.78042920000001, -36.987650200000004], [174.78042920000001, -36.9867502], [174.7795292, -36.9867502], [174.7795292, -36.987650200000004], [174.78042920000001, -36.987650200000004]]]}, "properties": {"row": 40, "col": 0, "elevation_m": 14.2, "low_elevation": false, "drain_deficiency": 1.0, "adjusted_score": 50.0}}, {"type": "Feature", "geometry": {"type": "Polygon", "coordinates": [[[174.78132920000002, -36.987650200000004], [174.78132920000002, -36.9867502], [174.78042920000001, -36.9867502], [174.78042920000001, -36.987650200000004], [174.78132920000002, -36.987650200000004]]]}, "properties": {"row": 40, "col": 1, "elevation_m": 15.7, "low_elevation": false, "drain_deficiency": 1.0, "adjusted_score": 50.0}}, {"type": "Feature", "geometry": {"type": "Polygon", "coordinates": [[[174.78222920000002, -36.987650200000004], [174.78222920000002, -36.9867502], [174.78132920000002, -36.9867502], [174.78132920000002, -36.987650200000004], [174.78222920000002, -36.987650200000004]]]}, "properties": {"row": 40, "col": 2, "elevation_m": 15.0, "low_elevation": false, "drain_deficiency": 1.0, "adjusted_score": 50.0}}, {"type": "Feature", "geometry": {"type": "Polygon", "coordinates": [[[174.78312920000002, -36.987650200000004], [174.78312920000002, -36.9867502], [174.78222920000002, -36.9867502], [174.78222920000002, -36.987650200000004], [174.78312920000002, -36.987650200000004]]]}, "properties": {"row": 40, "col": 3, "elevation_m": 15.5, "low_elevation": false, "drain_deficiency": 1.0, "adjusted_score": 50.0}}, {"type": "Feature", "geometry": {"type": "Polygon", "coordinates": [[[174.78402920000002, -36.987650200000004], [174.78402920000002, -36.9867502], [174.78312920000002, -36.9867502], [174.78312920000002, -36.987650200000004], [174.78402920000002, -36.987650200000004]]]}, "properties": {"row": 40, "col": 4, "elevation_m": 14.4, "low_elevation": false, "drain_deficiency": 1.0, "adjusted_score": 50.0}}, {"type": "Feature", "geometry": {"type": "Polygon", "coordinates": [[[174.78492920000002, -36.987650200000004], [174.78492920000002, -36.9867502], [174.78402920000002, -36.9867502], [174.78402920000002, -36.987650200000004], [174.78492920000002, -36.987650200000004]]]}, "properties": {"row": 40, "col": 5, "elevation_m": 17.3, "low_elevation": false, "drain_deficiency": 1.0, "adjusted_score": 50.0}}, {"type": "Feature", "geometry": {"type": "Polygon", "coordinates": [[[174.78582920000002, -36.987650200000004], [174.78582920000002, -36.9867502], [174.78492920000002, -36.9867502], [174.78492920000002, -36.987650200000004], [174.78582920000002, -36.987650200000004]]]}, "properties": {"row": 40, "col": 6, "elevation_m": 15.9, "low_elevation": false, "drain_deficiency": 0.5, "adjusted_score": 25.0}}, {"type": "Feature", "geometry": {"type": "Polygon", "coordinates": [[[174.78672920000002, -36.987650200000004], [174.78672920000002, -36.9867502], [174.78582920000002, -36.9867502], [174.78582920000002, -36.987650200000004], [174.78672920000002, -36.987650200000004]]]}, "properties": {"row": 40, "col": 7, "elevation_m": 14.6, "low_elevation": false, "drain_deficiency": 0.625, "adjusted_score": 31.2}}, {"type": "Feature", "geometry": {"type": "Polygon", "coordinates": [[[174.78762920000003, -36.987650200000004], [174.78762920000003, -36.9867502], [174.78672920000002, -36.9867502], [174.78672920000002, -36.987650200000004], [174.78762920000003, -36.987650200000004]]]}, "properties": {"row": 40, "col": 8, "elevation_m": 15.9, "low_elevation": false, "drain_deficiency": 0.5, "adjusted_score": 25.0}}, {"type": "Feature", "geometry": {"type": "Polygon", "coordinates": [[[174.78852920000003, -36.987650200000004], [174.78852920000003, -36.9867502], [174.78762920000003, -36.9867502], [174.78762920000003, -36.987650200000004], [174.78852920000003, -36.987650200000004]]]}, "properties": {"row": 40, "col": 9, "elevation_m": 13.3, "low_elevation": false, "drain_deficiency": 0.772, "adjusted_score": 38.6}}, {"type": "Feature", "geometry": {"type": "Polygon", "coordinates": [[[174.7894292, -36.987650200000004], [174.7894292, -36.9867502], [174.7885292, -36.9867502], [174.7885292, -36.987650200000004], [174.7894292, -36.987650200000004]]]}, "properties": {"row": 40, "col": 10, "elevation_m": 11.5, "low_elevation": false, "drain_deficiency": 1.0, "adjusted_score": 50.0}}, {"type": "Feature", "geometry": {"type": "Polygon", "coordinates": [[[174.7903292, -36.987650200000004], [174.7903292, -36.9867502], [174.7894292, -36.9867502], [174.7894292, -36.987650200000004], [174.7903292, -36.987650200000004]]]}, "properties": {"row": 40, "col": 11, "elevation_m": 11.1, "low_elevation": false, "drain_deficiency": 0.886, "adjusted_score": 44.3}}, {"type": "Feature", "geometry": {"type": "Polygon", "coordinates": [[[174.7912292, -36.987650200000004], [174.7912292, -36.9867502], [174.7903292, -36.9867502], [174.7903292, -36.987650200000004], [174.7912292, -36.987650200000004]]]}, "properties": {"row": 40, "col": 12, "elevation_m": 9.1, "low_elevation": false, "drain_deficiency": 0.719, "adjusted_score": 36.0}}, {"type": "Feature", "geometry": {"type": "Polygon", "coordinates": [[[174.7921292, -36.987650200000004], [174.7921292, -36.9867502], [174.7912292, -36.9867502], [174.7912292, -36.987650200000004], [174.7921292, -36.987650200000004]]]}, "properties": {"row": 40, "col": 13, "elevation_m": 7.8, "low_elevation": false, "drain_deficiency": 1.0, "adjusted_score": 50.0}}, {"type": "Feature", "geometry": {"type": "Polygon", "coordinates": [[[174.7930292, -36.987650200000004], [174.7930292, -36.9867502], [174.7921292, -36.9867502], [174.7921292, -36.987650200000004], [174.7930292, -36.987650200000004]]]}, "properties": {"row": 40, "col": 14, "elevation_m": 10.4, "low_elevation": false, "drain_deficiency": 1.0, "adjusted_score": 50.0}}, {"type": "Feature", "geometry": {"type": "Polygon", "coordinates": [[[174.7939292, -36.987650200000004], [174.7939292, -36.9867502], [174.7930292, -36.9867502], [174.7930292, -36.987650200000004], [174.7939292, -36.987650200000004]]]}, "properties": {"row": 40, "col": 15, "elevation_m": 12.6, "low_elevation": false, "drain_deficiency": 1.0, "adjusted_score": 50.0}}, {"type": "Feature", "geometry": {"type": "Polygon", "coordinates": [[[174.7948292, -36.987650200000004], [174.7948292, -36.9867502], [174.7939292, -36.9867502], [174.7939292, -36.987650200000004], [174.7948292, -36.987650200000004]]]}, "properties": {"row": 40, "col": 16, "elevation_m": 12.0, "low_elevation": false, "drain_deficiency": 1.0, "adjusted_score": 50.0}}, {"type": "Feature", "geometry": {"type": "Polygon", "coordinates": [[[174.7957292, -36.987650200000004], [174.7957292, -36.9867502], [174.7948292, -36.9867502], [174.7948292, -36.987650200000004], [174.7957292, -36.987650200000004]]]}, "properties": {"row": 40, "col": 17, "elevation_m": 9.4, "low_elevation": false, "drain_deficiency": 1.0, "adjusted_score": 50.0}}, {"type": "Feature", "geometry": {"type": "Polygon", "coordinates": [[[174.7966292, -36.987650200000004], [174.7966292, -36.9867502], [174.7957292, -36.9867502], [174.7957292, -36.987650200000004], [174.7966292, -36.987650200000004]]]}, "properties": {"row": 40, "col": 18, "elevation_m": 7.5, "low_elevation": false, "drain_deficiency": 1.0, "adjusted_score": 50.0}}, {"type": "Feature", "geometry": {"type": "Polygon", "coordinates": [[[174.7975292, -36.987650200000004], [174.7975292, -36.9867502], [174.7966292, -36.9867502], [174.7966292, -36.987650200000004], [174.7975292, -36.987650200000004]]]}, "properties": {"row": 40, "col": 19, "elevation_m": 5.6, "low_elevation": false, "drain_deficiency": 1.0, "adjusted_score": 50.0}}, {"type": "Feature", "geometry": {"type": "Polygon", "coordinates": [[[174.79842920000002, -36.987650200000004], [174.79842920000002, -36.9867502], [174.7975292, -36.9867502], [174.7975292, -36.987650200000004], [174.79842920000002, -36.987650200000004]]]}, "properties": {"row": 40, "col": 20, "elevation_m": 5.2, "low_elevation": false, "drain_deficiency": 1.0, "adjusted_score": 50.0}}, {"type": "Feature", "geometry": {"type": "Polygon", "coordinates": [[[174.79932920000002, -36.987650200000004], [174.79932920000002, -36.9867502], [174.79842920000002, -36.9867502], [174.79842920000002, -36.987650200000004], [174.79932920000002, -36.987650200000004]]]}, "properties": {"row": 40, "col": 21, "elevation_m": 4.3, "low_elevation": true, "drain_deficiency": 1.0, "adjusted_score": 100.0}}, {"type": "Feature", "geometry": {"type": "Polygon", "coordinates": [[[174.80022920000002, -36.987650200000004], [174.80022920000002, -36.9867502], [174.79932920000002, -36.9867502], [174.79932920000002, -36.987650200000004], [174.80022920000002, -36.987650200000004]]]}, "properties": {"row": 40, "col": 22, "elevation_m": 2.4, "low_elevation": true, "drain_deficiency": 1.0, "adjusted_score": 100.0}}, {"type": "Feature", "geometry": {"type": "Polygon", "coordinates": [[[174.80112920000002, -36.987650200000004], [174.80112920000002, -36.9867502], [174.80022920000002, -36.9867502], [174.80022920000002, -36.987650200000004], [174.80112920000002, -36.987650200000004]]]}, "properties": {"row": 40, "col": 23, "elevation_m": 2.1, "low_elevation": true, "drain_deficiency": 1.0, "adjusted_score": 100.0}}, {"type": "Feature", "geometry": {"type": "Polygon", "coordinates": [[[174.80202920000002, -36.987650200000004], [174.80202920000002, -36.9867502], [174.80112920000002, -36.9867502], [174.80112920000002, -36.987650200000004], [174.80202920000002, -36.987650200000004]]]}, "properties": {"row": 40, "col": 24, "elevation_m": 1.6, "low_elevation": true, "drain_deficiency": 1.0, "adjusted_score": 100.0}}, {"type": "Feature", "geometry": {"type": "Polygon", "coordinates": [[[174.80292920000002, -36.987650200000004], [174.80292920000002, -36.9867502], [174.80202920000002, -36.9867502], [174.80202920000002, -36.987650200000004], [174.80292920000002, -36.987650200000004]]]}, "properties": {"row": 40, "col": 25, "elevation_m": 2.5, "low_elevation": true, "drain_deficiency": 1.0, "adjusted_score": 100.0}}, {"type": "Feature", "geometry": {"type": "Polygon", "coordinates": [[[174.80382920000002, -36.987650200000004], [174.80382920000002, -36.9867502], [174.80292920000002, -36.9867502], [174.80292920000002, -36.987650200000004], [174.80382920000002, -36.987650200000004]]]}, "properties": {"row": 40, "col": 26, "elevation_m": 3.7, "low_elevation": true, "drain_deficiency": 1.0, "adjusted_score": 100.0}}, {"type": "Feature", "geometry": {"type": "Polygon", "coordinates": [[[174.80472920000003, -36.987650200000004], [174.80472920000003, -36.9867502], [174.80382920000002, -36.9867502], [174.80382920000002, -36.987650200000004], [174.80472920000003, -36.987650200000004]]]}, "properties": {"row": 40, "col": 27, "elevation_m": 6.6, "low_elevation": false, "drain_deficiency": 1.0, "adjusted_score": 50.0}}, {"type": "Feature", "geometry": {"type": "Polygon", "coordinates": [[[174.80562920000003, -36.987650200000004], [174.80562920000003, -36.9867502], [174.80472920000003, -36.9867502], [174.80472920000003, -36.987650200000004], [174.80562920000003, -36.987650200000004]]]}, "properties": {"row": 40, "col": 28, "elevation_m": 11.4, "low_elevation": false, "drain_deficiency": 1.0, "adjusted_score": 50.0}}, {"type": "Feature", "geometry": {"type": "Polygon", "coordinates": [[[174.80652920000003, -36.987650200000004], [174.80652920000003, -36.9867502], [174.80562920000003, -36.9867502], [174.80562920000003, -36.987650200000004], [174.80652920000003, -36.987650200000004]]]}, "properties": {"row": 40, "col": 29, "elevation_m": 14.1, "low_elevation": false, "drain_deficiency": 1.0, "adjusted_score": 50.0}}, {"type": "Feature", "geometry": {"type": "Polygon", "coordinates": [[[174.8074292, -36.987650200000004], [174.8074292, -36.9867502], [174.8065292, -36.9867502], [174.8065292, -36.987650200000004], [174.8074292, -36.987650200000004]]]}, "properties": {"row": 40, "col": 30, "elevation_m": 16.7, "low_elevation": false, "drain_deficiency": 1.0, "adjusted_score": 50.0}}, {"type": "Feature", "geometry": {"type": "Polygon", "coordinates": [[[174.8083292, -36.987650200000004], [174.8083292, -36.9867502], [174.8074292, -36.9867502], [174.8074292, -36.987650200000004], [174.8083292, -36.987650200000004]]]}, "properties": {"row": 40, "col": 31, "elevation_m": 18.3, "low_elevation": false, "drain_deficiency": 1.0, "adjusted_score": 50.0}}, {"type": "Feature", "geometry": {"type": "Polygon", "coordinates": [[[174.8092292, -36.987650200000004], [174.8092292, -36.9867502], [174.8083292, -36.9867502], [174.8083292, -36.987650200000004], [174.8092292, -36.987650200000004]]]}, "properties": {"row": 40, "col": 32, "elevation_m": 17.9, "low_elevation": false, "drain_deficiency": 1.0, "adjusted_score": 50.0}}, {"type": "Feature", "geometry": {"type": "Polygon", "coordinates": [[[174.8101292, -36.987650200000004], [174.8101292, -36.9867502], [174.8092292, -36.9867502], [174.8092292, -36.987650200000004], [174.8101292, -36.987650200000004]]]}, "properties": {"row": 40, "col": 33, "elevation_m": 17.3, "low_elevation": false, "drain_deficiency": 1.0, "adjusted_score": 50.0}}, {"type": "Feature", "geometry": {"type": "Polygon", "coordinates": [[[174.8110292, -36.987650200000004], [174.8110292, -36.9867502], [174.8101292, -36.9867502], [174.8101292, -36.987650200000004], [174.8110292, -36.987650200000004]]]}, "properties": {"row": 40, "col": 34, "elevation_m": 15.0, "low_elevation": false, "drain_deficiency": 1.0, "adjusted_score": 50.0}}, {"type": "Feature", "geometry": {"type": "Polygon", "coordinates": [[[174.8119292, -36.987650200000004], [174.8119292, -36.9867502], [174.8110292, -36.9867502], [174.8110292, -36.987650200000004], [174.8119292, -36.987650200000004]]]}, "properties": {"row": 40, "col": 35, "elevation_m": 12.1, "low_elevation": false, "drain_deficiency": 1.0, "adjusted_score": 50.0}}, {"type": "Feature", "geometry": {"type": "Polygon", "coordinates": [[[174.8128292, -36.987650200000004], [174.8128292, -36.9867502], [174.8119292, -36.9867502], [174.8119292, -36.987650200000004], [174.8128292, -36.987650200000004]]]}, "properties": {"row": 40, "col": 36, "elevation_m": 8.9, "low_elevation": false, "drain_deficiency": 1.0, "adjusted_score": 50.0}}, {"type": "Feature", "geometry": {"type": "Polygon", "coordinates": [[[174.8137292, -36.987650200000004], [174.8137292, -36.9867502], [174.8128292, -36.9867502], [174.8128292, -36.987650200000004], [174.8137292, -36.987650200000004]]]}, "properties": {"row": 40, "col": 37, "elevation_m": 4.4, "low_elevation": true, "drain_deficiency": 1.0, "adjusted_score": 100.0}}, {"type": "Feature", "geometry": {"type": "Polygon", "coordinates": [[[174.8146292, -36.987650200000004], [174.8146292, -36.9867502], [174.8137292, -36.9867502], [174.8137292, -36.987650200000004], [174.8146292, -36.987650200000004]]]}, "properties": {"row": 40, "col": 38, "elevation_m": 3.8, "low_elevation": true, "drain_deficiency": 1.0, "adjusted_score": 100.0}}, {"type": "Feature", "geometry": {"type": "Polygon", "coordinates": [[[174.81552920000001, -36.987650200000004], [174.81552920000001, -36.9867502], [174.8146292, -36.9867502], [174.8146292, -36.987650200000004], [174.81552920000001, -36.987650200000004]]]}, "properties": {"row": 40, "col": 39, "elevation_m": 4.6, "low_elevation": true, "drain_deficiency": 1.0, "adjusted_score": 100.0}}, {"type": "Feature", "geometry": {"type": "Polygon", "coordinates": [[[174.81642920000002, -36.987650200000004], [174.81642920000002, -36.9867502], [174.81552920000001, -36.9867502], [174.81552920000001, -36.987650200000004], [174.81642920000002, -36.987650200000004]]]}, "properties": {"row": 40, "col": 40, "elevation_m": 4.8, "low_elevation": true, "drain_deficiency": 1.0, "adjusted_score": 100.0}}, {"type": "Feature", "geometry": {"type": "Polygon", "coordinates": [[[174.81732920000002, -36.987650200000004], [174.81732920000002, -36.9867502], [174.81642920000002, -36.9867502], [174.81642920000002, -36.987650200000004], [174.81732920000002, -36.987650200000004]]]}, "properties": {"row": 40, "col": 41, "elevation_m": 5.5, "low_elevation": false, "drain_deficiency": 1.0, "adjusted_score": 50.0}}, {"type": "Feature", "geometry": {"type": "Polygon", "coordinates": [[[174.81822920000002, -36.987650200000004], [174.81822920000002, -36.9867502], [174.81732920000002, -36.9867502], [174.81732920000002, -36.987650200000004], [174.81822920000002, -36.987650200000004]]]}, "properties": {"row": 40, "col": 42, "elevation_m": 4.9, "low_elevation": true, "drain_deficiency": 1.0, "adjusted_score": 100.0}}, {"type": "Feature", "geometry": {"type": "Polygon", "coordinates": [[[174.81912920000002, -36.987650200000004], [174.81912920000002, -36.9867502], [174.81822920000002, -36.9867502], [174.81822920000002, -36.987650200000004], [174.81912920000002, -36.987650200000004]]]}, "properties": {"row": 40, "col": 43, "elevation_m": 6.1, "low_elevation": false, "drain_deficiency": 1.0, "adjusted_score": 50.0}}, {"type": "Feature", "geometry": {"type": "Polygon", "coordinates": [[[174.82002920000002, -36.987650200000004], [174.82002920000002, -36.9867502], [174.81912920000002, -36.9867502], [174.81912920000002, -36.987650200000004], [174.82002920000002, -36.987650200000004]]]}, "properties": {"row": 40, "col": 44, "elevation_m": 5.4, "low_elevation": false, "drain_deficiency": 1.0, "adjusted_score": 50.0}}, {"type": "Feature", "geometry": {"type": "Polygon", "coordinates": [[[174.78042920000001, -36.988550200000006], [174.78042920000001, -36.987650200000004], [174.7795292, -36.987650200000004], [174.7795292, -36.988550200000006], [174.78042920000001, -36.988550200000006]]]}, "properties": {"row": 41, "col": 0, "elevation_m": 12.9, "low_elevation": false, "drain_deficiency": 1.0, "adjusted_score": 50.0}}, {"type": "Feature", "geometry": {"type": "Polygon", "coordinates": [[[174.78132920000002, -36.988550200000006], [174.78132920000002, -36.987650200000004], [174.78042920000001, -36.987650200000004], [174.78042920000001, -36.988550200000006], [174.78132920000002, -36.988550200000006]]]}, "properties": {"row": 41, "col": 1, "elevation_m": 14.4, "low_elevation": false, "drain_deficiency": 1.0, "adjusted_score": 50.0}}, {"type": "Feature", "geometry": {"type": "Polygon", "coordinates": [[[174.78222920000002, -36.988550200000006], [174.78222920000002, -36.987650200000004], [174.78132920000002, -36.987650200000004], [174.78132920000002, -36.988550200000006], [174.78222920000002, -36.988550200000006]]]}, "properties": {"row": 41, "col": 2, "elevation_m": 14.3, "low_elevation": false, "drain_deficiency": 1.0, "adjusted_score": 50.0}}, {"type": "Feature", "geometry": {"type": "Polygon", "coordinates": [[[174.78312920000002, -36.988550200000006], [174.78312920000002, -36.987650200000004], [174.78222920000002, -36.987650200000004], [174.78222920000002, -36.988550200000006], [174.78312920000002, -36.988550200000006]]]}, "properties": {"row": 41, "col": 3, "elevation_m": 15.0, "low_elevation": false, "drain_deficiency": 1.0, "adjusted_score": 50.0}}, {"type": "Feature", "geometry": {"type": "Polygon", "coordinates": [[[174.78402920000002, -36.988550200000006], [174.78402920000002, -36.987650200000004], [174.78312920000002, -36.987650200000004], [174.78312920000002, -36.988550200000006], [174.78402920000002, -36.988550200000006]]]}, "properties": {"row": 41, "col": 4, "elevation_m": 14.8, "low_elevation": false, "drain_deficiency": 1.0, "adjusted_score": 50.0}}, {"type": "Feature", "geometry": {"type": "Polygon", "coordinates": [[[174.78492920000002, -36.988550200000006], [174.78492920000002, -36.987650200000004], [174.78402920000002, -36.987650200000004], [174.78402920000002, -36.988550200000006], [174.78492920000002, -36.988550200000006]]]}, "properties": {"row": 41, "col": 5, "elevation_m": 15.9, "low_elevation": false, "drain_deficiency": 1.0, "adjusted_score": 50.0}}, {"type": "Feature", "geometry": {"type": "Polygon", "coordinates": [[[174.78582920000002, -36.988550200000006], [174.78582920000002, -36.987650200000004], [174.78492920000002, -36.987650200000004], [174.78492920000002, -36.988550200000006], [174.78582920000002, -36.988550200000006]]]}, "properties": {"row": 41, "col": 6, "elevation_m": 15.3, "low_elevation": false, "drain_deficiency": 0.625, "adjusted_score": 31.2}}, {"type": "Feature", "geometry": {"type": "Polygon", "coordinates": [[[174.78672920000002, -36.988550200000006], [174.78672920000002, -36.987650200000004], [174.78582920000002, -36.987650200000004], [174.78582920000002, -36.988550200000006], [174.78672920000002, -36.988550200000006]]]}, "properties": {"row": 41, "col": 7, "elevation_m": 13.8, "low_elevation": false, "drain_deficiency": 0.625, "adjusted_score": 31.2}}, {"type": "Feature", "geometry": {"type": "Polygon", "coordinates": [[[174.78762920000003, -36.988550200000006], [174.78762920000003, -36.987650200000004], [174.78672920000002, -36.987650200000004], [174.78672920000002, -36.988550200000006], [174.78762920000003, -36.988550200000006]]]}, "properties": {"row": 41, "col": 8, "elevation_m": 14.8, "low_elevation": false, "drain_deficiency": 0.5, "adjusted_score": 25.0}}, {"type": "Feature", "geometry": {"type": "Polygon", "coordinates": [[[174.78852920000003, -36.988550200000006], [174.78852920000003, -36.987650200000004], [174.78762920000003, -36.987650200000004], [174.78762920000003, -36.988550200000006], [174.78852920000003, -36.988550200000006]]]}, "properties": {"row": 41, "col": 9, "elevation_m": 11.6, "low_elevation": false, "drain_deficiency": 0.88, "adjusted_score": 44.0}}, {"type": "Feature", "geometry": {"type": "Polygon", "coordinates": [[[174.7894292, -36.988550200000006], [174.7894292, -36.987650200000004], [174.7885292, -36.987650200000004], [174.7885292, -36.988550200000006], [174.7894292, -36.988550200000006]]]}, "properties": {"row": 41, "col": 10, "elevation_m": 10.1, "low_elevation": false, "drain_deficiency": 1.0, "adjusted_score": 50.0}}, {"type": "Feature", "geometry": {"type": "Polygon", "coordinates": [[[174.7903292, -36.988550200000006], [174.7903292, -36.987650200000004], [174.7894292, -36.987650200000004], [174.7894292, -36.988550200000006], [174.7903292, -36.988550200000006]]]}, "properties": {"row": 41, "col": 11, "elevation_m": 10.0, "low_elevation": false, "drain_deficiency": 1.0, "adjusted_score": 50.0}}, {"type": "Feature", "geometry": {"type": "Polygon", "coordinates": [[[174.7912292, -36.988550200000006], [174.7912292, -36.987650200000004], [174.7903292, -36.987650200000004], [174.7903292, -36.988550200000006], [174.7912292, -36.988550200000006]]]}, "properties": {"row": 41, "col": 12, "elevation_m": 9.3, "low_elevation": false, "drain_deficiency": 1.0, "adjusted_score": 50.0}}, {"type": "Feature", "geometry": {"type": "Polygon", "coordinates": [[[174.7921292, -36.988550200000006], [174.7921292, -36.987650200000004], [174.7912292, -36.987650200000004], [174.7912292, -36.988550200000006], [174.7921292, -36.988550200000006]]]}, "properties": {"row": 41, "col": 13, "elevation_m": 6.9, "low_elevation": false, "drain_deficiency": 1.0, "adjusted_score": 50.0}}, {"type": "Feature", "geometry": {"type": "Polygon", "coordinates": [[[174.7930292, -36.988550200000006], [174.7930292, -36.987650200000004], [174.7921292, -36.987650200000004], [174.7921292, -36.988550200000006], [174.7930292, -36.988550200000006]]]}, "properties": {"row": 41, "col": 14, "elevation_m": 10.3, "low_elevation": false, "drain_deficiency": 1.0, "adjusted_score": 50.0}}, {"type": "Feature", "geometry": {"type": "Polygon", "coordinates": [[[174.7939292, -36.988550200000006], [174.7939292, -36.987650200000004], [174.7930292, -36.987650200000004], [174.7930292, -36.988550200000006], [174.7939292, -36.988550200000006]]]}, "properties": {"row": 41, "col": 15, "elevation_m": 13.4, "low_elevation": false, "drain_deficiency": 1.0, "adjusted_score": 50.0}}, {"type": "Feature", "geometry": {"type": "Polygon", "coordinates": [[[174.7948292, -36.988550200000006], [174.7948292, -36.987650200000004], [174.7939292, -36.987650200000004], [174.7939292, -36.988550200000006], [174.7948292, -36.988550200000006]]]}, "properties": {"row": 41, "col": 16, "elevation_m": 14.6, "low_elevation": false, "drain_deficiency": 1.0, "adjusted_score": 50.0}}, {"type": "Feature", "geometry": {"type": "Polygon", "coordinates": [[[174.7957292, -36.988550200000006], [174.7957292, -36.987650200000004], [174.7948292, -36.987650200000004], [174.7948292, -36.988550200000006], [174.7957292, -36.988550200000006]]]}, "properties": {"row": 41, "col": 17, "elevation_m": 14.2, "low_elevation": false, "drain_deficiency": 1.0, "adjusted_score": 50.0}}, {"type": "Feature", "geometry": {"type": "Polygon", "coordinates": [[[174.7966292, -36.988550200000006], [174.7966292, -36.987650200000004], [174.7957292, -36.987650200000004], [174.7957292, -36.988550200000006], [174.7966292, -36.988550200000006]]]}, "properties": {"row": 41, "col": 18, "elevation_m": 12.3, "low_elevation": false, "drain_deficiency": 1.0, "adjusted_score": 50.0}}, {"type": "Feature", "geometry": {"type": "Polygon", "coordinates": [[[174.7975292, -36.988550200000006], [174.7975292, -36.987650200000004], [174.7966292, -36.987650200000004], [174.7966292, -36.988550200000006], [174.7975292, -36.988550200000006]]]}, "properties": {"row": 41, "col": 19, "elevation_m": 8.5, "low_elevation": false, "drain_deficiency": 1.0, "adjusted_score": 50.0}}, {"type": "Feature", "geometry": {"type": "Polygon", "coordinates": [[[174.79842920000002, -36.988550200000006], [174.79842920000002, -36.987650200000004], [174.7975292, -36.987650200000004], [174.7975292, -36.988550200000006], [174.79842920000002, -36.988550200000006]]]}, "properties": {"row": 41, "col": 20, "elevation_m": 5.1, "low_elevation": false, "drain_deficiency": 1.0, "adjusted_score": 50.0}}, {"type": "Feature", "geometry": {"type": "Polygon", "coordinates": [[[174.79932920000002, -36.988550200000006], [174.79932920000002, -36.987650200000004], [174.79842920000002, -36.987650200000004], [174.79842920000002, -36.988550200000006], [174.79932920000002, -36.988550200000006]]]}, "properties": {"row": 41, "col": 21, "elevation_m": 4.5, "low_elevation": true, "drain_deficiency": 1.0, "adjusted_score": 100.0}}, {"type": "Feature", "geometry": {"type": "Polygon", "coordinates": [[[174.80022920000002, -36.988550200000006], [174.80022920000002, -36.987650200000004], [174.79932920000002, -36.987650200000004], [174.79932920000002, -36.988550200000006], [174.80022920000002, -36.988550200000006]]]}, "properties": {"row": 41, "col": 22, "elevation_m": 3.6, "low_elevation": true, "drain_deficiency": 1.0, "adjusted_score": 100.0}}, {"type": "Feature", "geometry": {"type": "Polygon", "coordinates": [[[174.80112920000002, -36.988550200000006], [174.80112920000002, -36.987650200000004], [174.80022920000002, -36.987650200000004], [174.80022920000002, -36.988550200000006], [174.80112920000002, -36.988550200000006]]]}, "properties": {"row": 41, "col": 23, "elevation_m": 2.0, "low_elevation": true, "drain_deficiency": 1.0, "adjusted_score": 100.0}}, {"type": "Feature", "geometry": {"type": "Polygon", "coordinates": [[[174.80202920000002, -36.988550200000006], [174.80202920000002, -36.987650200000004], [174.80112920000002, -36.987650200000004], [174.80112920000002, -36.988550200000006], [174.80202920000002, -36.988550200000006]]]}, "properties": {"row": 41, "col": 24, "elevation_m": 1.8, "low_elevation": true, "drain_deficiency": 1.0, "adjusted_score": 100.0}}, {"type": "Feature", "geometry": {"type": "Polygon", "coordinates": [[[174.80292920000002, -36.988550200000006], [174.80292920000002, -36.987650200000004], [174.80202920000002, -36.987650200000004], [174.80202920000002, -36.988550200000006], [174.80292920000002, -36.988550200000006]]]}, "properties": {"row": 41, "col": 25, "elevation_m": 1.0, "low_elevation": true, "drain_deficiency": 1.0, "adjusted_score": 100.0}}, {"type": "Feature", "geometry": {"type": "Polygon", "coordinates": [[[174.80382920000002, -36.988550200000006], [174.80382920000002, -36.987650200000004], [174.80292920000002, -36.987650200000004], [174.80292920000002, -36.988550200000006], [174.80382920000002, -36.988550200000006]]]}, "properties": {"row": 41, "col": 26, "elevation_m": 4.0, "low_elevation": true, "drain_deficiency": 1.0, "adjusted_score": 100.0}}, {"type": "Feature", "geometry": {"type": "Polygon", "coordinates": [[[174.80472920000003, -36.988550200000006], [174.80472920000003, -36.987650200000004], [174.80382920000002, -36.987650200000004], [174.80382920000002, -36.988550200000006], [174.80472920000003, -36.988550200000006]]]}, "properties": {"row": 41, "col": 27, "elevation_m": 6.2, "low_elevation": false, "drain_deficiency": 1.0, "adjusted_score": 50.0}}, {"type": "Feature", "geometry": {"type": "Polygon", "coordinates": [[[174.80562920000003, -36.988550200000006], [174.80562920000003, -36.987650200000004], [174.80472920000003, -36.987650200000004], [174.80472920000003, -36.988550200000006], [174.80562920000003, -36.988550200000006]]]}, "properties": {"row": 41, "col": 28, "elevation_m": 6.1, "low_elevation": false, "drain_deficiency": 1.0, "adjusted_score": 50.0}}, {"type": "Feature", "geometry": {"type": "Polygon", "coordinates": [[[174.80652920000003, -36.988550200000006], [174.80652920000003, -36.987650200000004], [174.80562920000003, -36.987650200000004], [174.80562920000003, -36.988550200000006], [174.80652920000003, -36.988550200000006]]]}, "properties": {"row": 41, "col": 29, "elevation_m": 10.0, "low_elevation": false, "drain_deficiency": 1.0, "adjusted_score": 50.0}}, {"type": "Feature", "geometry": {"type": "Polygon", "coordinates": [[[174.8074292, -36.988550200000006], [174.8074292, -36.987650200000004], [174.8065292, -36.987650200000004], [174.8065292, -36.988550200000006], [174.8074292, -36.988550200000006]]]}, "properties": {"row": 41, "col": 30, "elevation_m": 13.7, "low_elevation": false, "drain_deficiency": 1.0, "adjusted_score": 50.0}}, {"type": "Feature", "geometry": {"type": "Polygon", "coordinates": [[[174.8083292, -36.988550200000006], [174.8083292, -36.987650200000004], [174.8074292, -36.987650200000004], [174.8074292, -36.988550200000006], [174.8083292, -36.988550200000006]]]}, "properties": {"row": 41, "col": 31, "elevation_m": 14.5, "low_elevation": false, "drain_deficiency": 1.0, "adjusted_score": 50.0}}, {"type": "Feature", "geometry": {"type": "Polygon", "coordinates": [[[174.8092292, -36.988550200000006], [174.8092292, -36.987650200000004], [174.8083292, -36.987650200000004], [174.8083292, -36.988550200000006], [174.8092292, -36.988550200000006]]]}, "properties": {"row": 41, "col": 32, "elevation_m": 14.9, "low_elevation": false, "drain_deficiency": 1.0, "adjusted_score": 50.0}}, {"type": "Feature", "geometry": {"type": "Polygon", "coordinates": [[[174.8101292, -36.988550200000006], [174.8101292, -36.987650200000004], [174.8092292, -36.987650200000004], [174.8092292, -36.988550200000006], [174.8101292, -36.988550200000006]]]}, "properties": {"row": 41, "col": 33, "elevation_m": 15.0, "low_elevation": false, "drain_deficiency": 0.983, "adjusted_score": 49.2}}, {"type": "Feature", "geometry": {"type": "Polygon", "coordinates": [[[174.8110292, -36.988550200000006], [174.8110292, -36.987650200000004], [174.8101292, -36.987650200000004], [174.8101292, -36.988550200000006], [174.8110292, -36.988550200000006]]]}, "properties": {"row": 41, "col": 34, "elevation_m": 13.0, "low_elevation": false, "drain_deficiency": 0.966, "adjusted_score": 48.3}}, {"type": "Feature", "geometry": {"type": "Polygon", "coordinates": [[[174.8119292, -36.988550200000006], [174.8119292, -36.987650200000004], [174.8110292, -36.987650200000004], [174.8110292, -36.988550200000006], [174.8119292, -36.988550200000006]]]}, "properties": {"row": 41, "col": 35, "elevation_m": 11.8, "low_elevation": false, "drain_deficiency": 1.0, "adjusted_score": 50.0}}, {"type": "Feature", "geometry": {"type": "Polygon", "coordinates": [[[174.8128292, -36.988550200000006], [174.8128292, -36.987650200000004], [174.8119292, -36.987650200000004], [174.8119292, -36.988550200000006], [174.8128292, -36.988550200000006]]]}, "properties": {"row": 41, "col": 36, "elevation_m": 11.8, "low_elevation": false, "drain_deficiency": 1.0, "adjusted_score": 50.0}}, {"type": "Feature", "geometry": {"type": "Polygon", "coordinates": [[[174.8137292, -36.988550200000006], [174.8137292, -36.987650200000004], [174.8128292, -36.987650200000004], [174.8128292, -36.988550200000006], [174.8137292, -36.988550200000006]]]}, "properties": {"row": 41, "col": 37, "elevation_m": 9.9, "low_elevation": false, "drain_deficiency": 1.0, "adjusted_score": 50.0}}, {"type": "Feature", "geometry": {"type": "Polygon", "coordinates": [[[174.8146292, -36.988550200000006], [174.8146292, -36.987650200000004], [174.8137292, -36.987650200000004], [174.8137292, -36.988550200000006], [174.8146292, -36.988550200000006]]]}, "properties": {"row": 41, "col": 38, "elevation_m": 6.2, "low_elevation": false, "drain_deficiency": 1.0, "adjusted_score": 50.0}}, {"type": "Feature", "geometry": {"type": "Polygon", "coordinates": [[[174.81552920000001, -36.988550200000006], [174.81552920000001, -36.987650200000004], [174.8146292, -36.987650200000004], [174.8146292, -36.988550200000006], [174.81552920000001, -36.988550200000006]]]}, "properties": {"row": 41, "col": 39, "elevation_m": 3.4, "low_elevation": true, "drain_deficiency": 1.0, "adjusted_score": 100.0}}, {"type": "Feature", "geometry": {"type": "Polygon", "coordinates": [[[174.81642920000002, -36.988550200000006], [174.81642920000002, -36.987650200000004], [174.81552920000001, -36.987650200000004], [174.81552920000001, -36.988550200000006], [174.81642920000002, -36.988550200000006]]]}, "properties": {"row": 41, "col": 40, "elevation_m": 3.1, "low_elevation": true, "drain_deficiency": 1.0, "adjusted_score": 100.0}}, {"type": "Feature", "geometry": {"type": "Polygon", "coordinates": [[[174.81732920000002, -36.988550200000006], [174.81732920000002, -36.987650200000004], [174.81642920000002, -36.987650200000004], [174.81642920000002, -36.988550200000006], [174.81732920000002, -36.988550200000006]]]}, "properties": {"row": 41, "col": 41, "elevation_m": 3.5, "low_elevation": true, "drain_deficiency": 1.0, "adjusted_score": 100.0}}, {"type": "Feature", "geometry": {"type": "Polygon", "coordinates": [[[174.81822920000002, -36.988550200000006], [174.81822920000002, -36.987650200000004], [174.81732920000002, -36.987650200000004], [174.81732920000002, -36.988550200000006], [174.81822920000002, -36.988550200000006]]]}, "properties": {"row": 41, "col": 42, "elevation_m": 3.1, "low_elevation": true, "drain_deficiency": 1.0, "adjusted_score": 100.0}}, {"type": "Feature", "geometry": {"type": "Polygon", "coordinates": [[[174.81912920000002, -36.988550200000006], [174.81912920000002, -36.987650200000004], [174.81822920000002, -36.987650200000004], [174.81822920000002, -36.988550200000006], [174.81912920000002, -36.988550200000006]]]}, "properties": {"row": 41, "col": 43, "elevation_m": 4.4, "low_elevation": true, "drain_deficiency": 1.0, "adjusted_score": 100.0}}, {"type": "Feature", "geometry": {"type": "Polygon", "coordinates": [[[174.82002920000002, -36.988550200000006], [174.82002920000002, -36.987650200000004], [174.81912920000002, -36.987650200000004], [174.81912920000002, -36.988550200000006], [174.82002920000002, -36.988550200000006]]]}, "properties": {"row": 41, "col": 44, "elevation_m": 3.7, "low_elevation": true, "drain_deficiency": 1.0, "adjusted_score": 100.0}}, {"type": "Feature", "geometry": {"type": "Polygon", "coordinates": [[[174.78042920000001, -36.9894502], [174.78042920000001, -36.9885502], [174.7795292, -36.9885502], [174.7795292, -36.9894502], [174.78042920000001, -36.9894502]]]}, "properties": {"row": 42, "col": 0, "elevation_m": 11.3, "low_elevation": false, "drain_deficiency": 1.0, "adjusted_score": 50.0}}, {"type": "Feature", "geometry": {"type": "Polygon", "coordinates": [[[174.78132920000002, -36.9894502], [174.78132920000002, -36.9885502], [174.78042920000001, -36.9885502], [174.78042920000001, -36.9894502], [174.78132920000002, -36.9894502]]]}, "properties": {"row": 42, "col": 1, "elevation_m": 12.5, "low_elevation": false, "drain_deficiency": 1.0, "adjusted_score": 50.0}}, {"type": "Feature", "geometry": {"type": "Polygon", "coordinates": [[[174.78222920000002, -36.9894502], [174.78222920000002, -36.9885502], [174.78132920000002, -36.9885502], [174.78132920000002, -36.9894502], [174.78222920000002, -36.9894502]]]}, "properties": {"row": 42, "col": 2, "elevation_m": 12.6, "low_elevation": false, "drain_deficiency": 1.0, "adjusted_score": 50.0}}, {"type": "Feature", "geometry": {"type": "Polygon", "coordinates": [[[174.78312920000002, -36.9894502], [174.78312920000002, -36.9885502], [174.78222920000002, -36.9885502], [174.78222920000002, -36.9894502], [174.78312920000002, -36.9894502]]]}, "properties": {"row": 42, "col": 3, "elevation_m": 14.2, "low_elevation": false, "drain_deficiency": 1.0, "adjusted_score": 50.0}}, {"type": "Feature", "geometry": {"type": "Polygon", "coordinates": [[[174.78402920000002, -36.9894502], [174.78402920000002, -36.9885502], [174.78312920000002, -36.9885502], [174.78312920000002, -36.9894502], [174.78402920000002, -36.9894502]]]}, "properties": {"row": 42, "col": 4, "elevation_m": 15.1, "low_elevation": false, "drain_deficiency": 1.0, "adjusted_score": 50.0}}, {"type": "Feature", "geometry": {"type": "Polygon", "coordinates": [[[174.78492920000002, -36.9894502], [174.78492920000002, -36.9885502], [174.78402920000002, -36.9885502], [174.78402920000002, -36.9894502], [174.78492920000002, -36.9894502]]]}, "properties": {"row": 42, "col": 5, "elevation_m": 17.7, "low_elevation": false, "drain_deficiency": 1.0, "adjusted_score": 50.0}}, {"type": "Feature", "geometry": {"type": "Polygon", "coordinates": [[[174.78582920000002, -36.9894502], [174.78582920000002, -36.9885502], [174.78492920000002, -36.9885502], [174.78492920000002, -36.9894502], [174.78582920000002, -36.9894502]]]}, "properties": {"row": 42, "col": 6, "elevation_m": 17.7, "low_elevation": false, "drain_deficiency": 0.665, "adjusted_score": 33.3}}, {"type": "Feature", "geometry": {"type": "Polygon", "coordinates": [[[174.78672920000002, -36.9894502], [174.78672920000002, -36.9885502], [174.78582920000002, -36.9885502], [174.78582920000002, -36.9894502], [174.78672920000002, -36.9894502]]]}, "properties": {"row": 42, "col": 7, "elevation_m": 14.2, "low_elevation": false, "drain_deficiency": 0.625, "adjusted_score": 31.2}}, {"type": "Feature", "geometry": {"type": "Polygon", "coordinates": [[[174.78762920000003, -36.9894502], [174.78762920000003, -36.9885502], [174.78672920000002, -36.9885502], [174.78672920000002, -36.9894502], [174.78762920000003, -36.9894502]]]}, "properties": {"row": 42, "col": 8, "elevation_m": 13.0, "low_elevation": false, "drain_deficiency": 0.625, "adjusted_score": 31.2}}, {"type": "Feature", "geometry": {"type": "Polygon", "coordinates": [[[174.78852920000003, -36.9894502], [174.78852920000003, -36.9885502], [174.78762920000003, -36.9885502], [174.78762920000003, -36.9894502], [174.78852920000003, -36.9894502]]]}, "properties": {"row": 42, "col": 9, "elevation_m": 11.0, "low_elevation": false, "drain_deficiency": 1.0, "adjusted_score": 50.0}}, {"type": "Feature", "geometry": {"type": "Polygon", "coordinates": [[[174.7894292, -36.9894502], [174.7894292, -36.9885502], [174.7885292, -36.9885502], [174.7885292, -36.9894502], [174.7894292, -36.9894502]]]}, "properties": {"row": 42, "col": 10, "elevation_m": 9.6, "low_elevation": false, "drain_deficiency": 1.0, "adjusted_score": 50.0}}, {"type": "Feature", "geometry": {"type": "Polygon", "coordinates": [[[174.7903292, -36.9894502], [174.7903292, -36.9885502], [174.7894292, -36.9885502], [174.7894292, -36.9894502], [174.7903292, -36.9894502]]]}, "properties": {"row": 42, "col": 11, "elevation_m": 9.6, "low_elevation": false, "drain_deficiency": 1.0, "adjusted_score": 50.0}}, {"type": "Feature", "geometry": {"type": "Polygon", "coordinates": [[[174.7912292, -36.9894502], [174.7912292, -36.9885502], [174.7903292, -36.9885502], [174.7903292, -36.9894502], [174.7912292, -36.9894502]]]}, "properties": {"row": 42, "col": 12, "elevation_m": 8.9, "low_elevation": false, "drain_deficiency": 1.0, "adjusted_score": 50.0}}, {"type": "Feature", "geometry": {"type": "Polygon", "coordinates": [[[174.7921292, -36.9894502], [174.7921292, -36.9885502], [174.7912292, -36.9885502], [174.7912292, -36.9894502], [174.7921292, -36.9894502]]]}, "properties": {"row": 42, "col": 13, "elevation_m": 5.9, "low_elevation": false, "drain_deficiency": 1.0, "adjusted_score": 50.0}}, {"type": "Feature", "geometry": {"type": "Polygon", "coordinates": [[[174.7930292, -36.9894502], [174.7930292, -36.9885502], [174.7921292, -36.9885502], [174.7921292, -36.9894502], [174.7930292, -36.9894502]]]}, "properties": {"row": 42, "col": 14, "elevation_m": 8.2, "low_elevation": false, "drain_deficiency": 1.0, "adjusted_score": 50.0}}, {"type": "Feature", "geometry": {"type": "Polygon", "coordinates": [[[174.7939292, -36.9894502], [174.7939292, -36.9885502], [174.7930292, -36.9885502], [174.7930292, -36.9894502], [174.7939292, -36.9894502]]]}, "properties": {"row": 42, "col": 15, "elevation_m": 11.2, "low_elevation": false, "drain_deficiency": 1.0, "adjusted_score": 50.0}}, {"type": "Feature", "geometry": {"type": "Polygon", "coordinates": [[[174.7948292, -36.9894502], [174.7948292, -36.9885502], [174.7939292, -36.9885502], [174.7939292, -36.9894502], [174.7948292, -36.9894502]]]}, "properties": {"row": 42, "col": 16, "elevation_m": 11.3, "low_elevation": false, "drain_deficiency": 1.0, "adjusted_score": 50.0}}, {"type": "Feature", "geometry": {"type": "Polygon", "coordinates": [[[174.7957292, -36.9894502], [174.7957292, -36.9885502], [174.7948292, -36.9885502], [174.7948292, -36.9894502], [174.7957292, -36.9894502]]]}, "properties": {"row": 42, "col": 17, "elevation_m": 9.4, "low_elevation": false, "drain_deficiency": 1.0, "adjusted_score": 50.0}}, {"type": "Feature", "geometry": {"type": "Polygon", "coordinates": [[[174.7966292, -36.9894502], [174.7966292, -36.9885502], [174.7957292, -36.9885502], [174.7957292, -36.9894502], [174.7966292, -36.9894502]]]}, "properties": {"row": 42, "col": 18, "elevation_m": 8.2, "low_elevation": false, "drain_deficiency": 1.0, "adjusted_score": 50.0}}, {"type": "Feature", "geometry": {"type": "Polygon", "coordinates": [[[174.7975292, -36.9894502], [174.7975292, -36.9885502], [174.7966292, -36.9885502], [174.7966292, -36.9894502], [174.7975292, -36.9894502]]]}, "properties": {"row": 42, "col": 19, "elevation_m": 7.6, "low_elevation": false, "drain_deficiency": 1.0, "adjusted_score": 50.0}}, {"type": "Feature", "geometry": {"type": "Polygon", "coordinates": [[[174.79842920000002, -36.9894502], [174.79842920000002, -36.9885502], [174.7975292, -36.9885502], [174.7975292, -36.9894502], [174.79842920000002, -36.9894502]]]}, "properties": {"row": 42, "col": 20, "elevation_m": 8.3, "low_elevation": false, "drain_deficiency": 1.0, "adjusted_score": 50.0}}, {"type": "Feature", "geometry": {"type": "Polygon", "coordinates": [[[174.79932920000002, -36.9894502], [174.79932920000002, -36.9885502], [174.79842920000002, -36.9885502], [174.79842920000002, -36.9894502], [174.79932920000002, -36.9894502]]]}, "properties": {"row": 42, "col": 21, "elevation_m": 6.1, "low_elevation": false, "drain_deficiency": 1.0, "adjusted_score": 50.0}}, {"type": "Feature", "geometry": {"type": "Polygon", "coordinates": [[[174.80022920000002, -36.9894502], [174.80022920000002, -36.9885502], [174.79932920000002, -36.9885502], [174.79932920000002, -36.9894502], [174.80022920000002, -36.9894502]]]}, "properties": {"row": 42, "col": 22, "elevation_m": 3.3, "low_elevation": true, "drain_deficiency": 1.0, "adjusted_score": 100.0}}, {"type": "Feature", "geometry": {"type": "Polygon", "coordinates": [[[174.80112920000002, -36.9894502], [174.80112920000002, -36.9885502], [174.80022920000002, -36.9885502], [174.80022920000002, -36.9894502], [174.80112920000002, -36.9894502]]]}, "properties": {"row": 42, "col": 23, "elevation_m": 2.0, "low_elevation": true, "drain_deficiency": 1.0, "adjusted_score": 100.0}}, {"type": "Feature", "geometry": {"type": "Polygon", "coordinates": [[[174.80202920000002, -36.9894502], [174.80202920000002, -36.9885502], [174.80112920000002, -36.9885502], [174.80112920000002, -36.9894502], [174.80202920000002, -36.9894502]]]}, "properties": {"row": 42, "col": 24, "elevation_m": 1.8, "low_elevation": true, "drain_deficiency": 1.0, "adjusted_score": 100.0}}, {"type": "Feature", "geometry": {"type": "Polygon", "coordinates": [[[174.80292920000002, -36.9894502], [174.80292920000002, -36.9885502], [174.80202920000002, -36.9885502], [174.80202920000002, -36.9894502], [174.80292920000002, -36.9894502]]]}, "properties": {"row": 42, "col": 25, "elevation_m": 0.9, "low_elevation": true, "drain_deficiency": 1.0, "adjusted_score": 100.0}}, {"type": "Feature", "geometry": {"type": "Polygon", "coordinates": [[[174.80382920000002, -36.9894502], [174.80382920000002, -36.9885502], [174.80292920000002, -36.9885502], [174.80292920000002, -36.9894502], [174.80382920000002, -36.9894502]]]}, "properties": {"row": 42, "col": 26, "elevation_m": 4.8, "low_elevation": true, "drain_deficiency": 1.0, "adjusted_score": 100.0}}, {"type": "Feature", "geometry": {"type": "Polygon", "coordinates": [[[174.80472920000003, -36.9894502], [174.80472920000003, -36.9885502], [174.80382920000002, -36.9885502], [174.80382920000002, -36.9894502], [174.80472920000003, -36.9894502]]]}, "properties": {"row": 42, "col": 27, "elevation_m": 4.9, "low_elevation": true, "drain_deficiency": 1.0, "adjusted_score": 100.0}}, {"type": "Feature", "geometry": {"type": "Polygon", "coordinates": [[[174.80562920000003, -36.9894502], [174.80562920000003, -36.9885502], [174.80472920000003, -36.9885502], [174.80472920000003, -36.9894502], [174.80562920000003, -36.9894502]]]}, "properties": {"row": 42, "col": 28, "elevation_m": 4.8, "low_elevation": true, "drain_deficiency": 1.0, "adjusted_score": 100.0}}, {"type": "Feature", "geometry": {"type": "Polygon", "coordinates": [[[174.80652920000003, -36.9894502], [174.80652920000003, -36.9885502], [174.80562920000003, -36.9885502], [174.80562920000003, -36.9894502], [174.80652920000003, -36.9894502]]]}, "properties": {"row": 42, "col": 29, "elevation_m": 7.8, "low_elevation": false, "drain_deficiency": 1.0, "adjusted_score": 50.0}}, {"type": "Feature", "geometry": {"type": "Polygon", "coordinates": [[[174.8074292, -36.9894502], [174.8074292, -36.9885502], [174.8065292, -36.9885502], [174.8065292, -36.9894502], [174.8074292, -36.9894502]]]}, "properties": {"row": 42, "col": 30, "elevation_m": 9.8, "low_elevation": false, "drain_deficiency": 1.0, "adjusted_score": 50.0}}, {"type": "Feature", "geometry": {"type": "Polygon", "coordinates": [[[174.8083292, -36.9894502], [174.8083292, -36.9885502], [174.8074292, -36.9885502], [174.8074292, -36.9894502], [174.8083292, -36.9894502]]]}, "properties": {"row": 42, "col": 31, "elevation_m": 11.5, "low_elevation": false, "drain_deficiency": 1.0, "adjusted_score": 50.0}}, {"type": "Feature", "geometry": {"type": "Polygon", "coordinates": [[[174.8092292, -36.9894502], [174.8092292, -36.9885502], [174.8083292, -36.9885502], [174.8083292, -36.9894502], [174.8092292, -36.9894502]]]}, "properties": {"row": 42, "col": 32, "elevation_m": 12.3, "low_elevation": false, "drain_deficiency": 1.0, "adjusted_score": 50.0}}, {"type": "Feature", "geometry": {"type": "Polygon", "coordinates": [[[174.8101292, -36.9894502], [174.8101292, -36.9885502], [174.8092292, -36.9885502], [174.8092292, -36.9894502], [174.8101292, -36.9894502]]]}, "properties": {"row": 42, "col": 33, "elevation_m": 12.4, "low_elevation": false, "drain_deficiency": 0.625, "adjusted_score": 31.2}}, {"type": "Feature", "geometry": {"type": "Polygon", "coordinates": [[[174.8110292, -36.9894502], [174.8110292, -36.9885502], [174.8101292, -36.9885502], [174.8101292, -36.9894502], [174.8110292, -36.9894502]]]}, "properties": {"row": 42, "col": 34, "elevation_m": 11.4, "low_elevation": false, "drain_deficiency": 0.5, "adjusted_score": 25.0}}, {"type": "Feature", "geometry": {"type": "Polygon", "coordinates": [[[174.8119292, -36.9894502], [174.8119292, -36.9885502], [174.8110292, -36.9885502], [174.8110292, -36.9894502], [174.8119292, -36.9894502]]]}, "properties": {"row": 42, "col": 35, "elevation_m": 11.6, "low_elevation": false, "drain_deficiency": 0.736, "adjusted_score": 36.8}}, {"type": "Feature", "geometry": {"type": "Polygon", "coordinates": [[[174.8128292, -36.9894502], [174.8128292, -36.9885502], [174.8119292, -36.9885502], [174.8119292, -36.9894502], [174.8128292, -36.9894502]]]}, "properties": {"row": 42, "col": 36, "elevation_m": 12.3, "low_elevation": false, "drain_deficiency": 1.0, "adjusted_score": 50.0}}, {"type": "Feature", "geometry": {"type": "Polygon", "coordinates": [[[174.8137292, -36.9894502], [174.8137292, -36.9885502], [174.8128292, -36.9885502], [174.8128292, -36.9894502], [174.8137292, -36.9894502]]]}, "properties": {"row": 42, "col": 37, "elevation_m": 12.5, "low_elevation": false, "drain_deficiency": 1.0, "adjusted_score": 50.0}}, {"type": "Feature", "geometry": {"type": "Polygon", "coordinates": [[[174.8146292, -36.9894502], [174.8146292, -36.9885502], [174.8137292, -36.9885502], [174.8137292, -36.9894502], [174.8146292, -36.9894502]]]}, "properties": {"row": 42, "col": 38, "elevation_m": 9.4, "low_elevation": false, "drain_deficiency": 1.0, "adjusted_score": 50.0}}, {"type": "Feature", "geometry": {"type": "Polygon", "coordinates": [[[174.81552920000001, -36.9894502], [174.81552920000001, -36.9885502], [174.8146292, -36.9885502], [174.8146292, -36.9894502], [174.81552920000001, -36.9894502]]]}, "properties": {"row": 42, "col": 39, "elevation_m": 5.9, "low_elevation": false, "drain_deficiency": 1.0, "adjusted_score": 50.0}}, {"type": "Feature", "geometry": {"type": "Polygon", "coordinates": [[[174.81642920000002, -36.9894502], [174.81642920000002, -36.9885502], [174.81552920000001, -36.9885502], [174.81552920000001, -36.9894502], [174.81642920000002, -36.9894502]]]}, "properties": {"row": 42, "col": 40, "elevation_m": 5.9, "low_elevation": false, "drain_deficiency": 1.0, "adjusted_score": 50.0}}, {"type": "Feature", "geometry": {"type": "Polygon", "coordinates": [[[174.81732920000002, -36.9894502], [174.81732920000002, -36.9885502], [174.81642920000002, -36.9885502], [174.81642920000002, -36.9894502], [174.81732920000002, -36.9894502]]]}, "properties": {"row": 42, "col": 41, "elevation_m": 6.6, "low_elevation": false, "drain_deficiency": 1.0, "adjusted_score": 50.0}}, {"type": "Feature", "geometry": {"type": "Polygon", "coordinates": [[[174.81822920000002, -36.9894502], [174.81822920000002, -36.9885502], [174.81732920000002, -36.9885502], [174.81732920000002, -36.9894502], [174.81822920000002, -36.9894502]]]}, "properties": {"row": 42, "col": 42, "elevation_m": 5.6, "low_elevation": false, "drain_deficiency": 1.0, "adjusted_score": 50.0}}, {"type": "Feature", "geometry": {"type": "Polygon", "coordinates": [[[174.81912920000002, -36.9894502], [174.81912920000002, -36.9885502], [174.81822920000002, -36.9885502], [174.81822920000002, -36.9894502], [174.81912920000002, -36.9894502]]]}, "properties": {"row": 42, "col": 43, "elevation_m": 3.3, "low_elevation": true, "drain_deficiency": 1.0, "adjusted_score": 100.0}}, {"type": "Feature", "geometry": {"type": "Polygon", "coordinates": [[[174.82002920000002, -36.9894502], [174.82002920000002, -36.9885502], [174.81912920000002, -36.9885502], [174.81912920000002, -36.9894502], [174.82002920000002, -36.9894502]]]}, "properties": {"row": 42, "col": 44, "elevation_m": 3.2, "low_elevation": true, "drain_deficiency": 1.0, "adjusted_score": 100.0}}, {"type": "Feature", "geometry": {"type": "Polygon", "coordinates": [[[174.78042920000001, -36.9903502], [174.78042920000001, -36.9894502], [174.7795292, -36.9894502], [174.7795292, -36.9903502], [174.78042920000001, -36.9903502]]]}, "properties": {"row": 43, "col": 0, "elevation_m": 10.3, "low_elevation": false, "drain_deficiency": 1.0, "adjusted_score": 50.0}}, {"type": "Feature", "geometry": {"type": "Polygon", "coordinates": [[[174.78132920000002, -36.9903502], [174.78132920000002, -36.9894502], [174.78042920000001, -36.9894502], [174.78042920000001, -36.9903502], [174.78132920000002, -36.9903502]]]}, "properties": {"row": 43, "col": 1, "elevation_m": 11.7, "low_elevation": false, "drain_deficiency": 1.0, "adjusted_score": 50.0}}, {"type": "Feature", "geometry": {"type": "Polygon", "coordinates": [[[174.78222920000002, -36.9903502], [174.78222920000002, -36.9894502], [174.78132920000002, -36.9894502], [174.78132920000002, -36.9903502], [174.78222920000002, -36.9903502]]]}, "properties": {"row": 43, "col": 2, "elevation_m": 11.6, "low_elevation": false, "drain_deficiency": 1.0, "adjusted_score": 50.0}}, {"type": "Feature", "geometry": {"type": "Polygon", "coordinates": [[[174.78312920000002, -36.9903502], [174.78312920000002, -36.9894502], [174.78222920000002, -36.9894502], [174.78222920000002, -36.9903502], [174.78312920000002, -36.9903502]]]}, "properties": {"row": 43, "col": 3, "elevation_m": 14.1, "low_elevation": false, "drain_deficiency": 1.0, "adjusted_score": 50.0}}, {"type": "Feature", "geometry": {"type": "Polygon", "coordinates": [[[174.78402920000002, -36.9903502], [174.78402920000002, -36.9894502], [174.78312920000002, -36.9894502], [174.78312920000002, -36.9903502], [174.78402920000002, -36.9903502]]]}, "properties": {"row": 43, "col": 4, "elevation_m": 13.6, "low_elevation": false, "drain_deficiency": 1.0, "adjusted_score": 50.0}}, {"type": "Feature", "geometry": {"type": "Polygon", "coordinates": [[[174.78492920000002, -36.9903502], [174.78492920000002, -36.9894502], [174.78402920000002, -36.9894502], [174.78402920000002, -36.9903502], [174.78492920000002, -36.9903502]]]}, "properties": {"row": 43, "col": 5, "elevation_m": 14.9, "low_elevation": false, "drain_deficiency": 1.0, "adjusted_score": 50.0}}, {"type": "Feature", "geometry": {"type": "Polygon", "coordinates": [[[174.78582920000002, -36.9903502], [174.78582920000002, -36.9894502], [174.78492920000002, -36.9894502], [174.78492920000002, -36.9903502], [174.78582920000002, -36.9903502]]]}, "properties": {"row": 43, "col": 6, "elevation_m": 17.3, "low_elevation": false, "drain_deficiency": 0.746, "adjusted_score": 37.3}}, {"type": "Feature", "geometry": {"type": "Polygon", "coordinates": [[[174.78672920000002, -36.9903502], [174.78672920000002, -36.9894502], [174.78582920000002, -36.9894502], [174.78582920000002, -36.9903502], [174.78672920000002, -36.9903502]]]}, "properties": {"row": 43, "col": 7, "elevation_m": 16.7, "low_elevation": false, "drain_deficiency": 0.625, "adjusted_score": 31.2}}, {"type": "Feature", "geometry": {"type": "Polygon", "coordinates": [[[174.78762920000003, -36.9903502], [174.78762920000003, -36.9894502], [174.78672920000002, -36.9894502], [174.78672920000002, -36.9903502], [174.78762920000003, -36.9903502]]]}, "properties": {"row": 43, "col": 8, "elevation_m": 15.0, "low_elevation": false, "drain_deficiency": 0.625, "adjusted_score": 31.2}}, {"type": "Feature", "geometry": {"type": "Polygon", "coordinates": [[[174.78852920000003, -36.9903502], [174.78852920000003, -36.9894502], [174.78762920000003, -36.9894502], [174.78762920000003, -36.9903502], [174.78852920000003, -36.9903502]]]}, "properties": {"row": 43, "col": 9, "elevation_m": 11.8, "low_elevation": false, "drain_deficiency": 1.0, "adjusted_score": 50.0}}, {"type": "Feature", "geometry": {"type": "Polygon", "coordinates": [[[174.7894292, -36.9903502], [174.7894292, -36.9894502], [174.7885292, -36.9894502], [174.7885292, -36.9903502], [174.7894292, -36.9903502]]]}, "properties": {"row": 43, "col": 10, "elevation_m": 10.8, "low_elevation": false, "drain_deficiency": 1.0, "adjusted_score": 50.0}}, {"type": "Feature", "geometry": {"type": "Polygon", "coordinates": [[[174.7903292, -36.9903502], [174.7903292, -36.9894502], [174.7894292, -36.9894502], [174.7894292, -36.9903502], [174.7903292, -36.9903502]]]}, "properties": {"row": 43, "col": 11, "elevation_m": 14.6, "low_elevation": false, "drain_deficiency": 1.0, "adjusted_score": 50.0}}, {"type": "Feature", "geometry": {"type": "Polygon", "coordinates": [[[174.7912292, -36.9903502], [174.7912292, -36.9894502], [174.7903292, -36.9894502], [174.7903292, -36.9903502], [174.7912292, -36.9903502]]]}, "properties": {"row": 43, "col": 12, "elevation_m": 11.7, "low_elevation": false, "drain_deficiency": 1.0, "adjusted_score": 50.0}}, {"type": "Feature", "geometry": {"type": "Polygon", "coordinates": [[[174.7921292, -36.9903502], [174.7921292, -36.9894502], [174.7912292, -36.9894502], [174.7912292, -36.9903502], [174.7921292, -36.9903502]]]}, "properties": {"row": 43, "col": 13, "elevation_m": 8.7, "low_elevation": false, "drain_deficiency": 1.0, "adjusted_score": 50.0}}, {"type": "Feature", "geometry": {"type": "Polygon", "coordinates": [[[174.7930292, -36.9903502], [174.7930292, -36.9894502], [174.7921292, -36.9894502], [174.7921292, -36.9903502], [174.7930292, -36.9903502]]]}, "properties": {"row": 43, "col": 14, "elevation_m": 5.8, "low_elevation": false, "drain_deficiency": 1.0, "adjusted_score": 50.0}}, {"type": "Feature", "geometry": {"type": "Polygon", "coordinates": [[[174.7939292, -36.9903502], [174.7939292, -36.9894502], [174.7930292, -36.9894502], [174.7930292, -36.9903502], [174.7939292, -36.9903502]]]}, "properties": {"row": 43, "col": 15, "elevation_m": 5.0, "low_elevation": false, "drain_deficiency": 1.0, "adjusted_score": 50.0}}, {"type": "Feature", "geometry": {"type": "Polygon", "coordinates": [[[174.7948292, -36.9903502], [174.7948292, -36.9894502], [174.7939292, -36.9894502], [174.7939292, -36.9903502], [174.7948292, -36.9903502]]]}, "properties": {"row": 43, "col": 16, "elevation_m": 4.8, "low_elevation": true, "drain_deficiency": 1.0, "adjusted_score": 100.0}}, {"type": "Feature", "geometry": {"type": "Polygon", "coordinates": [[[174.7957292, -36.9903502], [174.7957292, -36.9894502], [174.7948292, -36.9894502], [174.7948292, -36.9903502], [174.7957292, -36.9903502]]]}, "properties": {"row": 43, "col": 17, "elevation_m": 4.6, "low_elevation": true, "drain_deficiency": 1.0, "adjusted_score": 100.0}}, {"type": "Feature", "geometry": {"type": "Polygon", "coordinates": [[[174.7966292, -36.9903502], [174.7966292, -36.9894502], [174.7957292, -36.9894502], [174.7957292, -36.9903502], [174.7966292, -36.9903502]]]}, "properties": {"row": 43, "col": 18, "elevation_m": 6.3, "low_elevation": false, "drain_deficiency": 1.0, "adjusted_score": 50.0}}, {"type": "Feature", "geometry": {"type": "Polygon", "coordinates": [[[174.7975292, -36.9903502], [174.7975292, -36.9894502], [174.7966292, -36.9894502], [174.7966292, -36.9903502], [174.7975292, -36.9903502]]]}, "properties": {"row": 43, "col": 19, "elevation_m": 5.3, "low_elevation": false, "drain_deficiency": 1.0, "adjusted_score": 50.0}}, {"type": "Feature", "geometry": {"type": "Polygon", "coordinates": [[[174.79842920000002, -36.9903502], [174.79842920000002, -36.9894502], [174.7975292, -36.9894502], [174.7975292, -36.9903502], [174.79842920000002, -36.9903502]]]}, "properties": {"row": 43, "col": 20, "elevation_m": 4.2, "low_elevation": true, "drain_deficiency": 1.0, "adjusted_score": 100.0}}, {"type": "Feature", "geometry": {"type": "Polygon", "coordinates": [[[174.79932920000002, -36.9903502], [174.79932920000002, -36.9894502], [174.79842920000002, -36.9894502], [174.79842920000002, -36.9903502], [174.79932920000002, -36.9903502]]]}, "properties": {"row": 43, "col": 21, "elevation_m": 2.6, "low_elevation": true, "drain_deficiency": 1.0, "adjusted_score": 100.0}}, {"type": "Feature", "geometry": {"type": "Polygon", "coordinates": [[[174.80022920000002, -36.9903502], [174.80022920000002, -36.9894502], [174.79932920000002, -36.9894502], [174.79932920000002, -36.9903502], [174.80022920000002, -36.9903502]]]}, "properties": {"row": 43, "col": 22, "elevation_m": 1.5, "low_elevation": true, "drain_deficiency": 1.0, "adjusted_score": 100.0}}, {"type": "Feature", "geometry": {"type": "Polygon", "coordinates": [[[174.80112920000002, -36.9903502], [174.80112920000002, -36.9894502], [174.80022920000002, -36.9894502], [174.80022920000002, -36.9903502], [174.80112920000002, -36.9903502]]]}, "properties": {"row": 43, "col": 23, "elevation_m": 1.7, "low_elevation": true, "drain_deficiency": 1.0, "adjusted_score": 100.0}}, {"type": "Feature", "geometry": {"type": "Polygon", "coordinates": [[[174.80202920000002, -36.9903502], [174.80202920000002, -36.9894502], [174.80112920000002, -36.9894502], [174.80112920000002, -36.9903502], [174.80202920000002, -36.9903502]]]}, "properties": {"row": 43, "col": 24, "elevation_m": 1.6, "low_elevation": true, "drain_deficiency": 1.0, "adjusted_score": 100.0}}, {"type": "Feature", "geometry": {"type": "Polygon", "coordinates": [[[174.80292920000002, -36.9903502], [174.80292920000002, -36.9894502], [174.80202920000002, -36.9894502], [174.80202920000002, -36.9903502], [174.80292920000002, -36.9903502]]]}, "properties": {"row": 43, "col": 25, "elevation_m": 0.5, "low_elevation": true, "drain_deficiency": 1.0, "adjusted_score": 100.0}}, {"type": "Feature", "geometry": {"type": "Polygon", "coordinates": [[[174.80382920000002, -36.9903502], [174.80382920000002, -36.9894502], [174.80292920000002, -36.9894502], [174.80292920000002, -36.9903502], [174.80382920000002, -36.9903502]]]}, "properties": {"row": 43, "col": 26, "elevation_m": 3.6, "low_elevation": true, "drain_deficiency": 1.0, "adjusted_score": 100.0}}, {"type": "Feature", "geometry": {"type": "Polygon", "coordinates": [[[174.80472920000003, -36.9903502], [174.80472920000003, -36.9894502], [174.80382920000002, -36.9894502], [174.80382920000002, -36.9903502], [174.80472920000003, -36.9903502]]]}, "properties": {"row": 43, "col": 27, "elevation_m": 3.1, "low_elevation": true, "drain_deficiency": 1.0, "adjusted_score": 100.0}}, {"type": "Feature", "geometry": {"type": "Polygon", "coordinates": [[[174.80562920000003, -36.9903502], [174.80562920000003, -36.9894502], [174.80472920000003, -36.9894502], [174.80472920000003, -36.9903502], [174.80562920000003, -36.9903502]]]}, "properties": {"row": 43, "col": 28, "elevation_m": 3.4, "low_elevation": true, "drain_deficiency": 1.0, "adjusted_score": 100.0}}, {"type": "Feature", "geometry": {"type": "Polygon", "coordinates": [[[174.80652920000003, -36.9903502], [174.80652920000003, -36.9894502], [174.80562920000003, -36.9894502], [174.80562920000003, -36.9903502], [174.80652920000003, -36.9903502]]]}, "properties": {"row": 43, "col": 29, "elevation_m": 6.3, "low_elevation": false, "drain_deficiency": 1.0, "adjusted_score": 50.0}}, {"type": "Feature", "geometry": {"type": "Polygon", "coordinates": [[[174.8074292, -36.9903502], [174.8074292, -36.9894502], [174.8065292, -36.9894502], [174.8065292, -36.9903502], [174.8074292, -36.9903502]]]}, "properties": {"row": 43, "col": 30, "elevation_m": 8.7, "low_elevation": false, "drain_deficiency": 1.0, "adjusted_score": 50.0}}, {"type": "Feature", "geometry": {"type": "Polygon", "coordinates": [[[174.8083292, -36.9903502], [174.8083292, -36.9894502], [174.8074292, -36.9894502], [174.8074292, -36.9903502], [174.8083292, -36.9903502]]]}, "properties": {"row": 43, "col": 31, "elevation_m": 8.8, "low_elevation": false, "drain_deficiency": 1.0, "adjusted_score": 50.0}}, {"type": "Feature", "geometry": {"type": "Polygon", "coordinates": [[[174.8092292, -36.9903502], [174.8092292, -36.9894502], [174.8083292, -36.9894502], [174.8083292, -36.9903502], [174.8092292, -36.9903502]]]}, "properties": {"row": 43, "col": 32, "elevation_m": 8.9, "low_elevation": false, "drain_deficiency": 1.0, "adjusted_score": 50.0}}, {"type": "Feature", "geometry": {"type": "Polygon", "coordinates": [[[174.8101292, -36.9903502], [174.8101292, -36.9894502], [174.8092292, -36.9894502], [174.8092292, -36.9903502], [174.8101292, -36.9903502]]]}, "properties": {"row": 43, "col": 33, "elevation_m": 8.3, "low_elevation": false, "drain_deficiency": 0.625, "adjusted_score": 31.2}}, {"type": "Feature", "geometry": {"type": "Polygon", "coordinates": [[[174.8110292, -36.9903502], [174.8110292, -36.9894502], [174.8101292, -36.9894502], [174.8101292, -36.9903502], [174.8110292, -36.9903502]]]}, "properties": {"row": 43, "col": 34, "elevation_m": 10.1, "low_elevation": false, "drain_deficiency": 0.5, "adjusted_score": 25.0}}, {"type": "Feature", "geometry": {"type": "Polygon", "coordinates": [[[174.8119292, -36.9903502], [174.8119292, -36.9894502], [174.8110292, -36.9894502], [174.8110292, -36.9903502], [174.8119292, -36.9903502]]]}, "properties": {"row": 43, "col": 35, "elevation_m": 12.8, "low_elevation": false, "drain_deficiency": 0.512, "adjusted_score": 25.6}}, {"type": "Feature", "geometry": {"type": "Polygon", "coordinates": [[[174.8128292, -36.9903502], [174.8128292, -36.9894502], [174.8119292, -36.9894502], [174.8119292, -36.9903502], [174.8128292, -36.9903502]]]}, "properties": {"row": 43, "col": 36, "elevation_m": 13.6, "low_elevation": false, "drain_deficiency": 1.0, "adjusted_score": 50.0}}, {"type": "Feature", "geometry": {"type": "Polygon", "coordinates": [[[174.8137292, -36.9903502], [174.8137292, -36.9894502], [174.8128292, -36.9894502], [174.8128292, -36.9903502], [174.8137292, -36.9903502]]]}, "properties": {"row": 43, "col": 37, "elevation_m": 13.5, "low_elevation": false, "drain_deficiency": 1.0, "adjusted_score": 50.0}}, {"type": "Feature", "geometry": {"type": "Polygon", "coordinates": [[[174.8146292, -36.9903502], [174.8146292, -36.9894502], [174.8137292, -36.9894502], [174.8137292, -36.9903502], [174.8146292, -36.9903502]]]}, "properties": {"row": 43, "col": 38, "elevation_m": 11.9, "low_elevation": false, "drain_deficiency": 1.0, "adjusted_score": 50.0}}, {"type": "Feature", "geometry": {"type": "Polygon", "coordinates": [[[174.81552920000001, -36.9903502], [174.81552920000001, -36.9894502], [174.8146292, -36.9894502], [174.8146292, -36.9903502], [174.81552920000001, -36.9903502]]]}, "properties": {"row": 43, "col": 39, "elevation_m": 10.1, "low_elevation": false, "drain_deficiency": 1.0, "adjusted_score": 50.0}}, {"type": "Feature", "geometry": {"type": "Polygon", "coordinates": [[[174.81642920000002, -36.9903502], [174.81642920000002, -36.9894502], [174.81552920000001, -36.9894502], [174.81552920000001, -36.9903502], [174.81642920000002, -36.9903502]]]}, "properties": {"row": 43, "col": 40, "elevation_m": 10.2, "low_elevation": false, "drain_deficiency": 1.0, "adjusted_score": 50.0}}, {"type": "Feature", "geometry": {"type": "Polygon", "coordinates": [[[174.81732920000002, -36.9903502], [174.81732920000002, -36.9894502], [174.81642920000002, -36.9894502], [174.81642920000002, -36.9903502], [174.81732920000002, -36.9903502]]]}, "properties": {"row": 43, "col": 41, "elevation_m": 9.1, "low_elevation": false, "drain_deficiency": 1.0, "adjusted_score": 50.0}}, {"type": "Feature", "geometry": {"type": "Polygon", "coordinates": [[[174.81822920000002, -36.9903502], [174.81822920000002, -36.9894502], [174.81732920000002, -36.9894502], [174.81732920000002, -36.9903502], [174.81822920000002, -36.9903502]]]}, "properties": {"row": 43, "col": 42, "elevation_m": 7.7, "low_elevation": false, "drain_deficiency": 1.0, "adjusted_score": 50.0}}, {"type": "Feature", "geometry": {"type": "Polygon", "coordinates": [[[174.81912920000002, -36.9903502], [174.81912920000002, -36.9894502], [174.81822920000002, -36.9894502], [174.81822920000002, -36.9903502], [174.81912920000002, -36.9903502]]]}, "properties": {"row": 43, "col": 43, "elevation_m": 5.8, "low_elevation": false, "drain_deficiency": 1.0, "adjusted_score": 50.0}}, {"type": "Feature", "geometry": {"type": "Polygon", "coordinates": [[[174.82002920000002, -36.9903502], [174.82002920000002, -36.9894502], [174.81912920000002, -36.9894502], [174.81912920000002, -36.9903502], [174.82002920000002, -36.9903502]]]}, "properties": {"row": 43, "col": 44, "elevation_m": 3.3, "low_elevation": true, "drain_deficiency": 1.0, "adjusted_score": 100.0}}, {"type": "Feature", "geometry": {"type": "Polygon", "coordinates": [[[174.78042920000001, -36.9912502], [174.78042920000001, -36.9903502], [174.7795292, -36.9903502], [174.7795292, -36.9912502], [174.78042920000001, -36.9912502]]]}, "properties": {"row": 44, "col": 0, "elevation_m": 11.9, "low_elevation": false, "drain_deficiency": 1.0, "adjusted_score": 50.0}}, {"type": "Feature", "geometry": {"type": "Polygon", "coordinates": [[[174.78132920000002, -36.9912502], [174.78132920000002, -36.9903502], [174.78042920000001, -36.9903502], [174.78042920000001, -36.9912502], [174.78132920000002, -36.9912502]]]}, "properties": {"row": 44, "col": 1, "elevation_m": 11.4, "low_elevation": false, "drain_deficiency": 1.0, "adjusted_score": 50.0}}, {"type": "Feature", "geometry": {"type": "Polygon", "coordinates": [[[174.78222920000002, -36.9912502], [174.78222920000002, -36.9903502], [174.78132920000002, -36.9903502], [174.78132920000002, -36.9912502], [174.78222920000002, -36.9912502]]]}, "properties": {"row": 44, "col": 2, "elevation_m": 11.6, "low_elevation": false, "drain_deficiency": 1.0, "adjusted_score": 50.0}}, {"type": "Feature", "geometry": {"type": "Polygon", "coordinates": [[[174.78312920000002, -36.9912502], [174.78312920000002, -36.9903502], [174.78222920000002, -36.9903502], [174.78222920000002, -36.9912502], [174.78312920000002, -36.9912502]]]}, "properties": {"row": 44, "col": 3, "elevation_m": 12.1, "low_elevation": false, "drain_deficiency": 1.0, "adjusted_score": 50.0}}, {"type": "Feature", "geometry": {"type": "Polygon", "coordinates": [[[174.78402920000002, -36.9912502], [174.78402920000002, -36.9903502], [174.78312920000002, -36.9903502], [174.78312920000002, -36.9912502], [174.78402920000002, -36.9912502]]]}, "properties": {"row": 44, "col": 4, "elevation_m": 12.8, "low_elevation": false, "drain_deficiency": 1.0, "adjusted_score": 50.0}}, {"type": "Feature", "geometry": {"type": "Polygon", "coordinates": [[[174.78492920000002, -36.9912502], [174.78492920000002, -36.9903502], [174.78402920000002, -36.9903502], [174.78402920000002, -36.9912502], [174.78492920000002, -36.9912502]]]}, "properties": {"row": 44, "col": 5, "elevation_m": 13.3, "low_elevation": false, "drain_deficiency": 1.0, "adjusted_score": 50.0}}, {"type": "Feature", "geometry": {"type": "Polygon", "coordinates": [[[174.78582920000002, -36.9912502], [174.78582920000002, -36.9903502], [174.78492920000002, -36.9903502], [174.78492920000002, -36.9912502], [174.78582920000002, -36.9912502]]]}, "properties": {"row": 44, "col": 6, "elevation_m": 14.4, "low_elevation": false, "drain_deficiency": 0.826, "adjusted_score": 41.3}}, {"type": "Feature", "geometry": {"type": "Polygon", "coordinates": [[[174.78672920000002, -36.9912502], [174.78672920000002, -36.9903502], [174.78582920000002, -36.9903502], [174.78582920000002, -36.9912502], [174.78672920000002, -36.9912502]]]}, "properties": {"row": 44, "col": 7, "elevation_m": 16.7, "low_elevation": false, "drain_deficiency": 0.625, "adjusted_score": 31.2}}, {"type": "Feature", "geometry": {"type": "Polygon", "coordinates": [[[174.78762920000003, -36.9912502], [174.78762920000003, -36.9903502], [174.78672920000002, -36.9903502], [174.78672920000002, -36.9912502], [174.78762920000003, -36.9912502]]]}, "properties": {"row": 44, "col": 8, "elevation_m": 14.4, "low_elevation": false, "drain_deficiency": 0.625, "adjusted_score": 31.2}}, {"type": "Feature", "geometry": {"type": "Polygon", "coordinates": [[[174.78852920000003, -36.9912502], [174.78852920000003, -36.9903502], [174.78762920000003, -36.9903502], [174.78762920000003, -36.9912502], [174.78852920000003, -36.9912502]]]}, "properties": {"row": 44, "col": 9, "elevation_m": 11.7, "low_elevation": false, "drain_deficiency": 1.0, "adjusted_score": 50.0}}, {"type": "Feature", "geometry": {"type": "Polygon", "coordinates": [[[174.7894292, -36.9912502], [174.7894292, -36.9903502], [174.7885292, -36.9903502], [174.7885292, -36.9912502], [174.7894292, -36.9912502]]]}, "properties": {"row": 44, "col": 10, "elevation_m": 12.2, "low_elevation": false, "drain_deficiency": 1.0, "adjusted_score": 50.0}}, {"type": "Feature", "geometry": {"type": "Polygon", "coordinates": [[[174.7903292, -36.9912502], [174.7903292, -36.9903502], [174.7894292, -36.9903502], [174.7894292, -36.9912502], [174.7903292, -36.9912502]]]}, "properties": {"row": 44, "col": 11, "elevation_m": 13.8, "low_elevation": false, "drain_deficiency": 1.0, "adjusted_score": 50.0}}, {"type": "Feature", "geometry": {"type": "Polygon", "coordinates": [[[174.7912292, -36.9912502], [174.7912292, -36.9903502], [174.7903292, -36.9903502], [174.7903292, -36.9912502], [174.7912292, -36.9912502]]]}, "properties": {"row": 44, "col": 12, "elevation_m": 12.3, "low_elevation": false, "drain_deficiency": 1.0, "adjusted_score": 50.0}}, {"type": "Feature", "geometry": {"type": "Polygon", "coordinates": [[[174.7921292, -36.9912502], [174.7921292, -36.9903502], [174.7912292, -36.9903502], [174.7912292, -36.9912502], [174.7921292, -36.9912502]]]}, "properties": {"row": 44, "col": 13, "elevation_m": 10.1, "low_elevation": false, "drain_deficiency": 1.0, "adjusted_score": 50.0}}, {"type": "Feature", "geometry": {"type": "Polygon", "coordinates": [[[174.7930292, -36.9912502], [174.7930292, -36.9903502], [174.7921292, -36.9903502], [174.7921292, -36.9912502], [174.7930292, -36.9912502]]]}, "properties": {"row": 44, "col": 14, "elevation_m": 7.7, "low_elevation": false, "drain_deficiency": 1.0, "adjusted_score": 50.0}}, {"type": "Feature", "geometry": {"type": "Polygon", "coordinates": [[[174.7939292, -36.9912502], [174.7939292, -36.9903502], [174.7930292, -36.9903502], [174.7930292, -36.9912502], [174.7939292, -36.9912502]]]}, "properties": {"row": 44, "col": 15, "elevation_m": 4.4, "low_elevation": true, "drain_deficiency": 1.0, "adjusted_score": 100.0}}, {"type": "Feature", "geometry": {"type": "Polygon", "coordinates": [[[174.7948292, -36.9912502], [174.7948292, -36.9903502], [174.7939292, -36.9903502], [174.7939292, -36.9912502], [174.7948292, -36.9912502]]]}, "properties": {"row": 44, "col": 16, "elevation_m": 5.3, "low_elevation": false, "drain_deficiency": 1.0, "adjusted_score": 50.0}}, {"type": "Feature", "geometry": {"type": "Polygon", "coordinates": [[[174.7957292, -36.9912502], [174.7957292, -36.9903502], [174.7948292, -36.9903502], [174.7948292, -36.9912502], [174.7957292, -36.9912502]]]}, "properties": {"row": 44, "col": 17, "elevation_m": 7.3, "low_elevation": false, "drain_deficiency": 1.0, "adjusted_score": 50.0}}, {"type": "Feature", "geometry": {"type": "Polygon", "coordinates": [[[174.7966292, -36.9912502], [174.7966292, -36.9903502], [174.7957292, -36.9903502], [174.7957292, -36.9912502], [174.7966292, -36.9912502]]]}, "properties": {"row": 44, "col": 18, "elevation_m": 8.2, "low_elevation": false, "drain_deficiency": 1.0, "adjusted_score": 50.0}}, {"type": "Feature", "geometry": {"type": "Polygon", "coordinates": [[[174.7975292, -36.9912502], [174.7975292, -36.9903502], [174.7966292, -36.9903502], [174.7966292, -36.9912502], [174.7975292, -36.9912502]]]}, "properties": {"row": 44, "col": 19, "elevation_m": 7.3, "low_elevation": false, "drain_deficiency": 1.0, "adjusted_score": 50.0}}, {"type": "Feature", "geometry": {"type": "Polygon", "coordinates": [[[174.79842920000002, -36.9912502], [174.79842920000002, -36.9903502], [174.7975292, -36.9903502], [174.7975292, -36.9912502], [174.79842920000002, -36.9912502]]]}, "properties": {"row": 44, "col": 20, "elevation_m": 5.3, "low_elevation": false, "drain_deficiency": 1.0, "adjusted_score": 50.0}}, {"type": "Feature", "geometry": {"type": "Polygon", "coordinates": [[[174.79932920000002, -36.9912502], [174.79932920000002, -36.9903502], [174.79842920000002, -36.9903502], [174.79842920000002, -36.9912502], [174.79932920000002, -36.9912502]]]}, "properties": {"row": 44, "col": 21, "elevation_m": 4.1, "low_elevation": true, "drain_deficiency": 1.0, "adjusted_score": 100.0}}, {"type": "Feature", "geometry": {"type": "Polygon", "coordinates": [[[174.80022920000002, -36.9912502], [174.80022920000002, -36.9903502], [174.79932920000002, -36.9903502], [174.79932920000002, -36.9912502], [174.80022920000002, -36.9912502]]]}, "properties": {"row": 44, "col": 22, "elevation_m": 3.3, "low_elevation": true, "drain_deficiency": 1.0, "adjusted_score": 100.0}}, {"type": "Feature", "geometry": {"type": "Polygon", "coordinates": [[[174.80112920000002, -36.9912502], [174.80112920000002, -36.9903502], [174.80022920000002, -36.9903502], [174.80022920000002, -36.9912502], [174.80112920000002, -36.9912502]]]}, "properties": {"row": 44, "col": 23, "elevation_m": 1.7, "low_elevation": true, "drain_deficiency": 1.0, "adjusted_score": 100.0}}, {"type": "Feature", "geometry": {"type": "Polygon", "coordinates": [[[174.80202920000002, -36.9912502], [174.80202920000002, -36.9903502], [174.80112920000002, -36.9903502], [174.80112920000002, -36.9912502], [174.80202920000002, -36.9912502]]]}, "properties": {"row": 44, "col": 24, "elevation_m": 1.5, "low_elevation": true, "drain_deficiency": 1.0, "adjusted_score": 100.0}}, {"type": "Feature", "geometry": {"type": "Polygon", "coordinates": [[[174.80292920000002, -36.9912502], [174.80292920000002, -36.9903502], [174.80202920000002, -36.9903502], [174.80202920000002, -36.9912502], [174.80292920000002, -36.9912502]]]}, "properties": {"row": 44, "col": 25, "elevation_m": 0.9, "low_elevation": true, "drain_deficiency": 1.0, "adjusted_score": 100.0}}, {"type": "Feature", "geometry": {"type": "Polygon", "coordinates": [[[174.80382920000002, -36.9912502], [174.80382920000002, -36.9903502], [174.80292920000002, -36.9903502], [174.80292920000002, -36.9912502], [174.80382920000002, -36.9912502]]]}, "properties": {"row": 44, "col": 26, "elevation_m": 1.2, "low_elevation": true, "drain_deficiency": 1.0, "adjusted_score": 100.0}}, {"type": "Feature", "geometry": {"type": "Polygon", "coordinates": [[[174.80472920000003, -36.9912502], [174.80472920000003, -36.9903502], [174.80382920000002, -36.9903502], [174.80382920000002, -36.9912502], [174.80472920000003, -36.9912502]]]}, "properties": {"row": 44, "col": 27, "elevation_m": 2.1, "low_elevation": true, "drain_deficiency": 1.0, "adjusted_score": 100.0}}, {"type": "Feature", "geometry": {"type": "Polygon", "coordinates": [[[174.80562920000003, -36.9912502], [174.80562920000003, -36.9903502], [174.80472920000003, -36.9903502], [174.80472920000003, -36.9912502], [174.80562920000003, -36.9912502]]]}, "properties": {"row": 44, "col": 28, "elevation_m": 3.3, "low_elevation": true, "drain_deficiency": 1.0, "adjusted_score": 100.0}}, {"type": "Feature", "geometry": {"type": "Polygon", "coordinates": [[[174.80652920000003, -36.9912502], [174.80652920000003, -36.9903502], [174.80562920000003, -36.9903502], [174.80562920000003, -36.9912502], [174.80652920000003, -36.9912502]]]}, "properties": {"row": 44, "col": 29, "elevation_m": 7.1, "low_elevation": false, "drain_deficiency": 1.0, "adjusted_score": 50.0}}, {"type": "Feature", "geometry": {"type": "Polygon", "coordinates": [[[174.8074292, -36.9912502], [174.8074292, -36.9903502], [174.8065292, -36.9903502], [174.8065292, -36.9912502], [174.8074292, -36.9912502]]]}, "properties": {"row": 44, "col": 30, "elevation_m": 8.7, "low_elevation": false, "drain_deficiency": 1.0, "adjusted_score": 50.0}}, {"type": "Feature", "geometry": {"type": "Polygon", "coordinates": [[[174.8083292, -36.9912502], [174.8083292, -36.9903502], [174.8074292, -36.9903502], [174.8074292, -36.9912502], [174.8083292, -36.9912502]]]}, "properties": {"row": 44, "col": 31, "elevation_m": 5.0, "low_elevation": false, "drain_deficiency": 1.0, "adjusted_score": 50.0}}, {"type": "Feature", "geometry": {"type": "Polygon", "coordinates": [[[174.8092292, -36.9912502], [174.8092292, -36.9903502], [174.8083292, -36.9903502], [174.8083292, -36.9912502], [174.8092292, -36.9912502]]]}, "properties": {"row": 44, "col": 32, "elevation_m": 5.0, "low_elevation": true, "drain_deficiency": 1.0, "adjusted_score": 100.0}}, {"type": "Feature", "geometry": {"type": "Polygon", "coordinates": [[[174.8101292, -36.9912502], [174.8101292, -36.9903502], [174.8092292, -36.9903502], [174.8092292, -36.9912502], [174.8101292, -36.9912502]]]}, "properties": {"row": 44, "col": 33, "elevation_m": 7.4, "low_elevation": false, "drain_deficiency": 1.0, "adjusted_score": 50.0}}, {"type": "Feature", "geometry": {"type": "Polygon", "coordinates": [[[174.8110292, -36.9912502], [174.8110292, -36.9903502], [174.8101292, -36.9903502], [174.8101292, -36.9912502], [174.8110292, -36.9912502]]]}, "properties": {"row": 44, "col": 34, "elevation_m": 10.8, "low_elevation": false, "drain_deficiency": 0.77, "adjusted_score": 38.5}}, {"type": "Feature", "geometry": {"type": "Polygon", "coordinates": [[[174.8119292, -36.9912502], [174.8119292, -36.9903502], [174.8110292, -36.9903502], [174.8110292, -36.9912502], [174.8119292, -36.9912502]]]}, "properties": {"row": 44, "col": 35, "elevation_m": 12.8, "low_elevation": false, "drain_deficiency": 0.907, "adjusted_score": 45.3}}, {"type": "Feature", "geometry": {"type": "Polygon", "coordinates": [[[174.8128292, -36.9912502], [174.8128292, -36.9903502], [174.8119292, -36.9903502], [174.8119292, -36.9912502], [174.8128292, -36.9912502]]]}, "properties": {"row": 44, "col": 36, "elevation_m": 12.9, "low_elevation": false, "drain_deficiency": 1.0, "adjusted_score": 50.0}}, {"type": "Feature", "geometry": {"type": "Polygon", "coordinates": [[[174.8137292, -36.9912502], [174.8137292, -36.9903502], [174.8128292, -36.9903502], [174.8128292, -36.9912502], [174.8137292, -36.9912502]]]}, "properties": {"row": 44, "col": 37, "elevation_m": 12.7, "low_elevation": false, "drain_deficiency": 1.0, "adjusted_score": 50.0}}, {"type": "Feature", "geometry": {"type": "Polygon", "coordinates": [[[174.8146292, -36.9912502], [174.8146292, -36.9903502], [174.8137292, -36.9903502], [174.8137292, -36.9912502], [174.8146292, -36.9912502]]]}, "properties": {"row": 44, "col": 38, "elevation_m": 13.1, "low_elevation": false, "drain_deficiency": 1.0, "adjusted_score": 50.0}}, {"type": "Feature", "geometry": {"type": "Polygon", "coordinates": [[[174.81552920000001, -36.9912502], [174.81552920000001, -36.9903502], [174.8146292, -36.9903502], [174.8146292, -36.9912502], [174.81552920000001, -36.9912502]]]}, "properties": {"row": 44, "col": 39, "elevation_m": 13.0, "low_elevation": false, "drain_deficiency": 1.0, "adjusted_score": 50.0}}, {"type": "Feature", "geometry": {"type": "Polygon", "coordinates": [[[174.81642920000002, -36.9912502], [174.81642920000002, -36.9903502], [174.81552920000001, -36.9903502], [174.81552920000001, -36.9912502], [174.81642920000002, -36.9912502]]]}, "properties": {"row": 44, "col": 40, "elevation_m": 14.1, "low_elevation": false, "drain_deficiency": 1.0, "adjusted_score": 50.0}}, {"type": "Feature", "geometry": {"type": "Polygon", "coordinates": [[[174.81732920000002, -36.9912502], [174.81732920000002, -36.9903502], [174.81642920000002, -36.9903502], [174.81642920000002, -36.9912502], [174.81732920000002, -36.9912502]]]}, "properties": {"row": 44, "col": 41, "elevation_m": 13.2, "low_elevation": false, "drain_deficiency": 1.0, "adjusted_score": 50.0}}, {"type": "Feature", "geometry": {"type": "Polygon", "coordinates": [[[174.81822920000002, -36.9912502], [174.81822920000002, -36.9903502], [174.81732920000002, -36.9903502], [174.81732920000002, -36.9912502], [174.81822920000002, -36.9912502]]]}, "properties": {"row": 44, "col": 42, "elevation_m": 10.9, "low_elevation": false, "drain_deficiency": 1.0, "adjusted_score": 50.0}}, {"type": "Feature", "geometry": {"type": "Polygon", "coordinates": [[[174.81912920000002, -36.9912502], [174.81912920000002, -36.9903502], [174.81822920000002, -36.9903502], [174.81822920000002, -36.9912502], [174.81912920000002, -36.9912502]]]}, "properties": {"row": 44, "col": 43, "elevation_m": 8.7, "low_elevation": false, "drain_deficiency": 1.0, "adjusted_score": 50.0}}, {"type": "Feature", "geometry": {"type": "Polygon", "coordinates": [[[174.82002920000002, -36.9912502], [174.82002920000002, -36.9903502], [174.81912920000002, -36.9903502], [174.81912920000002, -36.9912502], [174.82002920000002, -36.9912502]]]}, "properties": {"row": 44, "col": 44, "elevation_m": 5.3, "low_elevation": false, "drain_deficiency": 1.0, "adjusted_score": 50.0}}]}