{
  "type": "FeatureCollection",
  "features": [
    {
      "type": "Feature",
      "properties": {
        "zone_id": "grid_r0_c2",
        "assembly": "Ablekuma West Municipal",
        "boundary_overlap_frac": 0.756,
        "score": 51.6,
        "level": "High",
        "water_occ_pct": 2.7,
        "low_elev_frac_pct": 96.0,
        "median_elev_m": 2.1,
        "wetland_water_pct": 12.0,
        "vegetation_pct": 0.0,
        "impervious_pct": 84.0,
        "pixel_count": 25,
        "scenes_used": 40,
        "sources": [
          "sentinel-1-grd (Planetary Computer)",
          "cop-dem-glo-30",
          "esa-worldcover 2021"
        ],
        "computed_at": "2026-08-22T21:22:08.021523+00:00",
        "s2_scenes_used": 40,
        "s2_dry_season_water_occ_pct": 0.0,
        "s2_comparison_label": "agree",
        "s2_comparison_caveat": "Sentinel-2 sample is cloud-filtered (<20% cover), which excludes ~93% of rainy-season scenes (0 of 40 sampled scenes were from June/July). This field is a DRY-SEASON optical baseline, not a flood-season cross-check -- SAR-S2 spatial correlation was ~0 (r=-0.07) because the two sensors sample different seasonal populations, not because either is wrong. Do not read this as a validated QA agreement signal."
      },
      "geometry": {
        "type": "Polygon",
        "coordinates": [
          [
            [
              -0.26907925948640543,
              5.519287109000174
            ],
            [
              -0.26907925948640543,
              5.523791613504678
            ],
            [
              -0.27358376399090995,
              5.523791613504678
            ],
            [
              -0.27358376399090995,
              5.519287109000174
            ],
            [
              -0.26907925948640543,
              5.519287109000174
            ]
          ]
        ]
      }
    },
    {
      "type": "Feature",
      "properties": {
        "zone_id": "grid_r0_c3",
        "assembly": "Ablekuma West Municipal",
        "boundary_overlap_frac": 0.825,
        "score": 51.9,
        "level": "High",
        "water_occ_pct": 9.1,
        "low_elev_frac_pct": 100.0,
        "median_elev_m": 2.0,
        "wetland_water_pct": 32.0,
        "vegetation_pct": 4.0,
        "impervious_pct": 64.0,
        "pixel_count": 25,
        "scenes_used": 40,
        "sources": [
          "sentinel-1-grd (Planetary Computer)",
          "cop-dem-glo-30",
          "esa-worldcover 2021"
        ],
        "computed_at": "2026-08-22T21:22:08.023231+00:00",
        "s2_scenes_used": 40,
        "s2_dry_season_water_occ_pct": 2.49,
        "s2_comparison_label": "minor_disagreement",
        "s2_comparison_caveat": "Sentinel-2 sample is cloud-filtered (<20% cover), which excludes ~93% of rainy-season scenes (0 of 40 sampled scenes were from June/July). This field is a DRY-SEASON optical baseline, not a flood-season cross-check -- SAR-S2 spatial correlation was ~0 (r=-0.07) because the two sensors sample different seasonal populations, not because either is wrong. Do not read this as a validated QA agreement signal."
      },
      "geometry": {
        "type": "Polygon",
        "coordinates": [
          [
            [
              -0.2645747549819009,
              5.519287109000174
            ],
            [
              -0.2645747549819009,
              5.523791613504678
            ],
            [
              -0.26907925948640543,
              5.523791613504678
            ],
            [
              -0.26907925948640543,
              5.519287109000174
            ],
            [
              -0.2645747549819009,
              5.519287109000174
            ]
          ]
        ]
      }
    },
    {
      "type": "Feature",
      "properties": {
        "zone_id": "grid_r0_c4",
        "assembly": "Ablekuma West Municipal",
        "boundary_overlap_frac": 0.623,
        "score": 43.1,
        "level": "Moderate",
        "water_occ_pct": 6.0,
        "low_elev_frac_pct": 88.0,
        "median_elev_m": 2.6,
        "wetland_water_pct": 48.0,
        "vegetation_pct": 0.0,
        "impervious_pct": 48.0,
        "pixel_count": 25,
        "scenes_used": 40,
        "sources": [
          "sentinel-1-grd (Planetary Computer)",
          "cop-dem-glo-30",
          "esa-worldcover 2021"
        ],
        "computed_at": "2026-08-22T21:22:08.024652+00:00",
        "s2_scenes_used": 40,
        "s2_dry_season_water_occ_pct": 10.11,
        "s2_comparison_label": "agree",
        "s2_comparison_caveat": "Sentinel-2 sample is cloud-filtered (<20% cover), which excludes ~93% of rainy-season scenes (0 of 40 sampled scenes were from June/July). This field is a DRY-SEASON optical baseline, not a flood-season cross-check -- SAR-S2 spatial correlation was ~0 (r=-0.07) because the two sensors sample different seasonal populations, not because either is wrong. Do not read this as a validated QA agreement signal."
      },
      "geometry": {
        "type": "Polygon",
        "coordinates": [
          [
            [
              -0.2600702504773964,
              5.519287109000174
            ],
            [
              -0.2600702504773964,
              5.523791613504678
            ],
            [
              -0.2645747549819009,
              5.523791613504678
            ],
            [
              -0.2645747549819009,
              5.519287109000174
            ],
            [
              -0.2600702504773964,
              5.519287109000174
            ]
          ]
        ]
      }
    },
    {
      "type": "Feature",
      "properties": {
        "zone_id": "grid_r0_c5",
        "assembly": "Ablekuma West Municipal",
        "boundary_overlap_frac": 0.397,
        "score": 41.2,
        "level": "Moderate",
        "water_occ_pct": 2.6,
        "low_elev_frac_pct": 96.0,
        "median_elev_m": 0.0,
        "wetland_water_pct": 68.0,
        "vegetation_pct": 0.0,
        "impervious_pct": 32.0,
        "pixel_count": 25,
        "scenes_used": 40,
        "sources": [
          "sentinel-1-grd (Planetary Computer)",
          "cop-dem-glo-30",
          "esa-worldcover 2021"
        ],
        "computed_at": "2026-08-22T21:22:08.026108+00:00",
        "s2_scenes_used": 40,
        "s2_dry_season_water_occ_pct": 21.98,
        "s2_comparison_label": "major_disagreement",
        "s2_comparison_caveat": "Sentinel-2 sample is cloud-filtered (<20% cover), which excludes ~93% of rainy-season scenes (0 of 40 sampled scenes were from June/July). This field is a DRY-SEASON optical baseline, not a flood-season cross-check -- SAR-S2 spatial correlation was ~0 (r=-0.07) because the two sensors sample different seasonal populations, not because either is wrong. Do not read this as a validated QA agreement signal."
      },
      "geometry": {
        "type": "Polygon",
        "coordinates": [
          [
            [
              -0.2555657459728919,
              5.519287109000174
            ],
            [
              -0.2555657459728919,
              5.523791613504678
            ],
            [
              -0.2600702504773964,
              5.523791613504678
            ],
            [
              -0.2600702504773964,
              5.519287109000174
            ],
            [
              -0.2555657459728919,
              5.519287109000174
            ]
          ]
        ]
      }
    },
    {
      "type": "Feature",
      "properties": {
        "zone_id": "grid_r0_c6",
        "assembly": "Ablekuma West Municipal",
        "boundary_overlap_frac": 0.164,
        "score": 38.9,
        "level": "Moderate",
        "water_occ_pct": 5.1,
        "low_elev_frac_pct": 100.0,
        "median_elev_m": 0.0,
        "wetland_water_pct": 88.0,
        "vegetation_pct": 0.0,
        "impervious_pct": 8.0,
        "pixel_count": 25,
        "scenes_used": 40,
        "sources": [
          "sentinel-1-grd (Planetary Computer)",
          "cop-dem-glo-30",
          "esa-worldcover 2021"
        ],
        "computed_at": "2026-08-22T21:22:08.027480+00:00",
        "s2_scenes_used": 40,
        "s2_dry_season_water_occ_pct": 30.57,
        "s2_comparison_label": "major_disagreement",
        "s2_comparison_caveat": "Sentinel-2 sample is cloud-filtered (<20% cover), which excludes ~93% of rainy-season scenes (0 of 40 sampled scenes were from June/July). This field is a DRY-SEASON optical baseline, not a flood-season cross-check -- SAR-S2 spatial correlation was ~0 (r=-0.07) because the two sensors sample different seasonal populations, not because either is wrong. Do not read this as a validated QA agreement signal."
      },
      "geometry": {
        "type": "Polygon",
        "coordinates": [
          [
            [
              -0.2510612414683874,
              5.519287109000174
            ],
            [
              -0.2510612414683874,
              5.523791613504678
            ],
            [
              -0.2555657459728919,
              5.523791613504678
            ],
            [
              -0.2555657459728919,
              5.519287109000174
            ],
            [
              -0.2510612414683874,
              5.519287109000174
            ]
          ]
        ]
      }
    },
    {
      "type": "Feature",
      "properties": {
        "zone_id": "grid_r1_c1",
        "assembly": "Ablekuma West Municipal",
        "boundary_overlap_frac": 0.791,
        "score": 52.5,
        "level": "High",
        "water_occ_pct": 6.8,
        "low_elev_frac_pct": 100.0,
        "median_elev_m": 2.5,
        "wetland_water_pct": 20.0,
        "vegetation_pct": 8.0,
        "impervious_pct": 72.0,
        "pixel_count": 25,
        "scenes_used": 40,
        "sources": [
          "sentinel-1-grd (Planetary Computer)",
          "cop-dem-glo-30",
          "esa-worldcover 2021"
        ],
        "computed_at": "2026-08-22T21:22:08.028876+00:00",
        "s2_scenes_used": 40,
        "s2_dry_season_water_occ_pct": 16.7,
        "s2_comparison_label": "minor_disagreement",
        "s2_comparison_caveat": "Sentinel-2 sample is cloud-filtered (<20% cover), which excludes ~93% of rainy-season scenes (0 of 40 sampled scenes were from June/July). This field is a DRY-SEASON optical baseline, not a flood-season cross-check -- SAR-S2 spatial correlation was ~0 (r=-0.07) because the two sensors sample different seasonal populations, not because either is wrong. Do not read this as a validated QA agreement signal."
      },
      "geometry": {
        "type": "Polygon",
        "coordinates": [
          [
            [
              -0.27358376399090995,
              5.523791613504678
            ],
            [
              -0.27358376399090995,
              5.528296118009183
            ],
            [
              -0.27808826849541446,
              5.528296118009183
            ],
            [
              -0.27808826849541446,
              5.523791613504678
            ],
            [
              -0.27358376399090995,
              5.523791613504678
            ]
          ]
        ]
      }
    },
    {
      "type": "Feature",
      "properties": {
        "zone_id": "grid_r1_c2",
        "assembly": "Ablekuma West Municipal",
        "boundary_overlap_frac": 1.0,
        "score": 53.6,
        "level": "High",
        "water_occ_pct": 15.6,
        "low_elev_frac_pct": 76.0,
        "median_elev_m": 3.7,
        "wetland_water_pct": 0.0,
        "vegetation_pct": 0.0,
        "impervious_pct": 100.0,
        "pixel_count": 25,
        "scenes_used": 40,
        "sources": [
          "sentinel-1-grd (Planetary Computer)",
          "cop-dem-glo-30",
          "esa-worldcover 2021"
        ],
        "computed_at": "2026-08-22T21:22:08.030200+00:00",
        "s2_scenes_used": 40,
        "s2_dry_season_water_occ_pct": 0.0,
        "s2_comparison_label": "major_disagreement",
        "s2_comparison_caveat": "Sentinel-2 sample is cloud-filtered (<20% cover), which excludes ~93% of rainy-season scenes (0 of 40 sampled scenes were from June/July). This field is a DRY-SEASON optical baseline, not a flood-season cross-check -- SAR-S2 spatial correlation was ~0 (r=-0.07) because the two sensors sample different seasonal populations, not because either is wrong. Do not read this as a validated QA agreement signal."
      },
      "geometry": {
        "type": "Polygon",
        "coordinates": [
          [
            [
              -0.26907925948640543,
              5.523791613504678
            ],
            [
              -0.26907925948640543,
              5.528296118009183
            ],
            [
              -0.27358376399090995,
              5.528296118009183
            ],
            [
              -0.27358376399090995,
              5.523791613504678
            ],
            [
              -0.26907925948640543,
              5.523791613504678
            ]
          ]
        ]
      }
    },
    {
      "type": "Feature",
      "properties": {
        "zone_id": "grid_r1_c3",
        "assembly": "Ablekuma West Municipal",
        "boundary_overlap_frac": 1.0,
        "score": 43.6,
        "level": "Moderate",
        "water_occ_pct": 21.3,
        "low_elev_frac_pct": 40.0,
        "median_elev_m": 6.4,
        "wetland_water_pct": 0.0,
        "vegetation_pct": 0.0,
        "impervious_pct": 100.0,
        "pixel_count": 25,
        "scenes_used": 40,
        "sources": [
          "sentinel-1-grd (Planetary Computer)",
          "cop-dem-glo-30",
          "esa-worldcover 2021"
        ],
        "computed_at": "2026-08-22T21:22:08.031478+00:00",
        "s2_scenes_used": 40,
        "s2_dry_season_water_occ_pct": 0.0,
        "s2_comparison_label": "major_disagreement",
        "s2_comparison_caveat": "Sentinel-2 sample is cloud-filtered (<20% cover), which excludes ~93% of rainy-season scenes (0 of 40 sampled scenes were from June/July). This field is a DRY-SEASON optical baseline, not a flood-season cross-check -- SAR-S2 spatial correlation was ~0 (r=-0.07) because the two sensors sample different seasonal populations, not because either is wrong. Do not read this as a validated QA agreement signal."
      },
      "geometry": {
        "type": "Polygon",
        "coordinates": [
          [
            [
              -0.2645747549819009,
              5.523791613504678
            ],
            [
              -0.2645747549819009,
              5.528296118009183
            ],
            [
              -0.26907925948640543,
              5.528296118009183
            ],
            [
              -0.26907925948640543,
              5.523791613504678
            ],
            [
              -0.2645747549819009,
              5.523791613504678
            ]
          ]
        ]
      }
    },
    {
      "type": "Feature",
      "properties": {
        "zone_id": "grid_r1_c4",
        "assembly": "Ablekuma West Municipal",
        "boundary_overlap_frac": 1.0,
        "score": 34.1,
        "level": "Moderate",
        "water_occ_pct": 12.7,
        "low_elev_frac_pct": 24.0,
        "median_elev_m": 8.0,
        "wetland_water_pct": 0.0,
        "vegetation_pct": 0.0,
        "impervious_pct": 100.0,
        "pixel_count": 25,
        "scenes_used": 40,
        "sources": [
          "sentinel-1-grd (Planetary Computer)",
          "cop-dem-glo-30",
          "esa-worldcover 2021"
        ],
        "computed_at": "2026-08-22T21:22:08.032847+00:00",
        "s2_scenes_used": 40,
        "s2_dry_season_water_occ_pct": 0.0,
        "s2_comparison_label": "minor_disagreement",
        "s2_comparison_caveat": "Sentinel-2 sample is cloud-filtered (<20% cover), which excludes ~93% of rainy-season scenes (0 of 40 sampled scenes were from June/July). This field is a DRY-SEASON optical baseline, not a flood-season cross-check -- SAR-S2 spatial correlation was ~0 (r=-0.07) because the two sensors sample different seasonal populations, not because either is wrong. Do not read this as a validated QA agreement signal."
      },
      "geometry": {
        "type": "Polygon",
        "coordinates": [
          [
            [
              -0.2600702504773964,
              5.523791613504678
            ],
            [
              -0.2600702504773964,
              5.528296118009183
            ],
            [
              -0.2645747549819009,
              5.528296118009183
            ],
            [
              -0.2645747549819009,
              5.523791613504678
            ],
            [
              -0.2600702504773964,
              5.523791613504678
            ]
          ]
        ]
      }
    },
    {
      "type": "Feature",
      "properties": {
        "zone_id": "grid_r1_c5",
        "assembly": "Ablekuma West Municipal",
        "boundary_overlap_frac": 1.0,
        "score": 33.0,
        "level": "Moderate",
        "water_occ_pct": 4.1,
        "low_elev_frac_pct": 32.0,
        "median_elev_m": 6.0,
        "wetland_water_pct": 0.0,
        "vegetation_pct": 0.0,
        "impervious_pct": 100.0,
        "pixel_count": 25,
        "scenes_used": 40,
        "sources": [
          "sentinel-1-grd (Planetary Computer)",
          "cop-dem-glo-30",
          "esa-worldcover 2021"
        ],
        "computed_at": "2026-08-22T21:22:08.034161+00:00",
        "s2_scenes_used": 40,
        "s2_dry_season_water_occ_pct": 0.0,
        "s2_comparison_label": "agree",
        "s2_comparison_caveat": "Sentinel-2 sample is cloud-filtered (<20% cover), which excludes ~93% of rainy-season scenes (0 of 40 sampled scenes were from June/July). This field is a DRY-SEASON optical baseline, not a flood-season cross-check -- SAR-S2 spatial correlation was ~0 (r=-0.07) because the two sensors sample different seasonal populations, not because either is wrong. Do not read this as a validated QA agreement signal."
      },
      "geometry": {
        "type": "Polygon",
        "coordinates": [
          [
            [
              -0.2555657459728919,
              5.523791613504678
            ],
            [
              -0.2555657459728919,
              5.528296118009183
            ],
            [
              -0.2600702504773964,
              5.528296118009183
            ],
            [
              -0.2600702504773964,
              5.523791613504678
            ],
            [
              -0.2555657459728919,
              5.523791613504678
            ]
          ]
        ]
      }
    },
    {
      "type": "Feature",
      "properties": {
        "zone_id": "grid_r1_c6",
        "assembly": "Ablekuma West Municipal",
        "boundary_overlap_frac": 1.0,
        "score": 41.6,
        "level": "Moderate",
        "water_occ_pct": 1.7,
        "low_elev_frac_pct": 64.0,
        "median_elev_m": 4.7,
        "wetland_water_pct": 4.0,
        "vegetation_pct": 0.0,
        "impervious_pct": 92.0,
        "pixel_count": 25,
        "scenes_used": 40,
        "sources": [
          "sentinel-1-grd (Planetary Computer)",
          "cop-dem-glo-30",
          "esa-worldcover 2021"
        ],
        "computed_at": "2026-08-22T21:22:08.035458+00:00",
        "s2_scenes_used": 40,
        "s2_dry_season_water_occ_pct": 0.0,
        "s2_comparison_label": "agree",
        "s2_comparison_caveat": "Sentinel-2 sample is cloud-filtered (<20% cover), which excludes ~93% of rainy-season scenes (0 of 40 sampled scenes were from June/July). This field is a DRY-SEASON optical baseline, not a flood-season cross-check -- SAR-S2 spatial correlation was ~0 (r=-0.07) because the two sensors sample different seasonal populations, not because either is wrong. Do not read this as a validated QA agreement signal."
      },
      "geometry": {
        "type": "Polygon",
        "coordinates": [
          [
            [
              -0.2510612414683874,
              5.523791613504678
            ],
            [
              -0.2510612414683874,
              5.528296118009183
            ],
            [
              -0.2555657459728919,
              5.528296118009183
            ],
            [
              -0.2555657459728919,
              5.523791613504678
            ],
            [
              -0.2510612414683874,
              5.523791613504678
            ]
          ]
        ]
      }
    },
    {
      "type": "Feature",
      "properties": {
        "zone_id": "grid_r1_c7",
        "assembly": "Ablekuma West Municipal",
        "boundary_overlap_frac": 0.962,
        "score": 25.3,
        "level": "Moderate",
        "water_occ_pct": 2.9,
        "low_elev_frac_pct": 16.0,
        "median_elev_m": 7.5,
        "wetland_water_pct": 4.0,
        "vegetation_pct": 0.0,
        "impervious_pct": 92.0,
        "pixel_count": 25,
        "scenes_used": 40,
        "sources": [
          "sentinel-1-grd (Planetary Computer)",
          "cop-dem-glo-30",
          "esa-worldcover 2021"
        ],
        "computed_at": "2026-08-22T21:22:08.036850+00:00",
        "s2_scenes_used": 40,
        "s2_dry_season_water_occ_pct": 0.0,
        "s2_comparison_label": "agree",
        "s2_comparison_caveat": "Sentinel-2 sample is cloud-filtered (<20% cover), which excludes ~93% of rainy-season scenes (0 of 40 sampled scenes were from June/July). This field is a DRY-SEASON optical baseline, not a flood-season cross-check -- SAR-S2 spatial correlation was ~0 (r=-0.07) because the two sensors sample different seasonal populations, not because either is wrong. Do not read this as a validated QA agreement signal."
      },
      "geometry": {
        "type": "Polygon",
        "coordinates": [
          [
            [
              -0.24655673696388286,
              5.523791613504678
            ],
            [
              -0.24655673696388286,
              5.528296118009183
            ],
            [
              -0.2510612414683874,
              5.528296118009183
            ],
            [
              -0.2510612414683874,
              5.523791613504678
            ],
            [
              -0.24655673696388286,
              5.523791613504678
            ]
          ]
        ]
      }
    },
    {
      "type": "Feature",
      "properties": {
        "zone_id": "grid_r1_c8",
        "assembly": "Ablekuma West Municipal",
        "boundary_overlap_frac": 0.795,
        "score": 28.2,
        "level": "Moderate",
        "water_occ_pct": 3.9,
        "low_elev_frac_pct": 32.0,
        "median_elev_m": 10.8,
        "wetland_water_pct": 20.0,
        "vegetation_pct": 0.0,
        "impervious_pct": 76.0,
        "pixel_count": 25,
        "scenes_used": 40,
        "sources": [
          "sentinel-1-grd (Planetary Computer)",
          "cop-dem-glo-30",
          "esa-worldcover 2021"
        ],
        "computed_at": "2026-08-22T21:22:08.038188+00:00",
        "s2_scenes_used": 40,
        "s2_dry_season_water_occ_pct": 1.55,
        "s2_comparison_label": "agree",
        "s2_comparison_caveat": "Sentinel-2 sample is cloud-filtered (<20% cover), which excludes ~93% of rainy-season scenes (0 of 40 sampled scenes were from June/July). This field is a DRY-SEASON optical baseline, not a flood-season cross-check -- SAR-S2 spatial correlation was ~0 (r=-0.07) because the two sensors sample different seasonal populations, not because either is wrong. Do not read this as a validated QA agreement signal."
      },
      "geometry": {
        "type": "Polygon",
        "coordinates": [
          [
            [
              -0.24205223245937835,
              5.523791613504678
            ],
            [
              -0.24205223245937835,
              5.528296118009183
            ],
            [
              -0.24655673696388286,
              5.528296118009183
            ],
            [
              -0.24655673696388286,
              5.523791613504678
            ],
            [
              -0.24205223245937835,
              5.523791613504678
            ]
          ]
        ]
      }
    },
    {
      "type": "Feature",
      "properties": {
        "zone_id": "grid_r1_c9",
        "assembly": "Ablekuma West Municipal",
        "boundary_overlap_frac": 0.609,
        "score": 27.7,
        "level": "Moderate",
        "water_occ_pct": 0.7,
        "low_elev_frac_pct": 44.0,
        "median_elev_m": 6.1,
        "wetland_water_pct": 40.0,
        "vegetation_pct": 0.0,
        "impervious_pct": 60.0,
        "pixel_count": 25,
        "scenes_used": 40,
        "sources": [
          "sentinel-1-grd (Planetary Computer)",
          "cop-dem-glo-30",
          "esa-worldcover 2021"
        ],
        "computed_at": "2026-08-22T21:22:08.039502+00:00",
        "s2_scenes_used": 40,
        "s2_dry_season_water_occ_pct": 7.65,
        "s2_comparison_label": "minor_disagreement",
        "s2_comparison_caveat": "Sentinel-2 sample is cloud-filtered (<20% cover), which excludes ~93% of rainy-season scenes (0 of 40 sampled scenes were from June/July). This field is a DRY-SEASON optical baseline, not a flood-season cross-check -- SAR-S2 spatial correlation was ~0 (r=-0.07) because the two sensors sample different seasonal populations, not because either is wrong. Do not read this as a validated QA agreement signal."
      },
      "geometry": {
        "type": "Polygon",
        "coordinates": [
          [
            [
              -0.23754772795487383,
              5.523791613504678
            ],
            [
              -0.23754772795487383,
              5.528296118009183
            ],
            [
              -0.24205223245937835,
              5.528296118009183
            ],
            [
              -0.24205223245937835,
              5.523791613504678
            ],
            [
              -0.23754772795487383,
              5.523791613504678
            ]
          ]
        ]
      }
    },
    {
      "type": "Feature",
      "properties": {
        "zone_id": "grid_r1_c10",
        "assembly": "Ablekuma West Municipal",
        "boundary_overlap_frac": 0.427,
        "score": 31.6,
        "level": "Moderate",
        "water_occ_pct": 2.7,
        "low_elev_frac_pct": 64.0,
        "median_elev_m": 1.1,
        "wetland_water_pct": 60.0,
        "vegetation_pct": 0.0,
        "impervious_pct": 40.0,
        "pixel_count": 25,
        "scenes_used": 40,
        "sources": [
          "sentinel-1-grd (Planetary Computer)",
          "cop-dem-glo-30",
          "esa-worldcover 2021"
        ],
        "computed_at": "2026-08-22T21:22:08.040814+00:00",
        "s2_scenes_used": 40,
        "s2_dry_season_water_occ_pct": 12.31,
        "s2_comparison_label": "minor_disagreement",
        "s2_comparison_caveat": "Sentinel-2 sample is cloud-filtered (<20% cover), which excludes ~93% of rainy-season scenes (0 of 40 sampled scenes were from June/July). This field is a DRY-SEASON optical baseline, not a flood-season cross-check -- SAR-S2 spatial correlation was ~0 (r=-0.07) because the two sensors sample different seasonal populations, not because either is wrong. Do not read this as a validated QA agreement signal."
      },
      "geometry": {
        "type": "Polygon",
        "coordinates": [
          [
            [
              -0.23304322345036932,
              5.523791613504678
            ],
            [
              -0.23304322345036932,
              5.528296118009183
            ],
            [
              -0.23754772795487383,
              5.528296118009183
            ],
            [
              -0.23754772795487383,
              5.523791613504678
            ],
            [
              -0.23304322345036932,
              5.523791613504678
            ]
          ]
        ]
      }
    },
    {
      "type": "Feature",
      "properties": {
        "zone_id": "grid_r1_c11",
        "assembly": "Ablekuma West Municipal",
        "boundary_overlap_frac": 0.154,
        "score": 35.7,
        "level": "Moderate",
        "water_occ_pct": 4.3,
        "low_elev_frac_pct": 92.0,
        "median_elev_m": 0.0,
        "wetland_water_pct": 88.0,
        "vegetation_pct": 0.0,
        "impervious_pct": 8.0,
        "pixel_count": 25,
        "scenes_used": 40,
        "sources": [
          "sentinel-1-grd (Planetary Computer)",
          "cop-dem-glo-30",
          "esa-worldcover 2021"
        ],
        "computed_at": "2026-08-22T21:22:08.042126+00:00",
        "s2_scenes_used": 40,
        "s2_dry_season_water_occ_pct": 19.24,
        "s2_comparison_label": "minor_disagreement",
        "s2_comparison_caveat": "Sentinel-2 sample is cloud-filtered (<20% cover), which excludes ~93% of rainy-season scenes (0 of 40 sampled scenes were from June/July). This field is a DRY-SEASON optical baseline, not a flood-season cross-check -- SAR-S2 spatial correlation was ~0 (r=-0.07) because the two sensors sample different seasonal populations, not because either is wrong. Do not read this as a validated QA agreement signal."
      },
      "geometry": {
        "type": "Polygon",
        "coordinates": [
          [
            [
              -0.2285387189458648,
              5.523791613504678
            ],
            [
              -0.2285387189458648,
              5.528296118009183
            ],
            [
              -0.23304322345036932,
              5.528296118009183
            ],
            [
              -0.23304322345036932,
              5.523791613504678
            ],
            [
              -0.2285387189458648,
              5.523791613504678
            ]
          ]
        ]
      }
    },
    {
      "type": "Feature",
      "properties": {
        "zone_id": "grid_r2_c1",
        "assembly": "Ablekuma West Municipal",
        "boundary_overlap_frac": 0.784,
        "score": 54.1,
        "level": "High",
        "water_occ_pct": 14.0,
        "low_elev_frac_pct": 100.0,
        "median_elev_m": 2.8,
        "wetland_water_pct": 12.0,
        "vegetation_pct": 24.0,
        "impervious_pct": 64.0,
        "pixel_count": 25,
        "scenes_used": 40,
        "sources": [
          "sentinel-1-grd (Planetary Computer)",
          "cop-dem-glo-30",
          "esa-worldcover 2021"
        ],
        "computed_at": "2026-08-22T21:22:08.043417+00:00",
        "s2_scenes_used": 40,
        "s2_dry_season_water_occ_pct": 18.06,
        "s2_comparison_label": "agree",
        "s2_comparison_caveat": "Sentinel-2 sample is cloud-filtered (<20% cover), which excludes ~93% of rainy-season scenes (0 of 40 sampled scenes were from June/July). This field is a DRY-SEASON optical baseline, not a flood-season cross-check -- SAR-S2 spatial correlation was ~0 (r=-0.07) because the two sensors sample different seasonal populations, not because either is wrong. Do not read this as a validated QA agreement signal."
      },
      "geometry": {
        "type": "Polygon",
        "coordinates": [
          [
            [
              -0.27358376399090995,
              5.528296118009183
            ],
            [
              -0.27358376399090995,
              5.532800622513688
            ],
            [
              -0.27808826849541446,
              5.532800622513688
            ],
            [
              -0.27808826849541446,
              5.528296118009183
            ],
            [
              -0.27358376399090995,
              5.528296118009183
            ]
          ]
        ]
      }
    },
    {
      "type": "Feature",
      "properties": {
        "zone_id": "grid_r2_c2",
        "assembly": "Ablekuma West Municipal",
        "boundary_overlap_frac": 1.0,
        "score": 33.8,
        "level": "Moderate",
        "water_occ_pct": 35.6,
        "low_elev_frac_pct": 12.0,
        "median_elev_m": 9.2,
        "wetland_water_pct": 0.0,
        "vegetation_pct": 32.0,
        "impervious_pct": 68.0,
        "pixel_count": 25,
        "scenes_used": 40,
        "sources": [
          "sentinel-1-grd (Planetary Computer)",
          "cop-dem-glo-30",
          "esa-worldcover 2021"
        ],
        "computed_at": "2026-08-22T21:22:08.044724+00:00",
        "s2_scenes_used": 40,
        "s2_dry_season_water_occ_pct": 0.8,
        "s2_comparison_label": "major_disagreement",
        "s2_comparison_caveat": "Sentinel-2 sample is cloud-filtered (<20% cover), which excludes ~93% of rainy-season scenes (0 of 40 sampled scenes were from June/July). This field is a DRY-SEASON optical baseline, not a flood-season cross-check -- SAR-S2 spatial correlation was ~0 (r=-0.07) because the two sensors sample different seasonal populations, not because either is wrong. Do not read this as a validated QA agreement signal."
      },
      "geometry": {
        "type": "Polygon",
        "coordinates": [
          [
            [
              -0.26907925948640543,
              5.528296118009183
            ],
            [
              -0.26907925948640543,
              5.532800622513688
            ],
            [
              -0.27358376399090995,
              5.532800622513688
            ],
            [
              -0.27358376399090995,
              5.528296118009183
            ],
            [
              -0.26907925948640543,
              5.528296118009183
            ]
          ]
        ]
      }
    },
    {
      "type": "Feature",
      "properties": {
        "zone_id": "grid_r2_c3",
        "assembly": "Ablekuma West Municipal",
        "boundary_overlap_frac": 1.0,
        "score": 27.3,
        "level": "Moderate",
        "water_occ_pct": 18.1,
        "low_elev_frac_pct": 0.0,
        "median_elev_m": 17.1,
        "wetland_water_pct": 0.0,
        "vegetation_pct": 4.0,
        "impervious_pct": 96.0,
        "pixel_count": 25,
        "scenes_used": 40,
        "sources": [
          "sentinel-1-grd (Planetary Computer)",
          "cop-dem-glo-30",
          "esa-worldcover 2021"
        ],
        "computed_at": "2026-08-22T21:22:08.045996+00:00",
        "s2_scenes_used": 40,
        "s2_dry_season_water_occ_pct": 0.0,
        "s2_comparison_label": "major_disagreement",
        "s2_comparison_caveat": "Sentinel-2 sample is cloud-filtered (<20% cover), which excludes ~93% of rainy-season scenes (0 of 40 sampled scenes were from June/July). This field is a DRY-SEASON optical baseline, not a flood-season cross-check -- SAR-S2 spatial correlation was ~0 (r=-0.07) because the two sensors sample different seasonal populations, not because either is wrong. Do not read this as a validated QA agreement signal."
      },
      "geometry": {
        "type": "Polygon",
        "coordinates": [
          [
            [
              -0.2645747549819009,
              5.528296118009183
            ],
            [
              -0.2645747549819009,
              5.532800622513688
            ],
            [
              -0.26907925948640543,
              5.532800622513688
            ],
            [
              -0.26907925948640543,
              5.528296118009183
            ],
            [
              -0.2645747549819009,
              5.528296118009183
            ]
          ]
        ]
      }
    },
    {
      "type": "Feature",
      "properties": {
        "zone_id": "grid_r2_c4",
        "assembly": "Ablekuma West Municipal",
        "boundary_overlap_frac": 1.0,
        "score": 22.8,
        "level": "Low",
        "water_occ_pct": 7.9,
        "low_elev_frac_pct": 0.0,
        "median_elev_m": 18.7,
        "wetland_water_pct": 0.0,
        "vegetation_pct": 4.0,
        "impervious_pct": 96.0,
        "pixel_count": 25,
        "scenes_used": 40,
        "sources": [
          "sentinel-1-grd (Planetary Computer)",
          "cop-dem-glo-30",
          "esa-worldcover 2021"
        ],
        "computed_at": "2026-08-22T21:22:08.047044+00:00",
        "s2_scenes_used": 40,
        "s2_dry_season_water_occ_pct": 0.0,
        "s2_comparison_label": "minor_disagreement",
        "s2_comparison_caveat": "Sentinel-2 sample is cloud-filtered (<20% cover), which excludes ~93% of rainy-season scenes (0 of 40 sampled scenes were from June/July). This field is a DRY-SEASON optical baseline, not a flood-season cross-check -- SAR-S2 spatial correlation was ~0 (r=-0.07) because the two sensors sample different seasonal populations, not because either is wrong. Do not read this as a validated QA agreement signal."
      },
      "geometry": {
        "type": "Polygon",
        "coordinates": [
          [
            [
              -0.2600702504773964,
              5.528296118009183
            ],
            [
              -0.2600702504773964,
              5.532800622513688
            ],
            [
              -0.2645747549819009,
              5.532800622513688
            ],
            [
              -0.2645747549819009,
              5.528296118009183
            ],
            [
              -0.2600702504773964,
              5.528296118009183
            ]
          ]
        ]
      }
    },
    {
      "type": "Feature",
      "properties": {
        "zone_id": "grid_r2_c5",
        "assembly": "Ablekuma West Municipal",
        "boundary_overlap_frac": 1.0,
        "score": 21.0,
        "level": "Low",
        "water_occ_pct": 2.2,
        "low_elev_frac_pct": 0.0,
        "median_elev_m": 12.7,
        "wetland_water_pct": 0.0,
        "vegetation_pct": 0.0,
        "impervious_pct": 100.0,
        "pixel_count": 25,
        "scenes_used": 40,
        "sources": [
          "sentinel-1-grd (Planetary Computer)",
          "cop-dem-glo-30",
          "esa-worldcover 2021"
        ],
        "computed_at": "2026-08-22T21:22:08.047948+00:00",
        "s2_scenes_used": 40,
        "s2_dry_season_water_occ_pct": 0.0,
        "s2_comparison_label": "agree",
        "s2_comparison_caveat": "Sentinel-2 sample is cloud-filtered (<20% cover), which excludes ~93% of rainy-season scenes (0 of 40 sampled scenes were from June/July). This field is a DRY-SEASON optical baseline, not a flood-season cross-check -- SAR-S2 spatial correlation was ~0 (r=-0.07) because the two sensors sample different seasonal populations, not because either is wrong. Do not read this as a validated QA agreement signal."
      },
      "geometry": {
        "type": "Polygon",
        "coordinates": [
          [
            [
              -0.2555657459728919,
              5.528296118009183
            ],
            [
              -0.2555657459728919,
              5.532800622513688
            ],
            [
              -0.2600702504773964,
              5.532800622513688
            ],
            [
              -0.2600702504773964,
              5.528296118009183
            ],
            [
              -0.2555657459728919,
              5.528296118009183
            ]
          ]
        ]
      }
    },
    {
      "type": "Feature",
      "properties": {
        "zone_id": "grid_r2_c6",
        "assembly": "Ablekuma West Municipal",
        "boundary_overlap_frac": 1.0,
        "score": 31.5,
        "level": "Moderate",
        "water_occ_pct": 8.7,
        "low_elev_frac_pct": 24.0,
        "median_elev_m": 6.5,
        "wetland_water_pct": 0.0,
        "vegetation_pct": 0.0,
        "impervious_pct": 96.0,
        "pixel_count": 25,
        "scenes_used": 40,
        "sources": [
          "sentinel-1-grd (Planetary Computer)",
          "cop-dem-glo-30",
          "esa-worldcover 2021"
        ],
        "computed_at": "2026-08-22T21:22:08.048851+00:00",
        "s2_scenes_used": 40,
        "s2_dry_season_water_occ_pct": 0.0,
        "s2_comparison_label": "minor_disagreement",
        "s2_comparison_caveat": "Sentinel-2 sample is cloud-filtered (<20% cover), which excludes ~93% of rainy-season scenes (0 of 40 sampled scenes were from June/July). This field is a DRY-SEASON optical baseline, not a flood-season cross-check -- SAR-S2 spatial correlation was ~0 (r=-0.07) because the two sensors sample different seasonal populations, not because either is wrong. Do not read this as a validated QA agreement signal."
      },
      "geometry": {
        "type": "Polygon",
        "coordinates": [
          [
            [
              -0.2510612414683874,
              5.528296118009183
            ],
            [
              -0.2510612414683874,
              5.532800622513688
            ],
            [
              -0.2555657459728919,
              5.532800622513688
            ],
            [
              -0.2555657459728919,
              5.528296118009183
            ],
            [
              -0.2510612414683874,
              5.528296118009183
            ]
          ]
        ]
      }
    },
    {
      "type": "Feature",
      "properties": {
        "zone_id": "grid_r2_c7",
        "assembly": "Ablekuma West Municipal",
        "boundary_overlap_frac": 1.0,
        "score": 27.1,
        "level": "Moderate",
        "water_occ_pct": 9.6,
        "low_elev_frac_pct": 8.0,
        "median_elev_m": 10.2,
        "wetland_water_pct": 0.0,
        "vegetation_pct": 0.0,
        "impervious_pct": 100.0,
        "pixel_count": 25,
        "scenes_used": 40,
        "sources": [
          "sentinel-1-grd (Planetary Computer)",
          "cop-dem-glo-30",
          "esa-worldcover 2021"
        ],
        "computed_at": "2026-08-22T21:22:08.049704+00:00",
        "s2_scenes_used": 40,
        "s2_dry_season_water_occ_pct": 0.0,
        "s2_comparison_label": "minor_disagreement",
        "s2_comparison_caveat": "Sentinel-2 sample is cloud-filtered (<20% cover), which excludes ~93% of rainy-season scenes (0 of 40 sampled scenes were from June/July). This field is a DRY-SEASON optical baseline, not a flood-season cross-check -- SAR-S2 spatial correlation was ~0 (r=-0.07) because the two sensors sample different seasonal populations, not because either is wrong. Do not read this as a validated QA agreement signal."
      },
      "geometry": {
        "type": "Polygon",
        "coordinates": [
          [
            [
              -0.24655673696388286,
              5.528296118009183
            ],
            [
              -0.24655673696388286,
              5.532800622513688
            ],
            [
              -0.2510612414683874,
              5.532800622513688
            ],
            [
              -0.2510612414683874,
              5.528296118009183
            ],
            [
              -0.24655673696388286,
              5.528296118009183
            ]
          ]
        ]
      }
    },
    {
      "type": "Feature",
      "properties": {
        "zone_id": "grid_r2_c8",
        "assembly": "Ablekuma West Municipal",
        "boundary_overlap_frac": 1.0,
        "score": 22.7,
        "level": "Low",
        "water_occ_pct": 5.9,
        "low_elev_frac_pct": 0.0,
        "median_elev_m": 15.0,
        "wetland_water_pct": 0.0,
        "vegetation_pct": 0.0,
        "impervious_pct": 100.0,
        "pixel_count": 25,
        "scenes_used": 40,
        "sources": [
          "sentinel-1-grd (Planetary Computer)",
          "cop-dem-glo-30",
          "esa-worldcover 2021"
        ],
        "computed_at": "2026-08-22T21:22:08.050588+00:00",
        "s2_scenes_used": 40,
        "s2_dry_season_water_occ_pct": 0.0,
        "s2_comparison_label": "minor_disagreement",
        "s2_comparison_caveat": "Sentinel-2 sample is cloud-filtered (<20% cover), which excludes ~93% of rainy-season scenes (0 of 40 sampled scenes were from June/July). This field is a DRY-SEASON optical baseline, not a flood-season cross-check -- SAR-S2 spatial correlation was ~0 (r=-0.07) because the two sensors sample different seasonal populations, not because either is wrong. Do not read this as a validated QA agreement signal."
      },
      "geometry": {
        "type": "Polygon",
        "coordinates": [
          [
            [
              -0.24205223245937835,
              5.528296118009183
            ],
            [
              -0.24205223245937835,
              5.532800622513688
            ],
            [
              -0.24655673696388286,
              5.532800622513688
            ],
            [
              -0.24655673696388286,
              5.528296118009183
            ],
            [
              -0.24205223245937835,
              5.528296118009183
            ]
          ]
        ]
      }
    },
    {
      "type": "Feature",
      "properties": {
        "zone_id": "grid_r2_c9",
        "assembly": "Ablekuma West Municipal",
        "boundary_overlap_frac": 1.0,
        "score": 23.4,
        "level": "Low",
        "water_occ_pct": 7.5,
        "low_elev_frac_pct": 0.0,
        "median_elev_m": 17.9,
        "wetland_water_pct": 0.0,
        "vegetation_pct": 0.0,
        "impervious_pct": 100.0,
        "pixel_count": 25,
        "scenes_used": 40,
        "sources": [
          "sentinel-1-grd (Planetary Computer)",
          "cop-dem-glo-30",
          "esa-worldcover 2021"
        ],
        "computed_at": "2026-08-22T21:22:08.051502+00:00",
        "s2_scenes_used": 40,
        "s2_dry_season_water_occ_pct": 0.0,
        "s2_comparison_label": "minor_disagreement",
        "s2_comparison_caveat": "Sentinel-2 sample is cloud-filtered (<20% cover), which excludes ~93% of rainy-season scenes (0 of 40 sampled scenes were from June/July). This field is a DRY-SEASON optical baseline, not a flood-season cross-check -- SAR-S2 spatial correlation was ~0 (r=-0.07) because the two sensors sample different seasonal populations, not because either is wrong. Do not read this as a validated QA agreement signal."
      },
      "geometry": {
        "type": "Polygon",
        "coordinates": [
          [
            [
              -0.23754772795487383,
              5.528296118009183
            ],
            [
              -0.23754772795487383,
              5.532800622513688
            ],
            [
              -0.24205223245937835,
              5.532800622513688
            ],
            [
              -0.24205223245937835,
              5.528296118009183
            ],
            [
              -0.23754772795487383,
              5.528296118009183
            ]
          ]
        ]
      }
    },
    {
      "type": "Feature",
      "properties": {
        "zone_id": "grid_r2_c10",
        "assembly": "Ablekuma West Municipal",
        "boundary_overlap_frac": 1.0,
        "score": 21.0,
        "level": "Low",
        "water_occ_pct": 2.2,
        "low_elev_frac_pct": 0.0,
        "median_elev_m": 17.4,
        "wetland_water_pct": 0.0,
        "vegetation_pct": 0.0,
        "impervious_pct": 100.0,
        "pixel_count": 25,
        "scenes_used": 40,
        "sources": [
          "sentinel-1-grd (Planetary Computer)",
          "cop-dem-glo-30",
          "esa-worldcover 2021"
        ],
        "computed_at": "2026-08-22T21:22:08.052357+00:00",
        "s2_scenes_used": 40,
        "s2_dry_season_water_occ_pct": 0.0,
        "s2_comparison_label": "agree",
        "s2_comparison_caveat": "Sentinel-2 sample is cloud-filtered (<20% cover), which excludes ~93% of rainy-season scenes (0 of 40 sampled scenes were from June/July). This field is a DRY-SEASON optical baseline, not a flood-season cross-check -- SAR-S2 spatial correlation was ~0 (r=-0.07) because the two sensors sample different seasonal populations, not because either is wrong. Do not read this as a validated QA agreement signal."
      },
      "geometry": {
        "type": "Polygon",
        "coordinates": [
          [
            [
              -0.23304322345036932,
              5.528296118009183
            ],
            [
              -0.23304322345036932,
              5.532800622513688
            ],
            [
              -0.23754772795487383,
              5.532800622513688
            ],
            [
              -0.23754772795487383,
              5.528296118009183
            ],
            [
              -0.23304322345036932,
              5.528296118009183
            ]
          ]
        ]
      }
    },
    {
      "type": "Feature",
      "properties": {
        "zone_id": "grid_r2_c11",
        "assembly": "Ablekuma West Municipal",
        "boundary_overlap_frac": 1.0,
        "score": 20.5,
        "level": "Low",
        "water_occ_pct": 1.1,
        "low_elev_frac_pct": 0.0,
        "median_elev_m": 14.6,
        "wetland_water_pct": 0.0,
        "vegetation_pct": 0.0,
        "impervious_pct": 100.0,
        "pixel_count": 25,
        "scenes_used": 40,
        "sources": [
          "sentinel-1-grd (Planetary Computer)",
          "cop-dem-glo-30",
          "esa-worldcover 2021"
        ],
        "computed_at": "2026-08-22T21:22:08.053214+00:00",
        "s2_scenes_used": 40,
        "s2_dry_season_water_occ_pct": 0.0,
        "s2_comparison_label": "agree",
        "s2_comparison_caveat": "Sentinel-2 sample is cloud-filtered (<20% cover), which excludes ~93% of rainy-season scenes (0 of 40 sampled scenes were from June/July). This field is a DRY-SEASON optical baseline, not a flood-season cross-check -- SAR-S2 spatial correlation was ~0 (r=-0.07) because the two sensors sample different seasonal populations, not because either is wrong. Do not read this as a validated QA agreement signal."
      },
      "geometry": {
        "type": "Polygon",
        "coordinates": [
          [
            [
              -0.2285387189458648,
              5.528296118009183
            ],
            [
              -0.2285387189458648,
              5.532800622513688
            ],
            [
              -0.23304322345036932,
              5.532800622513688
            ],
            [
              -0.23304322345036932,
              5.528296118009183
            ],
            [
              -0.2285387189458648,
              5.528296118009183
            ]
          ]
        ]
      }
    },
    {
      "type": "Feature",
      "properties": {
        "zone_id": "grid_r2_c12",
        "assembly": "Ablekuma West Municipal",
        "boundary_overlap_frac": 0.848,
        "score": 24.7,
        "level": "Low",
        "water_occ_pct": 3.3,
        "low_elev_frac_pct": 16.0,
        "median_elev_m": 11.4,
        "wetland_water_pct": 8.0,
        "vegetation_pct": 0.0,
        "impervious_pct": 88.0,
        "pixel_count": 25,
        "scenes_used": 40,
        "sources": [
          "sentinel-1-grd (Planetary Computer)",
          "cop-dem-glo-30",
          "esa-worldcover 2021"
        ],
        "computed_at": "2026-08-22T21:22:08.054095+00:00",
        "s2_scenes_used": 40,
        "s2_dry_season_water_occ_pct": 0.0,
        "s2_comparison_label": "agree",
        "s2_comparison_caveat": "Sentinel-2 sample is cloud-filtered (<20% cover), which excludes ~93% of rainy-season scenes (0 of 40 sampled scenes were from June/July). This field is a DRY-SEASON optical baseline, not a flood-season cross-check -- SAR-S2 spatial correlation was ~0 (r=-0.07) because the two sensors sample different seasonal populations, not because either is wrong. Do not read this as a validated QA agreement signal."
      },
      "geometry": {
        "type": "Polygon",
        "coordinates": [
          [
            [
              -0.2240342144413603,
              5.528296118009183
            ],
            [
              -0.2240342144413603,
              5.532800622513688
            ],
            [
              -0.2285387189458648,
              5.532800622513688
            ],
            [
              -0.2285387189458648,
              5.528296118009183
            ],
            [
              -0.2240342144413603,
              5.528296118009183
            ]
          ]
        ]
      }
    },
    {
      "type": "Feature",
      "properties": {
        "zone_id": "grid_r2_c13",
        "assembly": "Ablekuma West Municipal",
        "boundary_overlap_frac": 0.578,
        "score": 34.8,
        "level": "Moderate",
        "water_occ_pct": 3.9,
        "low_elev_frac_pct": 76.0,
        "median_elev_m": 2.6,
        "wetland_water_pct": 44.0,
        "vegetation_pct": 12.0,
        "impervious_pct": 32.0,
        "pixel_count": 25,
        "scenes_used": 40,
        "sources": [
          "sentinel-1-grd (Planetary Computer)",
          "cop-dem-glo-30",
          "esa-worldcover 2021"
        ],
        "computed_at": "2026-08-22T21:22:08.054975+00:00",
        "s2_scenes_used": 40,
        "s2_dry_season_water_occ_pct": 4.26,
        "s2_comparison_label": "agree",
        "s2_comparison_caveat": "Sentinel-2 sample is cloud-filtered (<20% cover), which excludes ~93% of rainy-season scenes (0 of 40 sampled scenes were from June/July). This field is a DRY-SEASON optical baseline, not a flood-season cross-check -- SAR-S2 spatial correlation was ~0 (r=-0.07) because the two sensors sample different seasonal populations, not because either is wrong. Do not read this as a validated QA agreement signal."
      },
      "geometry": {
        "type": "Polygon",
        "coordinates": [
          [
            [
              -0.21952970993685578,
              5.528296118009183
            ],
            [
              -0.21952970993685578,
              5.532800622513688
            ],
            [
              -0.2240342144413603,
              5.532800622513688
            ],
            [
              -0.2240342144413603,
              5.528296118009183
            ],
            [
              -0.21952970993685578,
              5.528296118009183
            ]
          ]
        ]
      }
    },
    {
      "type": "Feature",
      "properties": {
        "zone_id": "grid_r2_c14",
        "assembly": "Accra Metropolis",
        "boundary_overlap_frac": 0.337,
        "score": 43.0,
        "level": "Moderate",
        "water_occ_pct": 10.3,
        "low_elev_frac_pct": 96.0,
        "median_elev_m": 0.3,
        "wetland_water_pct": 64.0,
        "vegetation_pct": 4.0,
        "impervious_pct": 24.0,
        "pixel_count": 25,
        "scenes_used": 40,
        "sources": [
          "sentinel-1-grd (Planetary Computer)",
          "cop-dem-glo-30",
          "esa-worldcover 2021"
        ],
        "computed_at": "2026-08-22T21:22:08.055825+00:00",
        "s2_scenes_used": 40,
        "s2_dry_season_water_occ_pct": 4.33,
        "s2_comparison_label": "minor_disagreement",
        "s2_comparison_caveat": "Sentinel-2 sample is cloud-filtered (<20% cover), which excludes ~93% of rainy-season scenes (0 of 40 sampled scenes were from June/July). This field is a DRY-SEASON optical baseline, not a flood-season cross-check -- SAR-S2 spatial correlation was ~0 (r=-0.07) because the two sensors sample different seasonal populations, not because either is wrong. Do not read this as a validated QA agreement signal."
      },
      "geometry": {
        "type": "Polygon",
        "coordinates": [
          [
            [
              -0.21502520543235126,
              5.528296118009183
            ],
            [
              -0.21502520543235126,
              5.532800622513688
            ],
            [
              -0.21952970993685578,
              5.532800622513688
            ],
            [
              -0.21952970993685578,
              5.528296118009183
            ],
            [
              -0.21502520543235126,
              5.528296118009183
            ]
          ]
        ]
      }
    },
    {
      "type": "Feature",
      "properties": {
        "zone_id": "grid_r3_c2",
        "assembly": "Ablekuma West Municipal",
        "boundary_overlap_frac": 0.967,
        "score": 33.5,
        "level": "Moderate",
        "water_occ_pct": 16.2,
        "low_elev_frac_pct": 20.0,
        "median_elev_m": 9.3,
        "wetland_water_pct": 0.0,
        "vegetation_pct": 4.0,
        "impervious_pct": 96.0,
        "pixel_count": 25,
        "scenes_used": 40,
        "sources": [
          "sentinel-1-grd (Planetary Computer)",
          "cop-dem-glo-30",
          "esa-worldcover 2021"
        ],
        "computed_at": "2026-08-22T21:22:08.056657+00:00",
        "s2_scenes_used": 40,
        "s2_dry_season_water_occ_pct": 18.13,
        "s2_comparison_label": "agree",
        "s2_comparison_caveat": "Sentinel-2 sample is cloud-filtered (<20% cover), which excludes ~93% of rainy-season scenes (0 of 40 sampled scenes were from June/July). This field is a DRY-SEASON optical baseline, not a flood-season cross-check -- SAR-S2 spatial correlation was ~0 (r=-0.07) because the two sensors sample different seasonal populations, not because either is wrong. Do not read this as a validated QA agreement signal."
      },
      "geometry": {
        "type": "Polygon",
        "coordinates": [
          [
            [
              -0.26907925948640543,
              5.532800622513688
            ],
            [
              -0.26907925948640543,
              5.537305127018192
            ],
            [
              -0.27358376399090995,
              5.537305127018192
            ],
            [
              -0.27358376399090995,
              5.532800622513688
            ],
            [
              -0.26907925948640543,
              5.532800622513688
            ]
          ]
        ]
      }
    },
    {
      "type": "Feature",
      "properties": {
        "zone_id": "grid_r3_c3",
        "assembly": "Ablekuma West Municipal",
        "boundary_overlap_frac": 1.0,
        "score": 24.7,
        "level": "Low",
        "water_occ_pct": 10.5,
        "low_elev_frac_pct": 0.0,
        "median_elev_m": 21.2,
        "wetland_water_pct": 0.0,
        "vegetation_pct": 0.0,
        "impervious_pct": 100.0,
        "pixel_count": 25,
        "scenes_used": 40,
        "sources": [
          "sentinel-1-grd (Planetary Computer)",
          "cop-dem-glo-30",
          "esa-worldcover 2021"
        ],
        "computed_at": "2026-08-22T21:22:08.057556+00:00",
        "s2_scenes_used": 40,
        "s2_dry_season_water_occ_pct": 3.08,
        "s2_comparison_label": "minor_disagreement",
        "s2_comparison_caveat": "Sentinel-2 sample is cloud-filtered (<20% cover), which excludes ~93% of rainy-season scenes (0 of 40 sampled scenes were from June/July). This field is a DRY-SEASON optical baseline, not a flood-season cross-check -- SAR-S2 spatial correlation was ~0 (r=-0.07) because the two sensors sample different seasonal populations, not because either is wrong. Do not read this as a validated QA agreement signal."
      },
      "geometry": {
        "type": "Polygon",
        "coordinates": [
          [
            [
              -0.2645747549819009,
              5.532800622513688
            ],
            [
              -0.2645747549819009,
              5.537305127018192
            ],
            [
              -0.26907925948640543,
              5.537305127018192
            ],
            [
              -0.26907925948640543,
              5.532800622513688
            ],
            [
              -0.2645747549819009,
              5.532800622513688
            ]
          ]
        ]
      }
    },
    {
      "type": "Feature",
      "properties": {
        "zone_id": "grid_r3_c4",
        "assembly": "Ablekuma West Municipal",
        "boundary_overlap_frac": 1.0,
        "score": 21.7,
        "level": "Low",
        "water_occ_pct": 3.8,
        "low_elev_frac_pct": 0.0,
        "median_elev_m": 20.9,
        "wetland_water_pct": 0.0,
        "vegetation_pct": 0.0,
        "impervious_pct": 100.0,
        "pixel_count": 25,
        "scenes_used": 40,
        "sources": [
          "sentinel-1-grd (Planetary Computer)",
          "cop-dem-glo-30",
          "esa-worldcover 2021"
        ],
        "computed_at": "2026-08-22T21:22:08.058536+00:00",
        "s2_scenes_used": 40,
        "s2_dry_season_water_occ_pct": 0.0,
        "s2_comparison_label": "agree",
        "s2_comparison_caveat": "Sentinel-2 sample is cloud-filtered (<20% cover), which excludes ~93% of rainy-season scenes (0 of 40 sampled scenes were from June/July). This field is a DRY-SEASON optical baseline, not a flood-season cross-check -- SAR-S2 spatial correlation was ~0 (r=-0.07) because the two sensors sample different seasonal populations, not because either is wrong. Do not read this as a validated QA agreement signal."
      },
      "geometry": {
        "type": "Polygon",
        "coordinates": [
          [
            [
              -0.2600702504773964,
              5.532800622513688
            ],
            [
              -0.2600702504773964,
              5.537305127018192
            ],
            [
              -0.2645747549819009,
              5.537305127018192
            ],
            [
              -0.2645747549819009,
              5.532800622513688
            ],
            [
              -0.2600702504773964,
              5.532800622513688
            ]
          ]
        ]
      }
    },
    {
      "type": "Feature",
      "properties": {
        "zone_id": "grid_r3_c5",
        "assembly": "Ablekuma West Municipal",
        "boundary_overlap_frac": 1.0,
        "score": 21.0,
        "level": "Low",
        "water_occ_pct": 2.2,
        "low_elev_frac_pct": 0.0,
        "median_elev_m": 13.7,
        "wetland_water_pct": 0.0,
        "vegetation_pct": 0.0,
        "impervious_pct": 100.0,
        "pixel_count": 25,
        "scenes_used": 40,
        "sources": [
          "sentinel-1-grd (Planetary Computer)",
          "cop-dem-glo-30",
          "esa-worldcover 2021"
        ],
        "computed_at": "2026-08-22T21:22:08.059387+00:00",
        "s2_scenes_used": 40,
        "s2_dry_season_water_occ_pct": 0.0,
        "s2_comparison_label": "agree",
        "s2_comparison_caveat": "Sentinel-2 sample is cloud-filtered (<20% cover), which excludes ~93% of rainy-season scenes (0 of 40 sampled scenes were from June/July). This field is a DRY-SEASON optical baseline, not a flood-season cross-check -- SAR-S2 spatial correlation was ~0 (r=-0.07) because the two sensors sample different seasonal populations, not because either is wrong. Do not read this as a validated QA agreement signal."
      },
      "geometry": {
        "type": "Polygon",
        "coordinates": [
          [
            [
              -0.2555657459728919,
              5.532800622513688
            ],
            [
              -0.2555657459728919,
              5.537305127018192
            ],
            [
              -0.2600702504773964,
              5.537305127018192
            ],
            [
              -0.2600702504773964,
              5.532800622513688
            ],
            [
              -0.2555657459728919,
              5.532800622513688
            ]
          ]
        ]
      }
    },
    {
      "type": "Feature",
      "properties": {
        "zone_id": "grid_r3_c6",
        "assembly": "Ablekuma West Municipal",
        "boundary_overlap_frac": 1.0,
        "score": 23.8,
        "level": "Low",
        "water_occ_pct": 8.4,
        "low_elev_frac_pct": 0.0,
        "median_elev_m": 9.9,
        "wetland_water_pct": 0.0,
        "vegetation_pct": 0.0,
        "impervious_pct": 100.0,
        "pixel_count": 25,
        "scenes_used": 40,
        "sources": [
          "sentinel-1-grd (Planetary Computer)",
          "cop-dem-glo-30",
          "esa-worldcover 2021"
        ],
        "computed_at": "2026-08-22T21:22:08.060243+00:00",
        "s2_scenes_used": 40,
        "s2_dry_season_water_occ_pct": 0.0,
        "s2_comparison_label": "minor_disagreement",
        "s2_comparison_caveat": "Sentinel-2 sample is cloud-filtered (<20% cover), which excludes ~93% of rainy-season scenes (0 of 40 sampled scenes were from June/July). This field is a DRY-SEASON optical baseline, not a flood-season cross-check -- SAR-S2 spatial correlation was ~0 (r=-0.07) because the two sensors sample different seasonal populations, not because either is wrong. Do not read this as a validated QA agreement signal."
      },
      "geometry": {
        "type": "Polygon",
        "coordinates": [
          [
            [
              -0.2510612414683874,
              5.532800622513688
            ],
            [
              -0.2510612414683874,
              5.537305127018192
            ],
            [
              -0.2555657459728919,
              5.537305127018192
            ],
            [
              -0.2555657459728919,
              5.532800622513688
            ],
            [
              -0.2510612414683874,
              5.532800622513688
            ]
          ]
        ]
      }
    },
    {
      "type": "Feature",
      "properties": {
        "zone_id": "grid_r3_c7",
        "assembly": "Ablekuma Central Municipal",
        "boundary_overlap_frac": 1.0,
        "score": 22.5,
        "level": "Low",
        "water_occ_pct": 5.6,
        "low_elev_frac_pct": 0.0,
        "median_elev_m": 14.0,
        "wetland_water_pct": 0.0,
        "vegetation_pct": 0.0,
        "impervious_pct": 100.0,
        "pixel_count": 25,
        "scenes_used": 40,
        "sources": [
          "sentinel-1-grd (Planetary Computer)",
          "cop-dem-glo-30",
          "esa-worldcover 2021"
        ],
        "computed_at": "2026-08-22T21:22:08.061126+00:00",
        "s2_scenes_used": 40,
        "s2_dry_season_water_occ_pct": 0.0,
        "s2_comparison_label": "minor_disagreement",
        "s2_comparison_caveat": "Sentinel-2 sample is cloud-filtered (<20% cover), which excludes ~93% of rainy-season scenes (0 of 40 sampled scenes were from June/July). This field is a DRY-SEASON optical baseline, not a flood-season cross-check -- SAR-S2 spatial correlation was ~0 (r=-0.07) because the two sensors sample different seasonal populations, not because either is wrong. Do not read this as a validated QA agreement signal."
      },
      "geometry": {
        "type": "Polygon",
        "coordinates": [
          [
            [
              -0.24655673696388286,
              5.532800622513688
            ],
            [
              -0.24655673696388286,
              5.537305127018192
            ],
            [
              -0.2510612414683874,
              5.537305127018192
            ],
            [
              -0.2510612414683874,
              5.532800622513688
            ],
            [
              -0.24655673696388286,
              5.532800622513688
            ]
          ]
        ]
      }
    },
    {
      "type": "Feature",
      "properties": {
        "zone_id": "grid_r3_c8",
        "assembly": "Ablekuma Central Municipal",
        "boundary_overlap_frac": 1.0,
        "score": 25.2,
        "level": "Moderate",
        "water_occ_pct": 11.5,
        "low_elev_frac_pct": 0.0,
        "median_elev_m": 18.8,
        "wetland_water_pct": 0.0,
        "vegetation_pct": 0.0,
        "impervious_pct": 100.0,
        "pixel_count": 25,
        "scenes_used": 40,
        "sources": [
          "sentinel-1-grd (Planetary Computer)",
          "cop-dem-glo-30",
          "esa-worldcover 2021"
        ],
        "computed_at": "2026-08-22T21:22:08.061978+00:00",
        "s2_scenes_used": 40,
        "s2_dry_season_water_occ_pct": 0.0,
        "s2_comparison_label": "minor_disagreement",
        "s2_comparison_caveat": "Sentinel-2 sample is cloud-filtered (<20% cover), which excludes ~93% of rainy-season scenes (0 of 40 sampled scenes were from June/July). This field is a DRY-SEASON optical baseline, not a flood-season cross-check -- SAR-S2 spatial correlation was ~0 (r=-0.07) because the two sensors sample different seasonal populations, not because either is wrong. Do not read this as a validated QA agreement signal."
      },
      "geometry": {
        "type": "Polygon",
        "coordinates": [
          [
            [
              -0.24205223245937835,
              5.532800622513688
            ],
            [
              -0.24205223245937835,
              5.537305127018192
            ],
            [
              -0.24655673696388286,
              5.537305127018192
            ],
            [
              -0.24655673696388286,
              5.532800622513688
            ],
            [
              -0.24205223245937835,
              5.532800622513688
            ]
          ]
        ]
      }
    },
    {
      "type": "Feature",
      "properties": {
        "zone_id": "grid_r3_c9",
        "assembly": "Ablekuma West Municipal",
        "boundary_overlap_frac": 1.0,
        "score": 29.3,
        "level": "Moderate",
        "water_occ_pct": 22.5,
        "low_elev_frac_pct": 0.0,
        "median_elev_m": 18.9,
        "wetland_water_pct": 0.0,
        "vegetation_pct": 4.0,
        "impervious_pct": 96.0,
        "pixel_count": 25,
        "scenes_used": 40,
        "sources": [
          "sentinel-1-grd (Planetary Computer)",
          "cop-dem-glo-30",
          "esa-worldcover 2021"
        ],
        "computed_at": "2026-08-22T21:22:08.062831+00:00",
        "s2_scenes_used": 40,
        "s2_dry_season_water_occ_pct": 0.0,
        "s2_comparison_label": "major_disagreement",
        "s2_comparison_caveat": "Sentinel-2 sample is cloud-filtered (<20% cover), which excludes ~93% of rainy-season scenes (0 of 40 sampled scenes were from June/July). This field is a DRY-SEASON optical baseline, not a flood-season cross-check -- SAR-S2 spatial correlation was ~0 (r=-0.07) because the two sensors sample different seasonal populations, not because either is wrong. Do not read this as a validated QA agreement signal."
      },
      "geometry": {
        "type": "Polygon",
        "coordinates": [
          [
            [
              -0.23754772795487383,
              5.532800622513688
            ],
            [
              -0.23754772795487383,
              5.537305127018192
            ],
            [
              -0.24205223245937835,
              5.537305127018192
            ],
            [
              -0.24205223245937835,
              5.532800622513688
            ],
            [
              -0.23754772795487383,
              5.532800622513688
            ]
          ]
        ]
      }
    },
    {
      "type": "Feature",
      "properties": {
        "zone_id": "grid_r3_c10",
        "assembly": "Ablekuma West Municipal",
        "boundary_overlap_frac": 1.0,
        "score": 22.9,
        "level": "Low",
        "water_occ_pct": 10.1,
        "low_elev_frac_pct": 0.0,
        "median_elev_m": 17.0,
        "wetland_water_pct": 0.0,
        "vegetation_pct": 4.0,
        "impervious_pct": 92.0,
        "pixel_count": 25,
        "scenes_used": 40,
        "sources": [
          "sentinel-1-grd (Planetary Computer)",
          "cop-dem-glo-30",
          "esa-worldcover 2021"
        ],
        "computed_at": "2026-08-22T21:22:08.063666+00:00",
        "s2_scenes_used": 40,
        "s2_dry_season_water_occ_pct": 0.0,
        "s2_comparison_label": "minor_disagreement",
        "s2_comparison_caveat": "Sentinel-2 sample is cloud-filtered (<20% cover), which excludes ~93% of rainy-season scenes (0 of 40 sampled scenes were from June/July). This field is a DRY-SEASON optical baseline, not a flood-season cross-check -- SAR-S2 spatial correlation was ~0 (r=-0.07) because the two sensors sample different seasonal populations, not because either is wrong. Do not read this as a validated QA agreement signal."
      },
      "geometry": {
        "type": "Polygon",
        "coordinates": [
          [
            [
              -0.23304322345036932,
              5.532800622513688
            ],
            [
              -0.23304322345036932,
              5.537305127018192
            ],
            [
              -0.23754772795487383,
              5.537305127018192
            ],
            [
              -0.23754772795487383,
              5.532800622513688
            ],
            [
              -0.23304322345036932,
              5.532800622513688
            ]
          ]
        ]
      }
    },
    {
      "type": "Feature",
      "properties": {
        "zone_id": "grid_r3_c11",
        "assembly": "Ablekuma West Municipal",
        "boundary_overlap_frac": 1.0,
        "score": 21.6,
        "level": "Low",
        "water_occ_pct": 3.6,
        "low_elev_frac_pct": 0.0,
        "median_elev_m": 14.3,
        "wetland_water_pct": 0.0,
        "vegetation_pct": 0.0,
        "impervious_pct": 100.0,
        "pixel_count": 25,
        "scenes_used": 40,
        "sources": [
          "sentinel-1-grd (Planetary Computer)",
          "cop-dem-glo-30",
          "esa-worldcover 2021"
        ],
        "computed_at": "2026-08-22T21:22:08.064515+00:00",
        "s2_scenes_used": 40,
        "s2_dry_season_water_occ_pct": 0.0,
        "s2_comparison_label": "agree",
        "s2_comparison_caveat": "Sentinel-2 sample is cloud-filtered (<20% cover), which excludes ~93% of rainy-season scenes (0 of 40 sampled scenes were from June/July). This field is a DRY-SEASON optical baseline, not a flood-season cross-check -- SAR-S2 spatial correlation was ~0 (r=-0.07) because the two sensors sample different seasonal populations, not because either is wrong. Do not read this as a validated QA agreement signal."
      },
      "geometry": {
        "type": "Polygon",
        "coordinates": [
          [
            [
              -0.2285387189458648,
              5.532800622513688
            ],
            [
              -0.2285387189458648,
              5.537305127018192
            ],
            [
              -0.23304322345036932,
              5.537305127018192
            ],
            [
              -0.23304322345036932,
              5.532800622513688
            ],
            [
              -0.2285387189458648,
              5.532800622513688
            ]
          ]
        ]
      }
    },
    {
      "type": "Feature",
      "properties": {
        "zone_id": "grid_r3_c12",
        "assembly": "Ablekuma West Municipal",
        "boundary_overlap_frac": 1.0,
        "score": 22.8,
        "level": "Low",
        "water_occ_pct": 6.2,
        "low_elev_frac_pct": 0.0,
        "median_elev_m": 12.4,
        "wetland_water_pct": 0.0,
        "vegetation_pct": 0.0,
        "impervious_pct": 100.0,
        "pixel_count": 25,
        "scenes_used": 40,
        "sources": [
          "sentinel-1-grd (Planetary Computer)",
          "cop-dem-glo-30",
          "esa-worldcover 2021"
        ],
        "computed_at": "2026-08-22T21:22:08.065345+00:00",
        "s2_scenes_used": 40,
        "s2_dry_season_water_occ_pct": 0.0,
        "s2_comparison_label": "minor_disagreement",
        "s2_comparison_caveat": "Sentinel-2 sample is cloud-filtered (<20% cover), which excludes ~93% of rainy-season scenes (0 of 40 sampled scenes were from June/July). This field is a DRY-SEASON optical baseline, not a flood-season cross-check -- SAR-S2 spatial correlation was ~0 (r=-0.07) because the two sensors sample different seasonal populations, not because either is wrong. Do not read this as a validated QA agreement signal."
      },
      "geometry": {
        "type": "Polygon",
        "coordinates": [
          [
            [
              -0.2240342144413603,
              5.532800622513688
            ],
            [
              -0.2240342144413603,
              5.537305127018192
            ],
            [
              -0.2285387189458648,
              5.537305127018192
            ],
            [
              -0.2285387189458648,
              5.532800622513688
            ],
            [
              -0.2240342144413603,
              5.532800622513688
            ]
          ]
        ]
      }
    },
    {
      "type": "Feature",
      "properties": {
        "zone_id": "grid_r3_c13",
        "assembly": "Ablekuma West Municipal",
        "boundary_overlap_frac": 1.0,
        "score": 44.3,
        "level": "Moderate",
        "water_occ_pct": 3.8,
        "low_elev_frac_pct": 76.0,
        "median_elev_m": 4.5,
        "wetland_water_pct": 4.0,
        "vegetation_pct": 8.0,
        "impervious_pct": 80.0,
        "pixel_count": 25,
        "scenes_used": 40,
        "sources": [
          "sentinel-1-grd (Planetary Computer)",
          "cop-dem-glo-30",
          "esa-worldcover 2021"
        ],
        "computed_at": "2026-08-22T21:22:08.066204+00:00",
        "s2_scenes_used": 40,
        "s2_dry_season_water_occ_pct": 0.0,
        "s2_comparison_label": "agree",
        "s2_comparison_caveat": "Sentinel-2 sample is cloud-filtered (<20% cover), which excludes ~93% of rainy-season scenes (0 of 40 sampled scenes were from June/July). This field is a DRY-SEASON optical baseline, not a flood-season cross-check -- SAR-S2 spatial correlation was ~0 (r=-0.07) because the two sensors sample different seasonal populations, not because either is wrong. Do not read this as a validated QA agreement signal."
      },
      "geometry": {
        "type": "Polygon",
        "coordinates": [
          [
            [
              -0.21952970993685578,
              5.532800622513688
            ],
            [
              -0.21952970993685578,
              5.537305127018192
            ],
            [
              -0.2240342144413603,
              5.537305127018192
            ],
            [
              -0.2240342144413603,
              5.532800622513688
            ],
            [
              -0.21952970993685578,
              5.532800622513688
            ]
          ]
        ]
      }
    },
    {
      "type": "Feature",
      "properties": {
        "zone_id": "grid_r3_c14",
        "assembly": "Accra Metropolis",
        "boundary_overlap_frac": 1.0,
        "score": 43.0,
        "level": "Moderate",
        "water_occ_pct": 4.8,
        "low_elev_frac_pct": 80.0,
        "median_elev_m": 3.5,
        "wetland_water_pct": 20.0,
        "vegetation_pct": 16.0,
        "impervious_pct": 64.0,
        "pixel_count": 25,
        "scenes_used": 40,
        "sources": [
          "sentinel-1-grd (Planetary Computer)",
          "cop-dem-glo-30",
          "esa-worldcover 2021"
        ],
        "computed_at": "2026-08-22T21:22:08.067051+00:00",
        "s2_scenes_used": 40,
        "s2_dry_season_water_occ_pct": 0.0,
        "s2_comparison_label": "agree",
        "s2_comparison_caveat": "Sentinel-2 sample is cloud-filtered (<20% cover), which excludes ~93% of rainy-season scenes (0 of 40 sampled scenes were from June/July). This field is a DRY-SEASON optical baseline, not a flood-season cross-check -- SAR-S2 spatial correlation was ~0 (r=-0.07) because the two sensors sample different seasonal populations, not because either is wrong. Do not read this as a validated QA agreement signal."
      },
      "geometry": {
        "type": "Polygon",
        "coordinates": [
          [
            [
              -0.21502520543235126,
              5.532800622513688
            ],
            [
              -0.21502520543235126,
              5.537305127018192
            ],
            [
              -0.21952970993685578,
              5.537305127018192
            ],
            [
              -0.21952970993685578,
              5.532800622513688
            ],
            [
              -0.21502520543235126,
              5.532800622513688
            ]
          ]
        ]
      }
    },
    {
      "type": "Feature",
      "properties": {
        "zone_id": "grid_r3_c15",
        "assembly": "Accra Metropolis",
        "boundary_overlap_frac": 0.996,
        "score": 28.9,
        "level": "Moderate",
        "water_occ_pct": 19.7,
        "low_elev_frac_pct": 0.0,
        "median_elev_m": 12.6,
        "wetland_water_pct": 0.0,
        "vegetation_pct": 0.0,
        "impervious_pct": 100.0,
        "pixel_count": 25,
        "scenes_used": 40,
        "sources": [
          "sentinel-1-grd (Planetary Computer)",
          "cop-dem-glo-30",
          "esa-worldcover 2021"
        ],
        "computed_at": "2026-08-22T21:22:08.067894+00:00",
        "s2_scenes_used": 40,
        "s2_dry_season_water_occ_pct": 0.0,
        "s2_comparison_label": "major_disagreement",
        "s2_comparison_caveat": "Sentinel-2 sample is cloud-filtered (<20% cover), which excludes ~93% of rainy-season scenes (0 of 40 sampled scenes were from June/July). This field is a DRY-SEASON optical baseline, not a flood-season cross-check -- SAR-S2 spatial correlation was ~0 (r=-0.07) because the two sensors sample different seasonal populations, not because either is wrong. Do not read this as a validated QA agreement signal."
      },
      "geometry": {
        "type": "Polygon",
        "coordinates": [
          [
            [
              -0.21052070092784675,
              5.532800622513688
            ],
            [
              -0.21052070092784675,
              5.537305127018192
            ],
            [
              -0.21502520543235126,
              5.537305127018192
            ],
            [
              -0.21502520543235126,
              5.532800622513688
            ],
            [
              -0.21052070092784675,
              5.532800622513688
            ]
          ]
        ]
      }
    },
    {
      "type": "Feature",
      "properties": {
        "zone_id": "grid_r3_c16",
        "assembly": "Accra Metropolis",
        "boundary_overlap_frac": 0.358,
        "score": 38.8,
        "level": "Moderate",
        "water_occ_pct": 9.7,
        "low_elev_frac_pct": 80.0,
        "median_elev_m": 0.5,
        "wetland_water_pct": 56.0,
        "vegetation_pct": 0.0,
        "impervious_pct": 32.0,
        "pixel_count": 25,
        "scenes_used": 40,
        "sources": [
          "sentinel-1-grd (Planetary Computer)",
          "cop-dem-glo-30",
          "esa-worldcover 2021"
        ],
        "computed_at": "2026-08-22T21:22:08.068740+00:00",
        "s2_scenes_used": 40,
        "s2_dry_season_water_occ_pct": 1.79,
        "s2_comparison_label": "minor_disagreement",
        "s2_comparison_caveat": "Sentinel-2 sample is cloud-filtered (<20% cover), which excludes ~93% of rainy-season scenes (0 of 40 sampled scenes were from June/July). This field is a DRY-SEASON optical baseline, not a flood-season cross-check -- SAR-S2 spatial correlation was ~0 (r=-0.07) because the two sensors sample different seasonal populations, not because either is wrong. Do not read this as a validated QA agreement signal."
      },
      "geometry": {
        "type": "Polygon",
        "coordinates": [
          [
            [
              -0.20601619642334223,
              5.532800622513688
            ],
            [
              -0.20601619642334223,
              5.537305127018192
            ],
            [
              -0.21052070092784675,
              5.537305127018192
            ],
            [
              -0.21052070092784675,
              5.532800622513688
            ],
            [
              -0.20601619642334223,
              5.532800622513688
            ]
          ]
        ]
      }
    },
    {
      "type": "Feature",
      "properties": {
        "zone_id": "grid_r4_c2",
        "assembly": "Ablekuma West Municipal",
        "boundary_overlap_frac": 0.646,
        "score": 36.3,
        "level": "Moderate",
        "water_occ_pct": 2.5,
        "low_elev_frac_pct": 64.0,
        "median_elev_m": 3.9,
        "wetland_water_pct": 32.0,
        "vegetation_pct": 4.0,
        "impervious_pct": 64.0,
        "pixel_count": 25,
        "scenes_used": 40,
        "sources": [
          "sentinel-1-grd (Planetary Computer)",
          "cop-dem-glo-30",
          "esa-worldcover 2021"
        ],
        "computed_at": "2026-08-22T21:22:08.069589+00:00",
        "s2_scenes_used": 40,
        "s2_dry_season_water_occ_pct": 33.88,
        "s2_comparison_label": "major_disagreement",
        "s2_comparison_caveat": "Sentinel-2 sample is cloud-filtered (<20% cover), which excludes ~93% of rainy-season scenes (0 of 40 sampled scenes were from June/July). This field is a DRY-SEASON optical baseline, not a flood-season cross-check -- SAR-S2 spatial correlation was ~0 (r=-0.07) because the two sensors sample different seasonal populations, not because either is wrong. Do not read this as a validated QA agreement signal."
      },
      "geometry": {
        "type": "Polygon",
        "coordinates": [
          [
            [
              -0.26907925948640543,
              5.537305127018192
            ],
            [
              -0.26907925948640543,
              5.541809631522697
            ],
            [
              -0.27358376399090995,
              5.541809631522697
            ],
            [
              -0.27358376399090995,
              5.537305127018192
            ],
            [
              -0.26907925948640543,
              5.537305127018192
            ]
          ]
        ]
      }
    },
    {
      "type": "Feature",
      "properties": {
        "zone_id": "grid_r4_c3",
        "assembly": "Ablekuma West Municipal",
        "boundary_overlap_frac": 1.0,
        "score": 21.8,
        "level": "Low",
        "water_occ_pct": 4.1,
        "low_elev_frac_pct": 0.0,
        "median_elev_m": 18.4,
        "wetland_water_pct": 0.0,
        "vegetation_pct": 0.0,
        "impervious_pct": 100.0,
        "pixel_count": 25,
        "scenes_used": 40,
        "sources": [
          "sentinel-1-grd (Planetary Computer)",
          "cop-dem-glo-30",
          "esa-worldcover 2021"
        ],
        "computed_at": "2026-08-22T21:22:08.070682+00:00",
        "s2_scenes_used": 40,
        "s2_dry_season_water_occ_pct": 23.01,
        "s2_comparison_label": "major_disagreement",
        "s2_comparison_caveat": "Sentinel-2 sample is cloud-filtered (<20% cover), which excludes ~93% of rainy-season scenes (0 of 40 sampled scenes were from June/July). This field is a DRY-SEASON optical baseline, not a flood-season cross-check -- SAR-S2 spatial correlation was ~0 (r=-0.07) because the two sensors sample different seasonal populations, not because either is wrong. Do not read this as a validated QA agreement signal."
      },
      "geometry": {
        "type": "Polygon",
        "coordinates": [
          [
            [
              -0.2645747549819009,
              5.537305127018192
            ],
            [
              -0.2645747549819009,
              5.541809631522697
            ],
            [
              -0.26907925948640543,
              5.541809631522697
            ],
            [
              -0.26907925948640543,
              5.537305127018192
            ],
            [
              -0.2645747549819009,
              5.537305127018192
            ]
          ]
        ]
      }
    },
    {
      "type": "Feature",
      "properties": {
        "zone_id": "grid_r4_c4",
        "assembly": "Ablekuma West Municipal",
        "boundary_overlap_frac": 1.0,
        "score": 20.8,
        "level": "Low",
        "water_occ_pct": 1.8,
        "low_elev_frac_pct": 0.0,
        "median_elev_m": 20.8,
        "wetland_water_pct": 0.0,
        "vegetation_pct": 0.0,
        "impervious_pct": 100.0,
        "pixel_count": 25,
        "scenes_used": 40,
        "sources": [
          "sentinel-1-grd (Planetary Computer)",
          "cop-dem-glo-30",
          "esa-worldcover 2021"
        ],
        "computed_at": "2026-08-22T21:22:08.071953+00:00",
        "s2_scenes_used": 40,
        "s2_dry_season_water_occ_pct": 0.12,
        "s2_comparison_label": "agree",
        "s2_comparison_caveat": "Sentinel-2 sample is cloud-filtered (<20% cover), which excludes ~93% of rainy-season scenes (0 of 40 sampled scenes were from June/July). This field is a DRY-SEASON optical baseline, not a flood-season cross-check -- SAR-S2 spatial correlation was ~0 (r=-0.07) because the two sensors sample different seasonal populations, not because either is wrong. Do not read this as a validated QA agreement signal."
      },
      "geometry": {
        "type": "Polygon",
        "coordinates": [
          [
            [
              -0.2600702504773964,
              5.537305127018192
            ],
            [
              -0.2600702504773964,
              5.541809631522697
            ],
            [
              -0.2645747549819009,
              5.541809631522697
            ],
            [
              -0.2645747549819009,
              5.537305127018192
            ],
            [
              -0.2600702504773964,
              5.537305127018192
            ]
          ]
        ]
      }
    },
    {
      "type": "Feature",
      "properties": {
        "zone_id": "grid_r4_c5",
        "assembly": "Ablekuma West Municipal",
        "boundary_overlap_frac": 1.0,
        "score": 20.9,
        "level": "Low",
        "water_occ_pct": 2.1,
        "low_elev_frac_pct": 0.0,
        "median_elev_m": 13.3,
        "wetland_water_pct": 0.0,
        "vegetation_pct": 0.0,
        "impervious_pct": 100.0,
        "pixel_count": 25,
        "scenes_used": 40,
        "sources": [
          "sentinel-1-grd (Planetary Computer)",
          "cop-dem-glo-30",
          "esa-worldcover 2021"
        ],
        "computed_at": "2026-08-22T21:22:08.073236+00:00",
        "s2_scenes_used": 40,
        "s2_dry_season_water_occ_pct": 0.0,
        "s2_comparison_label": "agree",
        "s2_comparison_caveat": "Sentinel-2 sample is cloud-filtered (<20% cover), which excludes ~93% of rainy-season scenes (0 of 40 sampled scenes were from June/July). This field is a DRY-SEASON optical baseline, not a flood-season cross-check -- SAR-S2 spatial correlation was ~0 (r=-0.07) because the two sensors sample different seasonal populations, not because either is wrong. Do not read this as a validated QA agreement signal."
      },
      "geometry": {
        "type": "Polygon",
        "coordinates": [
          [
            [
              -0.2555657459728919,
              5.537305127018192
            ],
            [
              -0.2555657459728919,
              5.541809631522697
            ],
            [
              -0.2600702504773964,
              5.541809631522697
            ],
            [
              -0.2600702504773964,
              5.537305127018192
            ],
            [
              -0.2555657459728919,
              5.537305127018192
            ]
          ]
        ]
      }
    },
    {
      "type": "Feature",
      "properties": {
        "zone_id": "grid_r4_c6",
        "assembly": "Ablekuma Central Municipal",
        "boundary_overlap_frac": 1.0,
        "score": 22.7,
        "level": "Low",
        "water_occ_pct": 6.1,
        "low_elev_frac_pct": 0.0,
        "median_elev_m": 14.9,
        "wetland_water_pct": 0.0,
        "vegetation_pct": 0.0,
        "impervious_pct": 100.0,
        "pixel_count": 25,
        "scenes_used": 40,
        "sources": [
          "sentinel-1-grd (Planetary Computer)",
          "cop-dem-glo-30",
          "esa-worldcover 2021"
        ],
        "computed_at": "2026-08-22T21:22:08.074515+00:00",
        "s2_scenes_used": 40,
        "s2_dry_season_water_occ_pct": 0.0,
        "s2_comparison_label": "minor_disagreement",
        "s2_comparison_caveat": "Sentinel-2 sample is cloud-filtered (<20% cover), which excludes ~93% of rainy-season scenes (0 of 40 sampled scenes were from June/July). This field is a DRY-SEASON optical baseline, not a flood-season cross-check -- SAR-S2 spatial correlation was ~0 (r=-0.07) because the two sensors sample different seasonal populations, not because either is wrong. Do not read this as a validated QA agreement signal."
      },
      "geometry": {
        "type": "Polygon",
        "coordinates": [
          [
            [
              -0.2510612414683874,
              5.537305127018192
            ],
            [
              -0.2510612414683874,
              5.541809631522697
            ],
            [
              -0.2555657459728919,
              5.541809631522697
            ],
            [
              -0.2555657459728919,
              5.537305127018192
            ],
            [
              -0.2510612414683874,
              5.537305127018192
            ]
          ]
        ]
      }
    },
    {
      "type": "Feature",
      "properties": {
        "zone_id": "grid_r4_c7",
        "assembly": "Ablekuma Central Municipal",
        "boundary_overlap_frac": 1.0,
        "score": 23.8,
        "level": "Low",
        "water_occ_pct": 8.4,
        "low_elev_frac_pct": 0.0,
        "median_elev_m": 16.7,
        "wetland_water_pct": 0.0,
        "vegetation_pct": 0.0,
        "impervious_pct": 100.0,
        "pixel_count": 25,
        "scenes_used": 40,
        "sources": [
          "sentinel-1-grd (Planetary Computer)",
          "cop-dem-glo-30",
          "esa-worldcover 2021"
        ],
        "computed_at": "2026-08-22T21:22:08.075819+00:00",
        "s2_scenes_used": 40,
        "s2_dry_season_water_occ_pct": 0.0,
        "s2_comparison_label": "minor_disagreement",
        "s2_comparison_caveat": "Sentinel-2 sample is cloud-filtered (<20% cover), which excludes ~93% of rainy-season scenes (0 of 40 sampled scenes were from June/July). This field is a DRY-SEASON optical baseline, not a flood-season cross-check -- SAR-S2 spatial correlation was ~0 (r=-0.07) because the two sensors sample different seasonal populations, not because either is wrong. Do not read this as a validated QA agreement signal."
      },
      "geometry": {
        "type": "Polygon",
        "coordinates": [
          [
            [
              -0.24655673696388286,
              5.537305127018192
            ],
            [
              -0.24655673696388286,
              5.541809631522697
            ],
            [
              -0.2510612414683874,
              5.541809631522697
            ],
            [
              -0.2510612414683874,
              5.537305127018192
            ],
            [
              -0.24655673696388286,
              5.537305127018192
            ]
          ]
        ]
      }
    },
    {
      "type": "Feature",
      "properties": {
        "zone_id": "grid_r4_c8",
        "assembly": "Ablekuma Central Municipal",
        "boundary_overlap_frac": 1.0,
        "score": 26.7,
        "level": "Moderate",
        "water_occ_pct": 14.9,
        "low_elev_frac_pct": 0.0,
        "median_elev_m": 20.6,
        "wetland_water_pct": 0.0,
        "vegetation_pct": 0.0,
        "impervious_pct": 100.0,
        "pixel_count": 25,
        "scenes_used": 40,
        "sources": [
          "sentinel-1-grd (Planetary Computer)",
          "cop-dem-glo-30",
          "esa-worldcover 2021"
        ],
        "computed_at": "2026-08-22T21:22:08.077085+00:00",
        "s2_scenes_used": 40,
        "s2_dry_season_water_occ_pct": 0.0,
        "s2_comparison_label": "minor_disagreement",
        "s2_comparison_caveat": "Sentinel-2 sample is cloud-filtered (<20% cover), which excludes ~93% of rainy-season scenes (0 of 40 sampled scenes were from June/July). This field is a DRY-SEASON optical baseline, not a flood-season cross-check -- SAR-S2 spatial correlation was ~0 (r=-0.07) because the two sensors sample different seasonal populations, not because either is wrong. Do not read this as a validated QA agreement signal."
      },
      "geometry": {
        "type": "Polygon",
        "coordinates": [
          [
            [
              -0.24205223245937835,
              5.537305127018192
            ],
            [
              -0.24205223245937835,
              5.541809631522697
            ],
            [
              -0.24655673696388286,
              5.541809631522697
            ],
            [
              -0.24655673696388286,
              5.537305127018192
            ],
            [
              -0.24205223245937835,
              5.537305127018192
            ]
          ]
        ]
      }
    },
    {
      "type": "Feature",
      "properties": {
        "zone_id": "grid_r4_c9",
        "assembly": "Ablekuma Central Municipal",
        "boundary_overlap_frac": 1.0,
        "score": 25.2,
        "level": "Moderate",
        "water_occ_pct": 11.5,
        "low_elev_frac_pct": 0.0,
        "median_elev_m": 18.4,
        "wetland_water_pct": 0.0,
        "vegetation_pct": 0.0,
        "impervious_pct": 100.0,
        "pixel_count": 25,
        "scenes_used": 40,
        "sources": [
          "sentinel-1-grd (Planetary Computer)",
          "cop-dem-glo-30",
          "esa-worldcover 2021"
        ],
        "computed_at": "2026-08-22T21:22:08.078323+00:00",
        "s2_scenes_used": 40,
        "s2_dry_season_water_occ_pct": 0.0,
        "s2_comparison_label": "minor_disagreement",
        "s2_comparison_caveat": "Sentinel-2 sample is cloud-filtered (<20% cover), which excludes ~93% of rainy-season scenes (0 of 40 sampled scenes were from June/July). This field is a DRY-SEASON optical baseline, not a flood-season cross-check -- SAR-S2 spatial correlation was ~0 (r=-0.07) because the two sensors sample different seasonal populations, not because either is wrong. Do not read this as a validated QA agreement signal."
      },
      "geometry": {
        "type": "Polygon",
        "coordinates": [
          [
            [
              -0.23754772795487383,
              5.537305127018192
            ],
            [
              -0.23754772795487383,
              5.541809631522697
            ],
            [
              -0.24205223245937835,
              5.541809631522697
            ],
            [
              -0.24205223245937835,
              5.537305127018192
            ],
            [
              -0.23754772795487383,
              5.537305127018192
            ]
          ]
        ]
      }
    },
    {
      "type": "Feature",
      "properties": {
        "zone_id": "grid_r4_c10",
        "assembly": "Ablekuma Central Municipal",
        "boundary_overlap_frac": 1.0,
        "score": 21.8,
        "level": "Low",
        "water_occ_pct": 11.2,
        "low_elev_frac_pct": 0.0,
        "median_elev_m": 15.5,
        "wetland_water_pct": 0.0,
        "vegetation_pct": 16.0,
        "impervious_pct": 84.0,
        "pixel_count": 25,
        "scenes_used": 40,
        "sources": [
          "sentinel-1-grd (Planetary Computer)",
          "cop-dem-glo-30",
          "esa-worldcover 2021"
        ],
        "computed_at": "2026-08-22T21:22:08.079595+00:00",
        "s2_scenes_used": 40,
        "s2_dry_season_water_occ_pct": 0.0,
        "s2_comparison_label": "minor_disagreement",
        "s2_comparison_caveat": "Sentinel-2 sample is cloud-filtered (<20% cover), which excludes ~93% of rainy-season scenes (0 of 40 sampled scenes were from June/July). This field is a DRY-SEASON optical baseline, not a flood-season cross-check -- SAR-S2 spatial correlation was ~0 (r=-0.07) because the two sensors sample different seasonal populations, not because either is wrong. Do not read this as a validated QA agreement signal."
      },
      "geometry": {
        "type": "Polygon",
        "coordinates": [
          [
            [
              -0.23304322345036932,
              5.537305127018192
            ],
            [
              -0.23304322345036932,
              5.541809631522697
            ],
            [
              -0.23754772795487383,
              5.541809631522697
            ],
            [
              -0.23754772795487383,
              5.537305127018192
            ],
            [
              -0.23304322345036932,
              5.537305127018192
            ]
          ]
        ]
      }
    },
    {
      "type": "Feature",
      "properties": {
        "zone_id": "grid_r4_c11",
        "assembly": "Ablekuma West Municipal",
        "boundary_overlap_frac": 1.0,
        "score": 23.6,
        "level": "Low",
        "water_occ_pct": 16.9,
        "low_elev_frac_pct": 0.0,
        "median_elev_m": 14.3,
        "wetland_water_pct": 0.0,
        "vegetation_pct": 20.0,
        "impervious_pct": 80.0,
        "pixel_count": 25,
        "scenes_used": 40,
        "sources": [
          "sentinel-1-grd (Planetary Computer)",
          "cop-dem-glo-30",
          "esa-worldcover 2021"
        ],
        "computed_at": "2026-08-22T21:22:08.080870+00:00",
        "s2_scenes_used": 40,
        "s2_dry_season_water_occ_pct": 0.0,
        "s2_comparison_label": "major_disagreement",
        "s2_comparison_caveat": "Sentinel-2 sample is cloud-filtered (<20% cover), which excludes ~93% of rainy-season scenes (0 of 40 sampled scenes were from June/July). This field is a DRY-SEASON optical baseline, not a flood-season cross-check -- SAR-S2 spatial correlation was ~0 (r=-0.07) because the two sensors sample different seasonal populations, not because either is wrong. Do not read this as a validated QA agreement signal."
      },
      "geometry": {
        "type": "Polygon",
        "coordinates": [
          [
            [
              -0.2285387189458648,
              5.537305127018192
            ],
            [
              -0.2285387189458648,
              5.541809631522697
            ],
            [
              -0.23304322345036932,
              5.541809631522697
            ],
            [
              -0.23304322345036932,
              5.537305127018192
            ],
            [
              -0.2285387189458648,
              5.537305127018192
            ]
          ]
        ]
      }
    },
    {
      "type": "Feature",
      "properties": {
        "zone_id": "grid_r4_c12",
        "assembly": "Ablekuma West Municipal",
        "boundary_overlap_frac": 1.0,
        "score": 18.4,
        "level": "Low",
        "water_occ_pct": 5.3,
        "low_elev_frac_pct": 0.0,
        "median_elev_m": 13.4,
        "wetland_water_pct": 0.0,
        "vegetation_pct": 20.0,
        "impervious_pct": 80.0,
        "pixel_count": 25,
        "scenes_used": 40,
        "sources": [
          "sentinel-1-grd (Planetary Computer)",
          "cop-dem-glo-30",
          "esa-worldcover 2021"
        ],
        "computed_at": "2026-08-22T21:22:08.082143+00:00",
        "s2_scenes_used": 40,
        "s2_dry_season_water_occ_pct": 0.0,
        "s2_comparison_label": "minor_disagreement",
        "s2_comparison_caveat": "Sentinel-2 sample is cloud-filtered (<20% cover), which excludes ~93% of rainy-season scenes (0 of 40 sampled scenes were from June/July). This field is a DRY-SEASON optical baseline, not a flood-season cross-check -- SAR-S2 spatial correlation was ~0 (r=-0.07) because the two sensors sample different seasonal populations, not because either is wrong. Do not read this as a validated QA agreement signal."
      },
      "geometry": {
        "type": "Polygon",
        "coordinates": [
          [
            [
              -0.2240342144413603,
              5.537305127018192
            ],
            [
              -0.2240342144413603,
              5.541809631522697
            ],
            [
              -0.2285387189458648,
              5.541809631522697
            ],
            [
              -0.2285387189458648,
              5.537305127018192
            ],
            [
              -0.2240342144413603,
              5.537305127018192
            ]
          ]
        ]
      }
    },
    {
      "type": "Feature",
      "properties": {
        "zone_id": "grid_r4_c13",
        "assembly": "Ablekuma West Municipal",
        "boundary_overlap_frac": 1.0,
        "score": 35.0,
        "level": "Moderate",
        "water_occ_pct": 2.7,
        "low_elev_frac_pct": 60.0,
        "median_elev_m": 4.1,
        "wetland_water_pct": 4.0,
        "vegetation_pct": 32.0,
        "impervious_pct": 64.0,
        "pixel_count": 25,
        "scenes_used": 40,
        "sources": [
          "sentinel-1-grd (Planetary Computer)",
          "cop-dem-glo-30",
          "esa-worldcover 2021"
        ],
        "computed_at": "2026-08-22T21:22:08.083439+00:00",
        "s2_scenes_used": 40,
        "s2_dry_season_water_occ_pct": 0.0,
        "s2_comparison_label": "agree",
        "s2_comparison_caveat": "Sentinel-2 sample is cloud-filtered (<20% cover), which excludes ~93% of rainy-season scenes (0 of 40 sampled scenes were from June/July). This field is a DRY-SEASON optical baseline, not a flood-season cross-check -- SAR-S2 spatial correlation was ~0 (r=-0.07) because the two sensors sample different seasonal populations, not because either is wrong. Do not read this as a validated QA agreement signal."
      },
      "geometry": {
        "type": "Polygon",
        "coordinates": [
          [
            [
              -0.21952970993685578,
              5.537305127018192
            ],
            [
              -0.21952970993685578,
              5.541809631522697
            ],
            [
              -0.2240342144413603,
              5.541809631522697
            ],
            [
              -0.2240342144413603,
              5.537305127018192
            ],
            [
              -0.21952970993685578,
              5.537305127018192
            ]
          ]
        ]
      }
    },
    {
      "type": "Feature",
      "properties": {
        "zone_id": "grid_r4_c14",
        "assembly": "Accra Metropolis",
        "boundary_overlap_frac": 1.0,
        "score": 38.8,
        "level": "Moderate",
        "water_occ_pct": 12.9,
        "low_elev_frac_pct": 44.0,
        "median_elev_m": 5.4,
        "wetland_water_pct": 0.0,
        "vegetation_pct": 4.0,
        "impervious_pct": 88.0,
        "pixel_count": 25,
        "scenes_used": 40,
        "sources": [
          "sentinel-1-grd (Planetary Computer)",
          "cop-dem-glo-30",
          "esa-worldcover 2021"
        ],
        "computed_at": "2026-08-22T21:22:08.084749+00:00",
        "s2_scenes_used": 40,
        "s2_dry_season_water_occ_pct": 0.0,
        "s2_comparison_label": "minor_disagreement",
        "s2_comparison_caveat": "Sentinel-2 sample is cloud-filtered (<20% cover), which excludes ~93% of rainy-season scenes (0 of 40 sampled scenes were from June/July). This field is a DRY-SEASON optical baseline, not a flood-season cross-check -- SAR-S2 spatial correlation was ~0 (r=-0.07) because the two sensors sample different seasonal populations, not because either is wrong. Do not read this as a validated QA agreement signal."
      },
      "geometry": {
        "type": "Polygon",
        "coordinates": [
          [
            [
              -0.21502520543235126,
              5.537305127018192
            ],
            [
              -0.21502520543235126,
              5.541809631522697
            ],
            [
              -0.21952970993685578,
              5.541809631522697
            ],
            [
              -0.21952970993685578,
              5.537305127018192
            ],
            [
              -0.21502520543235126,
              5.537305127018192
            ]
          ]
        ]
      }
    },
    {
      "type": "Feature",
      "properties": {
        "zone_id": "grid_r4_c15",
        "assembly": "Accra Metropolis",
        "boundary_overlap_frac": 1.0,
        "score": 28.1,
        "level": "Moderate",
        "water_occ_pct": 18.1,
        "low_elev_frac_pct": 0.0,
        "median_elev_m": 12.6,
        "wetland_water_pct": 0.0,
        "vegetation_pct": 0.0,
        "impervious_pct": 100.0,
        "pixel_count": 25,
        "scenes_used": 40,
        "sources": [
          "sentinel-1-grd (Planetary Computer)",
          "cop-dem-glo-30",
          "esa-worldcover 2021"
        ],
        "computed_at": "2026-08-22T21:22:08.086022+00:00",
        "s2_scenes_used": 40,
        "s2_dry_season_water_occ_pct": 0.0,
        "s2_comparison_label": "major_disagreement",
        "s2_comparison_caveat": "Sentinel-2 sample is cloud-filtered (<20% cover), which excludes ~93% of rainy-season scenes (0 of 40 sampled scenes were from June/July). This field is a DRY-SEASON optical baseline, not a flood-season cross-check -- SAR-S2 spatial correlation was ~0 (r=-0.07) because the two sensors sample different seasonal populations, not because either is wrong. Do not read this as a validated QA agreement signal."
      },
      "geometry": {
        "type": "Polygon",
        "coordinates": [
          [
            [
              -0.21052070092784675,
              5.537305127018192
            ],
            [
              -0.21052070092784675,
              5.541809631522697
            ],
            [
              -0.21502520543235126,
              5.541809631522697
            ],
            [
              -0.21502520543235126,
              5.537305127018192
            ],
            [
              -0.21052070092784675,
              5.537305127018192
            ]
          ]
        ]
      }
    },
    {
      "type": "Feature",
      "properties": {
        "zone_id": "grid_r4_c16",
        "assembly": "Accra Metropolis",
        "boundary_overlap_frac": 0.844,
        "score": 22.4,
        "level": "Low",
        "water_occ_pct": 4.9,
        "low_elev_frac_pct": 12.0,
        "median_elev_m": 14.2,
        "wetland_water_pct": 12.0,
        "vegetation_pct": 0.0,
        "impervious_pct": 80.0,
        "pixel_count": 25,
        "scenes_used": 40,
        "sources": [
          "sentinel-1-grd (Planetary Computer)",
          "cop-dem-glo-30",
          "esa-worldcover 2021"
        ],
        "computed_at": "2026-08-22T21:22:08.087342+00:00",
        "s2_scenes_used": 40,
        "s2_dry_season_water_occ_pct": 0.12,
        "s2_comparison_label": "agree",
        "s2_comparison_caveat": "Sentinel-2 sample is cloud-filtered (<20% cover), which excludes ~93% of rainy-season scenes (0 of 40 sampled scenes were from June/July). This field is a DRY-SEASON optical baseline, not a flood-season cross-check -- SAR-S2 spatial correlation was ~0 (r=-0.07) because the two sensors sample different seasonal populations, not because either is wrong. Do not read this as a validated QA agreement signal."
      },
      "geometry": {
        "type": "Polygon",
        "coordinates": [
          [
            [
              -0.20601619642334223,
              5.537305127018192
            ],
            [
              -0.20601619642334223,
              5.541809631522697
            ],
            [
              -0.21052070092784675,
              5.541809631522697
            ],
            [
              -0.21052070092784675,
              5.537305127018192
            ],
            [
              -0.20601619642334223,
              5.537305127018192
            ]
          ]
        ]
      }
    },
    {
      "type": "Feature",
      "properties": {
        "zone_id": "grid_r5_c2",
        "assembly": "Ablekuma West Municipal",
        "boundary_overlap_frac": 0.783,
        "score": 37.1,
        "level": "Moderate",
        "water_occ_pct": 10.0,
        "low_elev_frac_pct": 52.0,
        "median_elev_m": 4.3,
        "wetland_water_pct": 8.0,
        "vegetation_pct": 20.0,
        "impervious_pct": 72.0,
        "pixel_count": 25,
        "scenes_used": 40,
        "sources": [
          "sentinel-1-grd (Planetary Computer)",
          "cop-dem-glo-30",
          "esa-worldcover 2021"
        ],
        "computed_at": "2026-08-22T21:22:08.089424+00:00",
        "s2_scenes_used": 40,
        "s2_dry_season_water_occ_pct": 14.26,
        "s2_comparison_label": "agree",
        "s2_comparison_caveat": "Sentinel-2 sample is cloud-filtered (<20% cover), which excludes ~93% of rainy-season scenes (0 of 40 sampled scenes were from June/July). This field is a DRY-SEASON optical baseline, not a flood-season cross-check -- SAR-S2 spatial correlation was ~0 (r=-0.07) because the two sensors sample different seasonal populations, not because either is wrong. Do not read this as a validated QA agreement signal."
      },
      "geometry": {
        "type": "Polygon",
        "coordinates": [
          [
            [
              -0.26907925948640543,
              5.541809631522697
            ],
            [
              -0.26907925948640543,
              5.546314136027202
            ],
            [
              -0.27358376399090995,
              5.546314136027202
            ],
            [
              -0.27358376399090995,
              5.541809631522697
            ],
            [
              -0.26907925948640543,
              5.541809631522697
            ]
          ]
        ]
      }
    },
    {
      "type": "Feature",
      "properties": {
        "zone_id": "grid_r5_c3",
        "assembly": "Ablekuma West Municipal",
        "boundary_overlap_frac": 1.0,
        "score": 22.7,
        "level": "Low",
        "water_occ_pct": 6.0,
        "low_elev_frac_pct": 0.0,
        "median_elev_m": 23.8,
        "wetland_water_pct": 0.0,
        "vegetation_pct": 0.0,
        "impervious_pct": 100.0,
        "pixel_count": 25,
        "scenes_used": 40,
        "sources": [
          "sentinel-1-grd (Planetary Computer)",
          "cop-dem-glo-30",
          "esa-worldcover 2021"
        ],
        "computed_at": "2026-08-22T21:22:08.090720+00:00",
        "s2_scenes_used": 40,
        "s2_dry_season_water_occ_pct": 8.3,
        "s2_comparison_label": "agree",
        "s2_comparison_caveat": "Sentinel-2 sample is cloud-filtered (<20% cover), which excludes ~93% of rainy-season scenes (0 of 40 sampled scenes were from June/July). This field is a DRY-SEASON optical baseline, not a flood-season cross-check -- SAR-S2 spatial correlation was ~0 (r=-0.07) because the two sensors sample different seasonal populations, not because either is wrong. Do not read this as a validated QA agreement signal."
      },
      "geometry": {
        "type": "Polygon",
        "coordinates": [
          [
            [
              -0.2645747549819009,
              5.541809631522697
            ],
            [
              -0.2645747549819009,
              5.546314136027202
            ],
            [
              -0.26907925948640543,
              5.546314136027202
            ],
            [
              -0.26907925948640543,
              5.541809631522697
            ],
            [
              -0.2645747549819009,
              5.541809631522697
            ]
          ]
        ]
      }
    },
    {
      "type": "Feature",
      "properties": {
        "zone_id": "grid_r5_c4",
        "assembly": "Ablekuma West Municipal",
        "boundary_overlap_frac": 1.0,
        "score": 21.2,
        "level": "Low",
        "water_occ_pct": 2.6,
        "low_elev_frac_pct": 0.0,
        "median_elev_m": 25.3,
        "wetland_water_pct": 0.0,
        "vegetation_pct": 0.0,
        "impervious_pct": 100.0,
        "pixel_count": 25,
        "scenes_used": 40,
        "sources": [
          "sentinel-1-grd (Planetary Computer)",
          "cop-dem-glo-30",
          "esa-worldcover 2021"
        ],
        "computed_at": "2026-08-22T21:22:08.092004+00:00",
        "s2_scenes_used": 40,
        "s2_dry_season_water_occ_pct": 0.0,
        "s2_comparison_label": "agree",
        "s2_comparison_caveat": "Sentinel-2 sample is cloud-filtered (<20% cover), which excludes ~93% of rainy-season scenes (0 of 40 sampled scenes were from June/July). This field is a DRY-SEASON optical baseline, not a flood-season cross-check -- SAR-S2 spatial correlation was ~0 (r=-0.07) because the two sensors sample different seasonal populations, not because either is wrong. Do not read this as a validated QA agreement signal."
      },
      "geometry": {
        "type": "Polygon",
        "coordinates": [
          [
            [
              -0.2600702504773964,
              5.541809631522697
            ],
            [
              -0.2600702504773964,
              5.546314136027202
            ],
            [
              -0.2645747549819009,
              5.546314136027202
            ],
            [
              -0.2645747549819009,
              5.541809631522697
            ],
            [
              -0.2600702504773964,
              5.541809631522697
            ]
          ]
        ]
      }
    },
    {
      "type": "Feature",
      "properties": {
        "zone_id": "grid_r5_c5",
        "assembly": "Ablekuma West Municipal",
        "boundary_overlap_frac": 1.0,
        "score": 22.3,
        "level": "Low",
        "water_occ_pct": 5.2,
        "low_elev_frac_pct": 0.0,
        "median_elev_m": 17.4,
        "wetland_water_pct": 0.0,
        "vegetation_pct": 0.0,
        "impervious_pct": 100.0,
        "pixel_count": 25,
        "scenes_used": 40,
        "sources": [
          "sentinel-1-grd (Planetary Computer)",
          "cop-dem-glo-30",
          "esa-worldcover 2021"
        ],
        "computed_at": "2026-08-22T21:22:08.093283+00:00",
        "s2_scenes_used": 40,
        "s2_dry_season_water_occ_pct": 0.0,
        "s2_comparison_label": "minor_disagreement",
        "s2_comparison_caveat": "Sentinel-2 sample is cloud-filtered (<20% cover), which excludes ~93% of rainy-season scenes (0 of 40 sampled scenes were from June/July). This field is a DRY-SEASON optical baseline, not a flood-season cross-check -- SAR-S2 spatial correlation was ~0 (r=-0.07) because the two sensors sample different seasonal populations, not because either is wrong. Do not read this as a validated QA agreement signal."
      },
      "geometry": {
        "type": "Polygon",
        "coordinates": [
          [
            [
              -0.2555657459728919,
              5.541809631522697
            ],
            [
              -0.2555657459728919,
              5.546314136027202
            ],
            [
              -0.2600702504773964,
              5.546314136027202
            ],
            [
              -0.2600702504773964,
              5.541809631522697
            ],
            [
              -0.2555657459728919,
              5.541809631522697
            ]
          ]
        ]
      }
    },
    {
      "type": "Feature",
      "properties": {
        "zone_id": "grid_r5_c6",
        "assembly": "Ablekuma Central Municipal",
        "boundary_overlap_frac": 1.0,
        "score": 20.5,
        "level": "Low",
        "water_occ_pct": 1.1,
        "low_elev_frac_pct": 0.0,
        "median_elev_m": 30.0,
        "wetland_water_pct": 0.0,
        "vegetation_pct": 0.0,
        "impervious_pct": 100.0,
        "pixel_count": 25,
        "scenes_used": 40,
        "sources": [
          "sentinel-1-grd (Planetary Computer)",
          "cop-dem-glo-30",
          "esa-worldcover 2021"
        ],
        "computed_at": "2026-08-22T21:22:08.094553+00:00",
        "s2_scenes_used": 40,
        "s2_dry_season_water_occ_pct": 0.0,
        "s2_comparison_label": "agree",
        "s2_comparison_caveat": "Sentinel-2 sample is cloud-filtered (<20% cover), which excludes ~93% of rainy-season scenes (0 of 40 sampled scenes were from June/July). This field is a DRY-SEASON optical baseline, not a flood-season cross-check -- SAR-S2 spatial correlation was ~0 (r=-0.07) because the two sensors sample different seasonal populations, not because either is wrong. Do not read this as a validated QA agreement signal."
      },
      "geometry": {
        "type": "Polygon",
        "coordinates": [
          [
            [
              -0.2510612414683874,
              5.541809631522697
            ],
            [
              -0.2510612414683874,
              5.546314136027202
            ],
            [
              -0.2555657459728919,
              5.546314136027202
            ],
            [
              -0.2555657459728919,
              5.541809631522697
            ],
            [
              -0.2510612414683874,
              5.541809631522697
            ]
          ]
        ]
      }
    },
    {
      "type": "Feature",
      "properties": {
        "zone_id": "grid_r5_c7",
        "assembly": "Ablekuma Central Municipal",
        "boundary_overlap_frac": 1.0,
        "score": 25.6,
        "level": "Moderate",
        "water_occ_pct": 12.5,
        "low_elev_frac_pct": 0.0,
        "median_elev_m": 21.0,
        "wetland_water_pct": 0.0,
        "vegetation_pct": 0.0,
        "impervious_pct": 100.0,
        "pixel_count": 25,
        "scenes_used": 40,
        "sources": [
          "sentinel-1-grd (Planetary Computer)",
          "cop-dem-glo-30",
          "esa-worldcover 2021"
        ],
        "computed_at": "2026-08-22T21:22:08.095812+00:00",
        "s2_scenes_used": 40,
        "s2_dry_season_water_occ_pct": 0.0,
        "s2_comparison_label": "minor_disagreement",
        "s2_comparison_caveat": "Sentinel-2 sample is cloud-filtered (<20% cover), which excludes ~93% of rainy-season scenes (0 of 40 sampled scenes were from June/July). This field is a DRY-SEASON optical baseline, not a flood-season cross-check -- SAR-S2 spatial correlation was ~0 (r=-0.07) because the two sensors sample different seasonal populations, not because either is wrong. Do not read this as a validated QA agreement signal."
      },
      "geometry": {
        "type": "Polygon",
        "coordinates": [
          [
            [
              -0.24655673696388286,
              5.541809631522697
            ],
            [
              -0.24655673696388286,
              5.546314136027202
            ],
            [
              -0.2510612414683874,
              5.546314136027202
            ],
            [
              -0.2510612414683874,
              5.541809631522697
            ],
            [
              -0.24655673696388286,
              5.541809631522697
            ]
          ]
        ]
      }
    },
    {
      "type": "Feature",
      "properties": {
        "zone_id": "grid_r5_c8",
        "assembly": "Ablekuma Central Municipal",
        "boundary_overlap_frac": 1.0,
        "score": 22.0,
        "level": "Low",
        "water_occ_pct": 6.3,
        "low_elev_frac_pct": 0.0,
        "median_elev_m": 22.7,
        "wetland_water_pct": 0.0,
        "vegetation_pct": 0.0,
        "impervious_pct": 96.0,
        "pixel_count": 25,
        "scenes_used": 40,
        "sources": [
          "sentinel-1-grd (Planetary Computer)",
          "cop-dem-glo-30",
          "esa-worldcover 2021"
        ],
        "computed_at": "2026-08-22T21:22:08.097103+00:00",
        "s2_scenes_used": 40,
        "s2_dry_season_water_occ_pct": 0.0,
        "s2_comparison_label": "minor_disagreement",
        "s2_comparison_caveat": "Sentinel-2 sample is cloud-filtered (<20% cover), which excludes ~93% of rainy-season scenes (0 of 40 sampled scenes were from June/July). This field is a DRY-SEASON optical baseline, not a flood-season cross-check -- SAR-S2 spatial correlation was ~0 (r=-0.07) because the two sensors sample different seasonal populations, not because either is wrong. Do not read this as a validated QA agreement signal."
      },
      "geometry": {
        "type": "Polygon",
        "coordinates": [
          [
            [
              -0.24205223245937835,
              5.541809631522697
            ],
            [
              -0.24205223245937835,
              5.546314136027202
            ],
            [
              -0.24655673696388286,
              5.546314136027202
            ],
            [
              -0.24655673696388286,
              5.541809631522697
            ],
            [
              -0.24205223245937835,
              5.541809631522697
            ]
          ]
        ]
      }
    },
    {
      "type": "Feature",
      "properties": {
        "zone_id": "grid_r5_c9",
        "assembly": "Ablekuma Central Municipal",
        "boundary_overlap_frac": 1.0,
        "score": 19.7,
        "level": "Low",
        "water_occ_pct": 4.6,
        "low_elev_frac_pct": 0.0,
        "median_elev_m": 20.9,
        "wetland_water_pct": 0.0,
        "vegetation_pct": 4.0,
        "impervious_pct": 88.0,
        "pixel_count": 25,
        "scenes_used": 40,
        "sources": [
          "sentinel-1-grd (Planetary Computer)",
          "cop-dem-glo-30",
          "esa-worldcover 2021"
        ],
        "computed_at": "2026-08-22T21:22:08.098374+00:00",
        "s2_scenes_used": 40,
        "s2_dry_season_water_occ_pct": 0.0,
        "s2_comparison_label": "agree",
        "s2_comparison_caveat": "Sentinel-2 sample is cloud-filtered (<20% cover), which excludes ~93% of rainy-season scenes (0 of 40 sampled scenes were from June/July). This field is a DRY-SEASON optical baseline, not a flood-season cross-check -- SAR-S2 spatial correlation was ~0 (r=-0.07) because the two sensors sample different seasonal populations, not because either is wrong. Do not read this as a validated QA agreement signal."
      },
      "geometry": {
        "type": "Polygon",
        "coordinates": [
          [
            [
              -0.23754772795487383,
              5.541809631522697
            ],
            [
              -0.23754772795487383,
              5.546314136027202
            ],
            [
              -0.24205223245937835,
              5.546314136027202
            ],
            [
              -0.24205223245937835,
              5.541809631522697
            ],
            [
              -0.23754772795487383,
              5.541809631522697
            ]
          ]
        ]
      }
    },
    {
      "type": "Feature",
      "properties": {
        "zone_id": "grid_r5_c10",
        "assembly": "Ablekuma Central Municipal",
        "boundary_overlap_frac": 1.0,
        "score": 20.5,
        "level": "Low",
        "water_occ_pct": 11.8,
        "low_elev_frac_pct": 0.0,
        "median_elev_m": 22.7,
        "wetland_water_pct": 0.0,
        "vegetation_pct": 24.0,
        "impervious_pct": 76.0,
        "pixel_count": 25,
        "scenes_used": 40,
        "sources": [
          "sentinel-1-grd (Planetary Computer)",
          "cop-dem-glo-30",
          "esa-worldcover 2021"
        ],
        "computed_at": "2026-08-22T21:22:08.100421+00:00",
        "s2_scenes_used": 40,
        "s2_dry_season_water_occ_pct": 0.0,
        "s2_comparison_label": "minor_disagreement",
        "s2_comparison_caveat": "Sentinel-2 sample is cloud-filtered (<20% cover), which excludes ~93% of rainy-season scenes (0 of 40 sampled scenes were from June/July). This field is a DRY-SEASON optical baseline, not a flood-season cross-check -- SAR-S2 spatial correlation was ~0 (r=-0.07) because the two sensors sample different seasonal populations, not because either is wrong. Do not read this as a validated QA agreement signal."
      },
      "geometry": {
        "type": "Polygon",
        "coordinates": [
          [
            [
              -0.23304322345036932,
              5.541809631522697
            ],
            [
              -0.23304322345036932,
              5.546314136027202
            ],
            [
              -0.23754772795487383,
              5.546314136027202
            ],
            [
              -0.23754772795487383,
              5.541809631522697
            ],
            [
              -0.23304322345036932,
              5.541809631522697
            ]
          ]
        ]
      }
    },
    {
      "type": "Feature",
      "properties": {
        "zone_id": "grid_r5_c11",
        "assembly": "Ablekuma Central Municipal",
        "boundary_overlap_frac": 1.0,
        "score": 16.7,
        "level": "Low",
        "water_occ_pct": 8.6,
        "low_elev_frac_pct": 0.0,
        "median_elev_m": 20.6,
        "wetland_water_pct": 0.0,
        "vegetation_pct": 36.0,
        "impervious_pct": 64.0,
        "pixel_count": 25,
        "scenes_used": 40,
        "sources": [
          "sentinel-1-grd (Planetary Computer)",
          "cop-dem-glo-30",
          "esa-worldcover 2021"
        ],
        "computed_at": "2026-08-22T21:22:08.101672+00:00",
        "s2_scenes_used": 40,
        "s2_dry_season_water_occ_pct": 0.0,
        "s2_comparison_label": "minor_disagreement",
        "s2_comparison_caveat": "Sentinel-2 sample is cloud-filtered (<20% cover), which excludes ~93% of rainy-season scenes (0 of 40 sampled scenes were from June/July). This field is a DRY-SEASON optical baseline, not a flood-season cross-check -- SAR-S2 spatial correlation was ~0 (r=-0.07) because the two sensors sample different seasonal populations, not because either is wrong. Do not read this as a validated QA agreement signal."
      },
      "geometry": {
        "type": "Polygon",
        "coordinates": [
          [
            [
              -0.2285387189458648,
              5.541809631522697
            ],
            [
              -0.2285387189458648,
              5.546314136027202
            ],
            [
              -0.23304322345036932,
              5.546314136027202
            ],
            [
              -0.23304322345036932,
              5.541809631522697
            ],
            [
              -0.2285387189458648,
              5.541809631522697
            ]
          ]
        ]
      }
    },
    {
      "type": "Feature",
      "properties": {
        "zone_id": "grid_r5_c12",
        "assembly": "Ablekuma Central Municipal",
        "boundary_overlap_frac": 1.0,
        "score": 25.8,
        "level": "Moderate",
        "water_occ_pct": 5.7,
        "low_elev_frac_pct": 32.0,
        "median_elev_m": 8.0,
        "wetland_water_pct": 4.0,
        "vegetation_pct": 28.0,
        "impervious_pct": 60.0,
        "pixel_count": 25,
        "scenes_used": 40,
        "sources": [
          "sentinel-1-grd (Planetary Computer)",
          "cop-dem-glo-30",
          "esa-worldcover 2021"
        ],
        "computed_at": "2026-08-22T21:22:08.105367+00:00",
        "s2_scenes_used": 40,
        "s2_dry_season_water_occ_pct": 0.0,
        "s2_comparison_label": "minor_disagreement",
        "s2_comparison_caveat": "Sentinel-2 sample is cloud-filtered (<20% cover), which excludes ~93% of rainy-season scenes (0 of 40 sampled scenes were from June/July). This field is a DRY-SEASON optical baseline, not a flood-season cross-check -- SAR-S2 spatial correlation was ~0 (r=-0.07) because the two sensors sample different seasonal populations, not because either is wrong. Do not read this as a validated QA agreement signal."
      },
      "geometry": {
        "type": "Polygon",
        "coordinates": [
          [
            [
              -0.2240342144413603,
              5.541809631522697
            ],
            [
              -0.2240342144413603,
              5.546314136027202
            ],
            [
              -0.2285387189458648,
              5.546314136027202
            ],
            [
              -0.2285387189458648,
              5.541809631522697
            ],
            [
              -0.2240342144413603,
              5.541809631522697
            ]
          ]
        ]
      }
    },
    {
      "type": "Feature",
      "properties": {
        "zone_id": "grid_r5_c13",
        "assembly": "Accra Metropolis",
        "boundary_overlap_frac": 1.0,
        "score": 44.4,
        "level": "Moderate",
        "water_occ_pct": 4.1,
        "low_elev_frac_pct": 76.0,
        "median_elev_m": 4.2,
        "wetland_water_pct": 4.0,
        "vegetation_pct": 4.0,
        "impervious_pct": 80.0,
        "pixel_count": 25,
        "scenes_used": 40,
        "sources": [
          "sentinel-1-grd (Planetary Computer)",
          "cop-dem-glo-30",
          "esa-worldcover 2021"
        ],
        "computed_at": "2026-08-22T21:22:08.106678+00:00",
        "s2_scenes_used": 40,
        "s2_dry_season_water_occ_pct": 0.0,
        "s2_comparison_label": "agree",
        "s2_comparison_caveat": "Sentinel-2 sample is cloud-filtered (<20% cover), which excludes ~93% of rainy-season scenes (0 of 40 sampled scenes were from June/July). This field is a DRY-SEASON optical baseline, not a flood-season cross-check -- SAR-S2 spatial correlation was ~0 (r=-0.07) because the two sensors sample different seasonal populations, not because either is wrong. Do not read this as a validated QA agreement signal."
      },
      "geometry": {
        "type": "Polygon",
        "coordinates": [
          [
            [
              -0.21952970993685578,
              5.541809631522697
            ],
            [
              -0.21952970993685578,
              5.546314136027202
            ],
            [
              -0.2240342144413603,
              5.546314136027202
            ],
            [
              -0.2240342144413603,
              5.541809631522697
            ],
            [
              -0.21952970993685578,
              5.541809631522697
            ]
          ]
        ]
      }
    },
    {
      "type": "Feature",
      "properties": {
        "zone_id": "grid_r5_c14",
        "assembly": "Accra Metropolis",
        "boundary_overlap_frac": 1.0,
        "score": 28.7,
        "level": "Moderate",
        "water_occ_pct": 16.3,
        "low_elev_frac_pct": 4.0,
        "median_elev_m": 12.5,
        "wetland_water_pct": 0.0,
        "vegetation_pct": 0.0,
        "impervious_pct": 100.0,
        "pixel_count": 25,
        "scenes_used": 40,
        "sources": [
          "sentinel-1-grd (Planetary Computer)",
          "cop-dem-glo-30",
          "esa-worldcover 2021"
        ],
        "computed_at": "2026-08-22T21:22:08.108021+00:00",
        "s2_scenes_used": 40,
        "s2_dry_season_water_occ_pct": 0.0,
        "s2_comparison_label": "major_disagreement",
        "s2_comparison_caveat": "Sentinel-2 sample is cloud-filtered (<20% cover), which excludes ~93% of rainy-season scenes (0 of 40 sampled scenes were from June/July). This field is a DRY-SEASON optical baseline, not a flood-season cross-check -- SAR-S2 spatial correlation was ~0 (r=-0.07) because the two sensors sample different seasonal populations, not because either is wrong. Do not read this as a validated QA agreement signal."
      },
      "geometry": {
        "type": "Polygon",
        "coordinates": [
          [
            [
              -0.21502520543235126,
              5.541809631522697
            ],
            [
              -0.21502520543235126,
              5.546314136027202
            ],
            [
              -0.21952970993685578,
              5.546314136027202
            ],
            [
              -0.21952970993685578,
              5.541809631522697
            ],
            [
              -0.21502520543235126,
              5.541809631522697
            ]
          ]
        ]
      }
    },
    {
      "type": "Feature",
      "properties": {
        "zone_id": "grid_r5_c15",
        "assembly": "Accra Metropolis",
        "boundary_overlap_frac": 1.0,
        "score": 25.9,
        "level": "Moderate",
        "water_occ_pct": 13.2,
        "low_elev_frac_pct": 0.0,
        "median_elev_m": 11.1,
        "wetland_water_pct": 0.0,
        "vegetation_pct": 0.0,
        "impervious_pct": 100.0,
        "pixel_count": 25,
        "scenes_used": 40,
        "sources": [
          "sentinel-1-grd (Planetary Computer)",
          "cop-dem-glo-30",
          "esa-worldcover 2021"
        ],
        "computed_at": "2026-08-22T21:22:08.109332+00:00",
        "s2_scenes_used": 40,
        "s2_dry_season_water_occ_pct": 0.0,
        "s2_comparison_label": "minor_disagreement",
        "s2_comparison_caveat": "Sentinel-2 sample is cloud-filtered (<20% cover), which excludes ~93% of rainy-season scenes (0 of 40 sampled scenes were from June/July). This field is a DRY-SEASON optical baseline, not a flood-season cross-check -- SAR-S2 spatial correlation was ~0 (r=-0.07) because the two sensors sample different seasonal populations, not because either is wrong. Do not read this as a validated QA agreement signal."
      },
      "geometry": {
        "type": "Polygon",
        "coordinates": [
          [
            [
              -0.21052070092784675,
              5.541809631522697
            ],
            [
              -0.21052070092784675,
              5.546314136027202
            ],
            [
              -0.21502520543235126,
              5.546314136027202
            ],
            [
              -0.21502520543235126,
              5.541809631522697
            ],
            [
              -0.21052070092784675,
              5.541809631522697
            ]
          ]
        ]
      }
    },
    {
      "type": "Feature",
      "properties": {
        "zone_id": "grid_r5_c16",
        "assembly": "Accra Metropolis",
        "boundary_overlap_frac": 1.0,
        "score": 24.1,
        "level": "Low",
        "water_occ_pct": 9.1,
        "low_elev_frac_pct": 0.0,
        "median_elev_m": 13.9,
        "wetland_water_pct": 0.0,
        "vegetation_pct": 0.0,
        "impervious_pct": 100.0,
        "pixel_count": 25,
        "scenes_used": 40,
        "sources": [
          "sentinel-1-grd (Planetary Computer)",
          "cop-dem-glo-30",
          "esa-worldcover 2021"
        ],
        "computed_at": "2026-08-22T21:22:08.110613+00:00",
        "s2_scenes_used": 40,
        "s2_dry_season_water_occ_pct": 0.0,
        "s2_comparison_label": "minor_disagreement",
        "s2_comparison_caveat": "Sentinel-2 sample is cloud-filtered (<20% cover), which excludes ~93% of rainy-season scenes (0 of 40 sampled scenes were from June/July). This field is a DRY-SEASON optical baseline, not a flood-season cross-check -- SAR-S2 spatial correlation was ~0 (r=-0.07) because the two sensors sample different seasonal populations, not because either is wrong. Do not read this as a validated QA agreement signal."
      },
      "geometry": {
        "type": "Polygon",
        "coordinates": [
          [
            [
              -0.20601619642334223,
              5.541809631522697
            ],
            [
              -0.20601619642334223,
              5.546314136027202
            ],
            [
              -0.21052070092784675,
              5.546314136027202
            ],
            [
              -0.21052070092784675,
              5.541809631522697
            ],
            [
              -0.20601619642334223,
              5.541809631522697
            ]
          ]
        ]
      }
    },
    {
      "type": "Feature",
      "properties": {
        "zone_id": "grid_r5_c17",
        "assembly": "Accra Metropolis",
        "boundary_overlap_frac": 0.978,
        "score": 22.9,
        "level": "Low",
        "water_occ_pct": 5.2,
        "low_elev_frac_pct": 4.0,
        "median_elev_m": 17.9,
        "wetland_water_pct": 0.0,
        "vegetation_pct": 0.0,
        "impervious_pct": 96.0,
        "pixel_count": 25,
        "scenes_used": 40,
        "sources": [
          "sentinel-1-grd (Planetary Computer)",
          "cop-dem-glo-30",
          "esa-worldcover 2021"
        ],
        "computed_at": "2026-08-22T21:22:08.111909+00:00",
        "s2_scenes_used": 40,
        "s2_dry_season_water_occ_pct": 0.0,
        "s2_comparison_label": "minor_disagreement",
        "s2_comparison_caveat": "Sentinel-2 sample is cloud-filtered (<20% cover), which excludes ~93% of rainy-season scenes (0 of 40 sampled scenes were from June/July). This field is a DRY-SEASON optical baseline, not a flood-season cross-check -- SAR-S2 spatial correlation was ~0 (r=-0.07) because the two sensors sample different seasonal populations, not because either is wrong. Do not read this as a validated QA agreement signal."
      },
      "geometry": {
        "type": "Polygon",
        "coordinates": [
          [
            [
              -0.20151169191883772,
              5.541809631522697
            ],
            [
              -0.20151169191883772,
              5.546314136027202
            ],
            [
              -0.20601619642334223,
              5.546314136027202
            ],
            [
              -0.20601619642334223,
              5.541809631522697
            ],
            [
              -0.20151169191883772,
              5.541809631522697
            ]
          ]
        ]
      }
    },
    {
      "type": "Feature",
      "properties": {
        "zone_id": "grid_r5_c18",
        "assembly": "Accra Metropolis",
        "boundary_overlap_frac": 0.576,
        "score": 30.5,
        "level": "Moderate",
        "water_occ_pct": 18.1,
        "low_elev_frac_pct": 32.0,
        "median_elev_m": 9.4,
        "wetland_water_pct": 24.0,
        "vegetation_pct": 0.0,
        "impervious_pct": 56.0,
        "pixel_count": 25,
        "scenes_used": 40,
        "sources": [
          "sentinel-1-grd (Planetary Computer)",
          "cop-dem-glo-30",
          "esa-worldcover 2021"
        ],
        "computed_at": "2026-08-22T21:22:08.113176+00:00",
        "s2_scenes_used": 40,
        "s2_dry_season_water_occ_pct": 1.84,
        "s2_comparison_label": "major_disagreement",
        "s2_comparison_caveat": "Sentinel-2 sample is cloud-filtered (<20% cover), which excludes ~93% of rainy-season scenes (0 of 40 sampled scenes were from June/July). This field is a DRY-SEASON optical baseline, not a flood-season cross-check -- SAR-S2 spatial correlation was ~0 (r=-0.07) because the two sensors sample different seasonal populations, not because either is wrong. Do not read this as a validated QA agreement signal."
      },
      "geometry": {
        "type": "Polygon",
        "coordinates": [
          [
            [
              -0.1970071874143332,
              5.541809631522697
            ],
            [
              -0.1970071874143332,
              5.546314136027202
            ],
            [
              -0.20151169191883772,
              5.546314136027202
            ],
            [
              -0.20151169191883772,
              5.541809631522697
            ],
            [
              -0.1970071874143332,
              5.541809631522697
            ]
          ]
        ]
      }
    },
    {
      "type": "Feature",
      "properties": {
        "zone_id": "grid_r5_c19",
        "assembly": "Korle Klottey Municipal",
        "boundary_overlap_frac": 0.353,
        "score": 26.2,
        "level": "Moderate",
        "water_occ_pct": 5.3,
        "low_elev_frac_pct": 52.0,
        "median_elev_m": 1.6,
        "wetland_water_pct": 48.0,
        "vegetation_pct": 4.0,
        "impervious_pct": 28.0,
        "pixel_count": 25,
        "scenes_used": 40,
        "sources": [
          "sentinel-1-grd (Planetary Computer)",
          "cop-dem-glo-30",
          "esa-worldcover 2021"
        ],
        "computed_at": "2026-08-22T21:22:08.114504+00:00",
        "s2_scenes_used": 40,
        "s2_dry_season_water_occ_pct": 6.45,
        "s2_comparison_label": "agree",
        "s2_comparison_caveat": "Sentinel-2 sample is cloud-filtered (<20% cover), which excludes ~93% of rainy-season scenes (0 of 40 sampled scenes were from June/July). This field is a DRY-SEASON optical baseline, not a flood-season cross-check -- SAR-S2 spatial correlation was ~0 (r=-0.07) because the two sensors sample different seasonal populations, not because either is wrong. Do not read this as a validated QA agreement signal."
      },
      "geometry": {
        "type": "Polygon",
        "coordinates": [
          [
            [
              -0.1925026829098287,
              5.541809631522697
            ],
            [
              -0.1925026829098287,
              5.546314136027202
            ],
            [
              -0.1970071874143332,
              5.546314136027202
            ],
            [
              -0.1970071874143332,
              5.541809631522697
            ],
            [
              -0.1925026829098287,
              5.541809631522697
            ]
          ]
        ]
      }
    },
    {
      "type": "Feature",
      "properties": {
        "zone_id": "grid_r5_c20",
        "assembly": "Korle Klottey Municipal",
        "boundary_overlap_frac": 0.316,
        "score": 36.5,
        "level": "Moderate",
        "water_occ_pct": 2.5,
        "low_elev_frac_pct": 93.33,
        "median_elev_m": 0.0,
        "wetland_water_pct": 73.33,
        "vegetation_pct": 0.0,
        "impervious_pct": 13.33,
        "pixel_count": 30,
        "scenes_used": 40,
        "sources": [
          "sentinel-1-grd (Planetary Computer)",
          "cop-dem-glo-30",
          "esa-worldcover 2021"
        ],
        "computed_at": "2026-08-22T21:22:08.115845+00:00",
        "s2_scenes_used": 40,
        "s2_dry_season_water_occ_pct": 12.27,
        "s2_comparison_label": "minor_disagreement",
        "s2_comparison_caveat": "Sentinel-2 sample is cloud-filtered (<20% cover), which excludes ~93% of rainy-season scenes (0 of 40 sampled scenes were from June/July). This field is a DRY-SEASON optical baseline, not a flood-season cross-check -- SAR-S2 spatial correlation was ~0 (r=-0.07) because the two sensors sample different seasonal populations, not because either is wrong. Do not read this as a validated QA agreement signal."
      },
      "geometry": {
        "type": "Polygon",
        "coordinates": [
          [
            [
              -0.18799817840532418,
              5.541809631522697
            ],
            [
              -0.18799817840532418,
              5.546314136027202
            ],
            [
              -0.1925026829098287,
              5.546314136027202
            ],
            [
              -0.1925026829098287,
              5.541809631522697
            ],
            [
              -0.18799817840532418,
              5.541809631522697
            ]
          ]
        ]
      }
    },
    {
      "type": "Feature",
      "properties": {
        "zone_id": "grid_r6_c1",
        "assembly": "Ablekuma West Municipal",
        "boundary_overlap_frac": 0.361,
        "score": 42.2,
        "level": "Moderate",
        "water_occ_pct": 0.5,
        "low_elev_frac_pct": 88.0,
        "median_elev_m": 2.5,
        "wetland_water_pct": 0.0,
        "vegetation_pct": 36.0,
        "impervious_pct": 56.0,
        "pixel_count": 25,
        "scenes_used": 40,
        "sources": [
          "sentinel-1-grd (Planetary Computer)",
          "cop-dem-glo-30",
          "esa-worldcover 2021"
        ],
        "computed_at": "2026-08-22T21:22:08.117084+00:00",
        "s2_scenes_used": 40,
        "s2_dry_season_water_occ_pct": 0.24,
        "s2_comparison_label": "agree",
        "s2_comparison_caveat": "Sentinel-2 sample is cloud-filtered (<20% cover), which excludes ~93% of rainy-season scenes (0 of 40 sampled scenes were from June/July). This field is a DRY-SEASON optical baseline, not a flood-season cross-check -- SAR-S2 spatial correlation was ~0 (r=-0.07) because the two sensors sample different seasonal populations, not because either is wrong. Do not read this as a validated QA agreement signal."
      },
      "geometry": {
        "type": "Polygon",
        "coordinates": [
          [
            [
              -0.27358376399090995,
              5.546314136027202
            ],
            [
              -0.27358376399090995,
              5.550818640531706
            ],
            [
              -0.27808826849541446,
              5.550818640531706
            ],
            [
              -0.27808826849541446,
              5.546314136027202
            ],
            [
              -0.27358376399090995,
              5.546314136027202
            ]
          ]
        ]
      }
    },
    {
      "type": "Feature",
      "properties": {
        "zone_id": "grid_r6_c2",
        "assembly": "Ablekuma West Municipal",
        "boundary_overlap_frac": 1.0,
        "score": 29.4,
        "level": "Moderate",
        "water_occ_pct": 13.4,
        "low_elev_frac_pct": 12.0,
        "median_elev_m": 11.0,
        "wetland_water_pct": 0.0,
        "vegetation_pct": 4.0,
        "impervious_pct": 96.0,
        "pixel_count": 25,
        "scenes_used": 40,
        "sources": [
          "sentinel-1-grd (Planetary Computer)",
          "cop-dem-glo-30",
          "esa-worldcover 2021"
        ],
        "computed_at": "2026-08-22T21:22:08.118341+00:00",
        "s2_scenes_used": 40,
        "s2_dry_season_water_occ_pct": 0.0,
        "s2_comparison_label": "minor_disagreement",
        "s2_comparison_caveat": "Sentinel-2 sample is cloud-filtered (<20% cover), which excludes ~93% of rainy-season scenes (0 of 40 sampled scenes were from June/July). This field is a DRY-SEASON optical baseline, not a flood-season cross-check -- SAR-S2 spatial correlation was ~0 (r=-0.07) because the two sensors sample different seasonal populations, not because either is wrong. Do not read this as a validated QA agreement signal."
      },
      "geometry": {
        "type": "Polygon",
        "coordinates": [
          [
            [
              -0.26907925948640543,
              5.546314136027202
            ],
            [
              -0.26907925948640543,
              5.550818640531706
            ],
            [
              -0.27358376399090995,
              5.550818640531706
            ],
            [
              -0.27358376399090995,
              5.546314136027202
            ],
            [
              -0.26907925948640543,
              5.546314136027202
            ]
          ]
        ]
      }
    },
    {
      "type": "Feature",
      "properties": {
        "zone_id": "grid_r6_c3",
        "assembly": "Ablekuma West Municipal",
        "boundary_overlap_frac": 1.0,
        "score": 19.2,
        "level": "Low",
        "water_occ_pct": 1.8,
        "low_elev_frac_pct": 0.0,
        "median_elev_m": 23.6,
        "wetland_water_pct": 0.0,
        "vegetation_pct": 8.0,
        "impervious_pct": 92.0,
        "pixel_count": 25,
        "scenes_used": 40,
        "sources": [
          "sentinel-1-grd (Planetary Computer)",
          "cop-dem-glo-30",
          "esa-worldcover 2021"
        ],
        "computed_at": "2026-08-22T21:22:08.119628+00:00",
        "s2_scenes_used": 40,
        "s2_dry_season_water_occ_pct": 0.0,
        "s2_comparison_label": "agree",
        "s2_comparison_caveat": "Sentinel-2 sample is cloud-filtered (<20% cover), which excludes ~93% of rainy-season scenes (0 of 40 sampled scenes were from June/July). This field is a DRY-SEASON optical baseline, not a flood-season cross-check -- SAR-S2 spatial correlation was ~0 (r=-0.07) because the two sensors sample different seasonal populations, not because either is wrong. Do not read this as a validated QA agreement signal."
      },
      "geometry": {
        "type": "Polygon",
        "coordinates": [
          [
            [
              -0.2645747549819009,
              5.546314136027202
            ],
            [
              -0.2645747549819009,
              5.550818640531706
            ],
            [
              -0.26907925948640543,
              5.550818640531706
            ],
            [
              -0.26907925948640543,
              5.546314136027202
            ],
            [
              -0.2645747549819009,
              5.546314136027202
            ]
          ]
        ]
      }
    },
    {
      "type": "Feature",
      "properties": {
        "zone_id": "grid_r6_c4",
        "assembly": "Ablekuma West Municipal",
        "boundary_overlap_frac": 1.0,
        "score": 19.3,
        "level": "Low",
        "water_occ_pct": 0.3,
        "low_elev_frac_pct": 0.0,
        "median_elev_m": 22.5,
        "wetland_water_pct": 0.0,
        "vegetation_pct": 4.0,
        "impervious_pct": 96.0,
        "pixel_count": 25,
        "scenes_used": 40,
        "sources": [
          "sentinel-1-grd (Planetary Computer)",
          "cop-dem-glo-30",
          "esa-worldcover 2021"
        ],
        "computed_at": "2026-08-22T21:22:08.120920+00:00",
        "s2_scenes_used": 40,
        "s2_dry_season_water_occ_pct": 0.0,
        "s2_comparison_label": "agree",
        "s2_comparison_caveat": "Sentinel-2 sample is cloud-filtered (<20% cover), which excludes ~93% of rainy-season scenes (0 of 40 sampled scenes were from June/July). This field is a DRY-SEASON optical baseline, not a flood-season cross-check -- SAR-S2 spatial correlation was ~0 (r=-0.07) because the two sensors sample different seasonal populations, not because either is wrong. Do not read this as a validated QA agreement signal."
      },
      "geometry": {
        "type": "Polygon",
        "coordinates": [
          [
            [
              -0.2600702504773964,
              5.546314136027202
            ],
            [
              -0.2600702504773964,
              5.550818640531706
            ],
            [
              -0.2645747549819009,
              5.550818640531706
            ],
            [
              -0.2645747549819009,
              5.546314136027202
            ],
            [
              -0.2600702504773964,
              5.546314136027202
            ]
          ]
        ]
      }
    },
    {
      "type": "Feature",
      "properties": {
        "zone_id": "grid_r6_c5",
        "assembly": "Ablekuma Central Municipal",
        "boundary_overlap_frac": 1.0,
        "score": 21.0,
        "level": "Low",
        "water_occ_pct": 2.3,
        "low_elev_frac_pct": 0.0,
        "median_elev_m": 19.1,
        "wetland_water_pct": 0.0,
        "vegetation_pct": 0.0,
        "impervious_pct": 100.0,
        "pixel_count": 25,
        "scenes_used": 40,
        "sources": [
          "sentinel-1-grd (Planetary Computer)",
          "cop-dem-glo-30",
          "esa-worldcover 2021"
        ],
        "computed_at": "2026-08-22T21:22:08.122171+00:00",
        "s2_scenes_used": 40,
        "s2_dry_season_water_occ_pct": 0.0,
        "s2_comparison_label": "agree",
        "s2_comparison_caveat": "Sentinel-2 sample is cloud-filtered (<20% cover), which excludes ~93% of rainy-season scenes (0 of 40 sampled scenes were from June/July). This field is a DRY-SEASON optical baseline, not a flood-season cross-check -- SAR-S2 spatial correlation was ~0 (r=-0.07) because the two sensors sample different seasonal populations, not because either is wrong. Do not read this as a validated QA agreement signal."
      },
      "geometry": {
        "type": "Polygon",
        "coordinates": [
          [
            [
              -0.2555657459728919,
              5.546314136027202
            ],
            [
              -0.2555657459728919,
              5.550818640531706
            ],
            [
              -0.2600702504773964,
              5.550818640531706
            ],
            [
              -0.2600702504773964,
              5.546314136027202
            ],
            [
              -0.2555657459728919,
              5.546314136027202
            ]
          ]
        ]
      }
    },
    {
      "type": "Feature",
      "properties": {
        "zone_id": "grid_r6_c6",
        "assembly": "Ablekuma Central Municipal",
        "boundary_overlap_frac": 1.0,
        "score": 20.6,
        "level": "Low",
        "water_occ_pct": 1.3,
        "low_elev_frac_pct": 0.0,
        "median_elev_m": 30.9,
        "wetland_water_pct": 0.0,
        "vegetation_pct": 0.0,
        "impervious_pct": 100.0,
        "pixel_count": 25,
        "scenes_used": 40,
        "sources": [
          "sentinel-1-grd (Planetary Computer)",
          "cop-dem-glo-30",
          "esa-worldcover 2021"
        ],
        "computed_at": "2026-08-22T21:22:08.123417+00:00",
        "s2_scenes_used": 40,
        "s2_dry_season_water_occ_pct": 0.0,
        "s2_comparison_label": "agree",
        "s2_comparison_caveat": "Sentinel-2 sample is cloud-filtered (<20% cover), which excludes ~93% of rainy-season scenes (0 of 40 sampled scenes were from June/July). This field is a DRY-SEASON optical baseline, not a flood-season cross-check -- SAR-S2 spatial correlation was ~0 (r=-0.07) because the two sensors sample different seasonal populations, not because either is wrong. Do not read this as a validated QA agreement signal."
      },
      "geometry": {
        "type": "Polygon",
        "coordinates": [
          [
            [
              -0.2510612414683874,
              5.546314136027202
            ],
            [
              -0.2510612414683874,
              5.550818640531706
            ],
            [
              -0.2555657459728919,
              5.550818640531706
            ],
            [
              -0.2555657459728919,
              5.546314136027202
            ],
            [
              -0.2510612414683874,
              5.546314136027202
            ]
          ]
        ]
      }
    },
    {
      "type": "Feature",
      "properties": {
        "zone_id": "grid_r6_c7",
        "assembly": "Ablekuma Central Municipal",
        "boundary_overlap_frac": 1.0,
        "score": 22.2,
        "level": "Low",
        "water_occ_pct": 4.8,
        "low_elev_frac_pct": 0.0,
        "median_elev_m": 22.0,
        "wetland_water_pct": 0.0,
        "vegetation_pct": 0.0,
        "impervious_pct": 100.0,
        "pixel_count": 25,
        "scenes_used": 40,
        "sources": [
          "sentinel-1-grd (Planetary Computer)",
          "cop-dem-glo-30",
          "esa-worldcover 2021"
        ],
        "computed_at": "2026-08-22T21:22:08.124559+00:00",
        "s2_scenes_used": 40,
        "s2_dry_season_water_occ_pct": 0.0,
        "s2_comparison_label": "agree",
        "s2_comparison_caveat": "Sentinel-2 sample is cloud-filtered (<20% cover), which excludes ~93% of rainy-season scenes (0 of 40 sampled scenes were from June/July). This field is a DRY-SEASON optical baseline, not a flood-season cross-check -- SAR-S2 spatial correlation was ~0 (r=-0.07) because the two sensors sample different seasonal populations, not because either is wrong. Do not read this as a validated QA agreement signal."
      },
      "geometry": {
        "type": "Polygon",
        "coordinates": [
          [
            [
              -0.24655673696388286,
              5.546314136027202
            ],
            [
              -0.24655673696388286,
              5.550818640531706
            ],
            [
              -0.2510612414683874,
              5.550818640531706
            ],
            [
              -0.2510612414683874,
              5.546314136027202
            ],
            [
              -0.24655673696388286,
              5.546314136027202
            ]
          ]
        ]
      }
    },
    {
      "type": "Feature",
      "properties": {
        "zone_id": "grid_r6_c8",
        "assembly": "Ablekuma Central Municipal",
        "boundary_overlap_frac": 1.0,
        "score": 25.6,
        "level": "Moderate",
        "water_occ_pct": 12.5,
        "low_elev_frac_pct": 0.0,
        "median_elev_m": 27.7,
        "wetland_water_pct": 0.0,
        "vegetation_pct": 0.0,
        "impervious_pct": 100.0,
        "pixel_count": 25,
        "scenes_used": 40,
        "sources": [
          "sentinel-1-grd (Planetary Computer)",
          "cop-dem-glo-30",
          "esa-worldcover 2021"
        ],
        "computed_at": "2026-08-22T21:22:08.125842+00:00",
        "s2_scenes_used": 40,
        "s2_dry_season_water_occ_pct": 0.0,
        "s2_comparison_label": "minor_disagreement",
        "s2_comparison_caveat": "Sentinel-2 sample is cloud-filtered (<20% cover), which excludes ~93% of rainy-season scenes (0 of 40 sampled scenes were from June/July). This field is a DRY-SEASON optical baseline, not a flood-season cross-check -- SAR-S2 spatial correlation was ~0 (r=-0.07) because the two sensors sample different seasonal populations, not because either is wrong. Do not read this as a validated QA agreement signal."
      },
      "geometry": {
        "type": "Polygon",
        "coordinates": [
          [
            [
              -0.24205223245937835,
              5.546314136027202
            ],
            [
              -0.24205223245937835,
              5.550818640531706
            ],
            [
              -0.24655673696388286,
              5.550818640531706
            ],
            [
              -0.24655673696388286,
              5.546314136027202
            ],
            [
              -0.24205223245937835,
              5.546314136027202
            ]
          ]
        ]
      }
    },
    {
      "type": "Feature",
      "properties": {
        "zone_id": "grid_r6_c9",
        "assembly": "Ablekuma Central Municipal",
        "boundary_overlap_frac": 1.0,
        "score": 22.1,
        "level": "Low",
        "water_occ_pct": 6.4,
        "low_elev_frac_pct": 0.0,
        "median_elev_m": 32.5,
        "wetland_water_pct": 0.0,
        "vegetation_pct": 4.0,
        "impervious_pct": 96.0,
        "pixel_count": 25,
        "scenes_used": 40,
        "sources": [
          "sentinel-1-grd (Planetary Computer)",
          "cop-dem-glo-30",
          "esa-worldcover 2021"
        ],
        "computed_at": "2026-08-22T21:22:08.127075+00:00",
        "s2_scenes_used": 40,
        "s2_dry_season_water_occ_pct": 0.0,
        "s2_comparison_label": "minor_disagreement",
        "s2_comparison_caveat": "Sentinel-2 sample is cloud-filtered (<20% cover), which excludes ~93% of rainy-season scenes (0 of 40 sampled scenes were from June/July). This field is a DRY-SEASON optical baseline, not a flood-season cross-check -- SAR-S2 spatial correlation was ~0 (r=-0.07) because the two sensors sample different seasonal populations, not because either is wrong. Do not read this as a validated QA agreement signal."
      },
      "geometry": {
        "type": "Polygon",
        "coordinates": [
          [
            [
              -0.23754772795487383,
              5.546314136027202
            ],
            [
              -0.23754772795487383,
              5.550818640531706
            ],
            [
              -0.24205223245937835,
              5.550818640531706
            ],
            [
              -0.24205223245937835,
              5.546314136027202
            ],
            [
              -0.23754772795487383,
              5.546314136027202
            ]
          ]
        ]
      }
    },
    {
      "type": "Feature",
      "properties": {
        "zone_id": "grid_r6_c10",
        "assembly": "Ablekuma Central Municipal",
        "boundary_overlap_frac": 1.0,
        "score": 24.4,
        "level": "Low",
        "water_occ_pct": 11.6,
        "low_elev_frac_pct": 0.0,
        "median_elev_m": 26.9,
        "wetland_water_pct": 0.0,
        "vegetation_pct": 4.0,
        "impervious_pct": 96.0,
        "pixel_count": 25,
        "scenes_used": 40,
        "sources": [
          "sentinel-1-grd (Planetary Computer)",
          "cop-dem-glo-30",
          "esa-worldcover 2021"
        ],
        "computed_at": "2026-08-22T21:22:08.128271+00:00",
        "s2_scenes_used": 40,
        "s2_dry_season_water_occ_pct": 0.0,
        "s2_comparison_label": "minor_disagreement",
        "s2_comparison_caveat": "Sentinel-2 sample is cloud-filtered (<20% cover), which excludes ~93% of rainy-season scenes (0 of 40 sampled scenes were from June/July). This field is a DRY-SEASON optical baseline, not a flood-season cross-check -- SAR-S2 spatial correlation was ~0 (r=-0.07) because the two sensors sample different seasonal populations, not because either is wrong. Do not read this as a validated QA agreement signal."
      },
      "geometry": {
        "type": "Polygon",
        "coordinates": [
          [
            [
              -0.23304322345036932,
              5.546314136027202
            ],
            [
              -0.23304322345036932,
              5.550818640531706
            ],
            [
              -0.23754772795487383,
              5.550818640531706
            ],
            [
              -0.23754772795487383,
              5.546314136027202
            ],
            [
              -0.23304322345036932,
              5.546314136027202
            ]
          ]
        ]
      }
    },
    {
      "type": "Feature",
      "properties": {
        "zone_id": "grid_r6_c11",
        "assembly": "Ablekuma Central Municipal",
        "boundary_overlap_frac": 1.0,
        "score": 26.9,
        "level": "Moderate",
        "water_occ_pct": 15.3,
        "low_elev_frac_pct": 0.0,
        "median_elev_m": 17.7,
        "wetland_water_pct": 0.0,
        "vegetation_pct": 0.0,
        "impervious_pct": 100.0,
        "pixel_count": 25,
        "scenes_used": 40,
        "sources": [
          "sentinel-1-grd (Planetary Computer)",
          "cop-dem-glo-30",
          "esa-worldcover 2021"
        ],
        "computed_at": "2026-08-22T21:22:08.129406+00:00",
        "s2_scenes_used": 40,
        "s2_dry_season_water_occ_pct": 0.0,
        "s2_comparison_label": "major_disagreement",
        "s2_comparison_caveat": "Sentinel-2 sample is cloud-filtered (<20% cover), which excludes ~93% of rainy-season scenes (0 of 40 sampled scenes were from June/July). This field is a DRY-SEASON optical baseline, not a flood-season cross-check -- SAR-S2 spatial correlation was ~0 (r=-0.07) because the two sensors sample different seasonal populations, not because either is wrong. Do not read this as a validated QA agreement signal."
      },
      "geometry": {
        "type": "Polygon",
        "coordinates": [
          [
            [
              -0.2285387189458648,
              5.546314136027202
            ],
            [
              -0.2285387189458648,
              5.550818640531706
            ],
            [
              -0.23304322345036932,
              5.550818640531706
            ],
            [
              -0.23304322345036932,
              5.546314136027202
            ],
            [
              -0.2285387189458648,
              5.546314136027202
            ]
          ]
        ]
      }
    },
    {
      "type": "Feature",
      "properties": {
        "zone_id": "grid_r6_c12",
        "assembly": "Ablekuma Central Municipal",
        "boundary_overlap_frac": 1.0,
        "score": 26.8,
        "level": "Moderate",
        "water_occ_pct": 5.0,
        "low_elev_frac_pct": 52.0,
        "median_elev_m": 4.2,
        "wetland_water_pct": 8.0,
        "vegetation_pct": 4.0,
        "impervious_pct": 32.0,
        "pixel_count": 25,
        "scenes_used": 40,
        "sources": [
          "sentinel-1-grd (Planetary Computer)",
          "cop-dem-glo-30",
          "esa-worldcover 2021"
        ],
        "computed_at": "2026-08-22T21:22:08.130520+00:00",
        "s2_scenes_used": 40,
        "s2_dry_season_water_occ_pct": 0.0,
        "s2_comparison_label": "agree",
        "s2_comparison_caveat": "Sentinel-2 sample is cloud-filtered (<20% cover), which excludes ~93% of rainy-season scenes (0 of 40 sampled scenes were from June/July). This field is a DRY-SEASON optical baseline, not a flood-season cross-check -- SAR-S2 spatial correlation was ~0 (r=-0.07) because the two sensors sample different seasonal populations, not because either is wrong. Do not read this as a validated QA agreement signal."
      },
      "geometry": {
        "type": "Polygon",
        "coordinates": [
          [
            [
              -0.2240342144413603,
              5.546314136027202
            ],
            [
              -0.2240342144413603,
              5.550818640531706
            ],
            [
              -0.2285387189458648,
              5.550818640531706
            ],
            [
              -0.2285387189458648,
              5.546314136027202
            ],
            [
              -0.2240342144413603,
              5.546314136027202
            ]
          ]
        ]
      }
    },
    {
      "type": "Feature",
      "properties": {
        "zone_id": "grid_r6_c13",
        "assembly": "Accra Metropolis",
        "boundary_overlap_frac": 1.0,
        "score": 31.0,
        "level": "Moderate",
        "water_occ_pct": 8.9,
        "low_elev_frac_pct": 20.0,
        "median_elev_m": 5.5,
        "wetland_water_pct": 0.0,
        "vegetation_pct": 0.0,
        "impervious_pct": 100.0,
        "pixel_count": 25,
        "scenes_used": 40,
        "sources": [
          "sentinel-1-grd (Planetary Computer)",
          "cop-dem-glo-30",
          "esa-worldcover 2021"
        ],
        "computed_at": "2026-08-22T21:22:08.131810+00:00",
        "s2_scenes_used": 40,
        "s2_dry_season_water_occ_pct": 0.0,
        "s2_comparison_label": "minor_disagreement",
        "s2_comparison_caveat": "Sentinel-2 sample is cloud-filtered (<20% cover), which excludes ~93% of rainy-season scenes (0 of 40 sampled scenes were from June/July). This field is a DRY-SEASON optical baseline, not a flood-season cross-check -- SAR-S2 spatial correlation was ~0 (r=-0.07) because the two sensors sample different seasonal populations, not because either is wrong. Do not read this as a validated QA agreement signal."
      },
      "geometry": {
        "type": "Polygon",
        "coordinates": [
          [
            [
              -0.21952970993685578,
              5.546314136027202
            ],
            [
              -0.21952970993685578,
              5.550818640531706
            ],
            [
              -0.2240342144413603,
              5.550818640531706
            ],
            [
              -0.2240342144413603,
              5.546314136027202
            ],
            [
              -0.21952970993685578,
              5.546314136027202
            ]
          ]
        ]
      }
    },
    {
      "type": "Feature",
      "properties": {
        "zone_id": "grid_r6_c14",
        "assembly": "Accra Metropolis",
        "boundary_overlap_frac": 1.0,
        "score": 43.2,
        "level": "Moderate",
        "water_occ_pct": 26.7,
        "low_elev_frac_pct": 32.0,
        "median_elev_m": 5.4,
        "wetland_water_pct": 0.0,
        "vegetation_pct": 0.0,
        "impervious_pct": 100.0,
        "pixel_count": 25,
        "scenes_used": 40,
        "sources": [
          "sentinel-1-grd (Planetary Computer)",
          "cop-dem-glo-30",
          "esa-worldcover 2021"
        ],
        "computed_at": "2026-08-22T21:22:08.132926+00:00",
        "s2_scenes_used": 40,
        "s2_dry_season_water_occ_pct": 0.0,
        "s2_comparison_label": "major_disagreement",
        "s2_comparison_caveat": "Sentinel-2 sample is cloud-filtered (<20% cover), which excludes ~93% of rainy-season scenes (0 of 40 sampled scenes were from June/July). This field is a DRY-SEASON optical baseline, not a flood-season cross-check -- SAR-S2 spatial correlation was ~0 (r=-0.07) because the two sensors sample different seasonal populations, not because either is wrong. Do not read this as a validated QA agreement signal."
      },
      "geometry": {
        "type": "Polygon",
        "coordinates": [
          [
            [
              -0.21502520543235126,
              5.546314136027202
            ],
            [
              -0.21502520543235126,
              5.550818640531706
            ],
            [
              -0.21952970993685578,
              5.550818640531706
            ],
            [
              -0.21952970993685578,
              5.546314136027202
            ],
            [
              -0.21502520543235126,
              5.546314136027202
            ]
          ]
        ]
      }
    },
    {
      "type": "Feature",
      "properties": {
        "zone_id": "grid_r6_c15",
        "assembly": "Accra Metropolis",
        "boundary_overlap_frac": 1.0,
        "score": 37.7,
        "level": "Moderate",
        "water_occ_pct": 39.4,
        "low_elev_frac_pct": 0.0,
        "median_elev_m": 7.6,
        "wetland_water_pct": 0.0,
        "vegetation_pct": 0.0,
        "impervious_pct": 100.0,
        "pixel_count": 25,
        "scenes_used": 40,
        "sources": [
          "sentinel-1-grd (Planetary Computer)",
          "cop-dem-glo-30",
          "esa-worldcover 2021"
        ],
        "computed_at": "2026-08-22T21:22:08.134202+00:00",
        "s2_scenes_used": 40,
        "s2_dry_season_water_occ_pct": 0.0,
        "s2_comparison_label": "major_disagreement",
        "s2_comparison_caveat": "Sentinel-2 sample is cloud-filtered (<20% cover), which excludes ~93% of rainy-season scenes (0 of 40 sampled scenes were from June/July). This field is a DRY-SEASON optical baseline, not a flood-season cross-check -- SAR-S2 spatial correlation was ~0 (r=-0.07) because the two sensors sample different seasonal populations, not because either is wrong. Do not read this as a validated QA agreement signal."
      },
      "geometry": {
        "type": "Polygon",
        "coordinates": [
          [
            [
              -0.21052070092784675,
              5.546314136027202
            ],
            [
              -0.21052070092784675,
              5.550818640531706
            ],
            [
              -0.21502520543235126,
              5.550818640531706
            ],
            [
              -0.21502520543235126,
              5.546314136027202
            ],
            [
              -0.21052070092784675,
              5.546314136027202
            ]
          ]
        ]
      }
    },
    {
      "type": "Feature",
      "properties": {
        "zone_id": "grid_r6_c16",
        "assembly": "Accra Metropolis",
        "boundary_overlap_frac": 1.0,
        "score": 35.0,
        "level": "Moderate",
        "water_occ_pct": 33.3,
        "low_elev_frac_pct": 0.0,
        "median_elev_m": 13.3,
        "wetland_water_pct": 0.0,
        "vegetation_pct": 0.0,
        "impervious_pct": 100.0,
        "pixel_count": 25,
        "scenes_used": 40,
        "sources": [
          "sentinel-1-grd (Planetary Computer)",
          "cop-dem-glo-30",
          "esa-worldcover 2021"
        ],
        "computed_at": "2026-08-22T21:22:08.135364+00:00",
        "s2_scenes_used": 40,
        "s2_dry_season_water_occ_pct": 0.0,
        "s2_comparison_label": "major_disagreement",
        "s2_comparison_caveat": "Sentinel-2 sample is cloud-filtered (<20% cover), which excludes ~93% of rainy-season scenes (0 of 40 sampled scenes were from June/July). This field is a DRY-SEASON optical baseline, not a flood-season cross-check -- SAR-S2 spatial correlation was ~0 (r=-0.07) because the two sensors sample different seasonal populations, not because either is wrong. Do not read this as a validated QA agreement signal."
      },
      "geometry": {
        "type": "Polygon",
        "coordinates": [
          [
            [
              -0.20601619642334223,
              5.546314136027202
            ],
            [
              -0.20601619642334223,
              5.550818640531706
            ],
            [
              -0.21052070092784675,
              5.550818640531706
            ],
            [
              -0.21052070092784675,
              5.546314136027202
            ],
            [
              -0.20601619642334223,
              5.546314136027202
            ]
          ]
        ]
      }
    },
    {
      "type": "Feature",
      "properties": {
        "zone_id": "grid_r6_c17",
        "assembly": "Accra Metropolis",
        "boundary_overlap_frac": 1.0,
        "score": 26.1,
        "level": "Moderate",
        "water_occ_pct": 13.6,
        "low_elev_frac_pct": 0.0,
        "median_elev_m": 16.5,
        "wetland_water_pct": 0.0,
        "vegetation_pct": 0.0,
        "impervious_pct": 100.0,
        "pixel_count": 25,
        "scenes_used": 40,
        "sources": [
          "sentinel-1-grd (Planetary Computer)",
          "cop-dem-glo-30",
          "esa-worldcover 2021"
        ],
        "computed_at": "2026-08-22T21:22:08.136507+00:00",
        "s2_scenes_used": 40,
        "s2_dry_season_water_occ_pct": 0.0,
        "s2_comparison_label": "minor_disagreement",
        "s2_comparison_caveat": "Sentinel-2 sample is cloud-filtered (<20% cover), which excludes ~93% of rainy-season scenes (0 of 40 sampled scenes were from June/July). This field is a DRY-SEASON optical baseline, not a flood-season cross-check -- SAR-S2 spatial correlation was ~0 (r=-0.07) because the two sensors sample different seasonal populations, not because either is wrong. Do not read this as a validated QA agreement signal."
      },
      "geometry": {
        "type": "Polygon",
        "coordinates": [
          [
            [
              -0.20151169191883772,
              5.546314136027202
            ],
            [
              -0.20151169191883772,
              5.550818640531706
            ],
            [
              -0.20601619642334223,
              5.550818640531706
            ],
            [
              -0.20601619642334223,
              5.546314136027202
            ],
            [
              -0.20151169191883772,
              5.546314136027202
            ]
          ]
        ]
      }
    },
    {
      "type": "Feature",
      "properties": {
        "zone_id": "grid_r6_c18",
        "assembly": "Korle Klottey Municipal",
        "boundary_overlap_frac": 1.0,
        "score": 28.7,
        "level": "Moderate",
        "water_occ_pct": 19.3,
        "low_elev_frac_pct": 0.0,
        "median_elev_m": 20.3,
        "wetland_water_pct": 0.0,
        "vegetation_pct": 0.0,
        "impervious_pct": 100.0,
        "pixel_count": 25,
        "scenes_used": 40,
        "sources": [
          "sentinel-1-grd (Planetary Computer)",
          "cop-dem-glo-30",
          "esa-worldcover 2021"
        ],
        "computed_at": "2026-08-22T21:22:08.137627+00:00",
        "s2_scenes_used": 40,
        "s2_dry_season_water_occ_pct": 0.0,
        "s2_comparison_label": "major_disagreement",
        "s2_comparison_caveat": "Sentinel-2 sample is cloud-filtered (<20% cover), which excludes ~93% of rainy-season scenes (0 of 40 sampled scenes were from June/July). This field is a DRY-SEASON optical baseline, not a flood-season cross-check -- SAR-S2 spatial correlation was ~0 (r=-0.07) because the two sensors sample different seasonal populations, not because either is wrong. Do not read this as a validated QA agreement signal."
      },
      "geometry": {
        "type": "Polygon",
        "coordinates": [
          [
            [
              -0.1970071874143332,
              5.546314136027202
            ],
            [
              -0.1970071874143332,
              5.550818640531706
            ],
            [
              -0.20151169191883772,
              5.550818640531706
            ],
            [
              -0.20151169191883772,
              5.546314136027202
            ],
            [
              -0.1970071874143332,
              5.546314136027202
            ]
          ]
        ]
      }
    },
    {
      "type": "Feature",
      "properties": {
        "zone_id": "grid_r6_c19",
        "assembly": "Korle Klottey Municipal",
        "boundary_overlap_frac": 1.0,
        "score": 22.5,
        "level": "Low",
        "water_occ_pct": 7.4,
        "low_elev_frac_pct": 0.0,
        "median_elev_m": 19.1,
        "wetland_water_pct": 0.0,
        "vegetation_pct": 4.0,
        "impervious_pct": 96.0,
        "pixel_count": 25,
        "scenes_used": 40,
        "sources": [
          "sentinel-1-grd (Planetary Computer)",
          "cop-dem-glo-30",
          "esa-worldcover 2021"
        ],
        "computed_at": "2026-08-22T21:22:08.138530+00:00",
        "s2_scenes_used": 40,
        "s2_dry_season_water_occ_pct": 0.0,
        "s2_comparison_label": "minor_disagreement",
        "s2_comparison_caveat": "Sentinel-2 sample is cloud-filtered (<20% cover), which excludes ~93% of rainy-season scenes (0 of 40 sampled scenes were from June/July). This field is a DRY-SEASON optical baseline, not a flood-season cross-check -- SAR-S2 spatial correlation was ~0 (r=-0.07) because the two sensors sample different seasonal populations, not because either is wrong. Do not read this as a validated QA agreement signal."
      },
      "geometry": {
        "type": "Polygon",
        "coordinates": [
          [
            [
              -0.1925026829098287,
              5.546314136027202
            ],
            [
              -0.1925026829098287,
              5.550818640531706
            ],
            [
              -0.1970071874143332,
              5.550818640531706
            ],
            [
              -0.1970071874143332,
              5.546314136027202
            ],
            [
              -0.1925026829098287,
              5.546314136027202
            ]
          ]
        ]
      }
    },
    {
      "type": "Feature",
      "properties": {
        "zone_id": "grid_r6_c20",
        "assembly": "Korle Klottey Municipal",
        "boundary_overlap_frac": 1.0,
        "score": 19.5,
        "level": "Low",
        "water_occ_pct": 7.83,
        "low_elev_frac_pct": 0.0,
        "median_elev_m": 10.5,
        "wetland_water_pct": 0.0,
        "vegetation_pct": 13.33,
        "impervious_pct": 80.0,
        "pixel_count": 30,
        "scenes_used": 40,
        "sources": [
          "sentinel-1-grd (Planetary Computer)",
          "cop-dem-glo-30",
          "esa-worldcover 2021"
        ],
        "computed_at": "2026-08-22T21:22:08.139421+00:00",
        "s2_scenes_used": 40,
        "s2_dry_season_water_occ_pct": 0.0,
        "s2_comparison_label": "minor_disagreement",
        "s2_comparison_caveat": "Sentinel-2 sample is cloud-filtered (<20% cover), which excludes ~93% of rainy-season scenes (0 of 40 sampled scenes were from June/July). This field is a DRY-SEASON optical baseline, not a flood-season cross-check -- SAR-S2 spatial correlation was ~0 (r=-0.07) because the two sensors sample different seasonal populations, not because either is wrong. Do not read this as a validated QA agreement signal."
      },
      "geometry": {
        "type": "Polygon",
        "coordinates": [
          [
            [
              -0.18799817840532418,
              5.546314136027202
            ],
            [
              -0.18799817840532418,
              5.550818640531706
            ],
            [
              -0.1925026829098287,
              5.550818640531706
            ],
            [
              -0.1925026829098287,
              5.546314136027202
            ],
            [
              -0.18799817840532418,
              5.546314136027202
            ]
          ]
        ]
      }
    },
    {
      "type": "Feature",
      "properties": {
        "zone_id": "grid_r6_c21",
        "assembly": "Korle Klottey Municipal",
        "boundary_overlap_frac": 0.996,
        "score": 23.0,
        "level": "Low",
        "water_occ_pct": 10.6,
        "low_elev_frac_pct": 4.0,
        "median_elev_m": 7.9,
        "wetland_water_pct": 0.0,
        "vegetation_pct": 16.0,
        "impervious_pct": 84.0,
        "pixel_count": 25,
        "scenes_used": 40,
        "sources": [
          "sentinel-1-grd (Planetary Computer)",
          "cop-dem-glo-30",
          "esa-worldcover 2021"
        ],
        "computed_at": "2026-08-22T21:22:08.140278+00:00",
        "s2_scenes_used": 40,
        "s2_dry_season_water_occ_pct": 0.0,
        "s2_comparison_label": "minor_disagreement",
        "s2_comparison_caveat": "Sentinel-2 sample is cloud-filtered (<20% cover), which excludes ~93% of rainy-season scenes (0 of 40 sampled scenes were from June/July). This field is a DRY-SEASON optical baseline, not a flood-season cross-check -- SAR-S2 spatial correlation was ~0 (r=-0.07) because the two sensors sample different seasonal populations, not because either is wrong. Do not read this as a validated QA agreement signal."
      },
      "geometry": {
        "type": "Polygon",
        "coordinates": [
          [
            [
              -0.18349367390081966,
              5.546314136027202
            ],
            [
              -0.18349367390081966,
              5.550818640531706
            ],
            [
              -0.18799817840532418,
              5.550818640531706
            ],
            [
              -0.18799817840532418,
              5.546314136027202
            ],
            [
              -0.18349367390081966,
              5.546314136027202
            ]
          ]
        ]
      }
    },
    {
      "type": "Feature",
      "properties": {
        "zone_id": "grid_r6_c22",
        "assembly": "Korle Klottey Municipal",
        "boundary_overlap_frac": 0.726,
        "score": 37.1,
        "level": "Moderate",
        "water_occ_pct": 2.5,
        "low_elev_frac_pct": 80.0,
        "median_elev_m": 3.5,
        "wetland_water_pct": 36.0,
        "vegetation_pct": 4.0,
        "impervious_pct": 40.0,
        "pixel_count": 25,
        "scenes_used": 40,
        "sources": [
          "sentinel-1-grd (Planetary Computer)",
          "cop-dem-glo-30",
          "esa-worldcover 2021"
        ],
        "computed_at": "2026-08-22T21:22:08.141189+00:00",
        "s2_scenes_used": 40,
        "s2_dry_season_water_occ_pct": 1.82,
        "s2_comparison_label": "agree",
        "s2_comparison_caveat": "Sentinel-2 sample is cloud-filtered (<20% cover), which excludes ~93% of rainy-season scenes (0 of 40 sampled scenes were from June/July). This field is a DRY-SEASON optical baseline, not a flood-season cross-check -- SAR-S2 spatial correlation was ~0 (r=-0.07) because the two sensors sample different seasonal populations, not because either is wrong. Do not read this as a validated QA agreement signal."
      },
      "geometry": {
        "type": "Polygon",
        "coordinates": [
          [
            [
              -0.17898916939631515,
              5.546314136027202
            ],
            [
              -0.17898916939631515,
              5.550818640531706
            ],
            [
              -0.18349367390081966,
              5.550818640531706
            ],
            [
              -0.18349367390081966,
              5.546314136027202
            ],
            [
              -0.17898916939631515,
              5.546314136027202
            ]
          ]
        ]
      }
    },
    {
      "type": "Feature",
      "properties": {
        "zone_id": "grid_r6_c23",
        "assembly": "Korle Klottey Municipal",
        "boundary_overlap_frac": 0.304,
        "score": 40.5,
        "level": "Moderate",
        "water_occ_pct": 8.2,
        "low_elev_frac_pct": 96.0,
        "median_elev_m": 0.0,
        "wetland_water_pct": 76.0,
        "vegetation_pct": 0.0,
        "impervious_pct": 16.0,
        "pixel_count": 25,
        "scenes_used": 40,
        "sources": [
          "sentinel-1-grd (Planetary Computer)",
          "cop-dem-glo-30",
          "esa-worldcover 2021"
        ],
        "computed_at": "2026-08-22T21:22:08.142076+00:00",
        "s2_scenes_used": 40,
        "s2_dry_season_water_occ_pct": 16.36,
        "s2_comparison_label": "minor_disagreement",
        "s2_comparison_caveat": "Sentinel-2 sample is cloud-filtered (<20% cover), which excludes ~93% of rainy-season scenes (0 of 40 sampled scenes were from June/July). This field is a DRY-SEASON optical baseline, not a flood-season cross-check -- SAR-S2 spatial correlation was ~0 (r=-0.07) because the two sensors sample different seasonal populations, not because either is wrong. Do not read this as a validated QA agreement signal."
      },
      "geometry": {
        "type": "Polygon",
        "coordinates": [
          [
            [
              -0.17448466489181064,
              5.546314136027202
            ],
            [
              -0.17448466489181064,
              5.550818640531706
            ],
            [
              -0.17898916939631515,
              5.550818640531706
            ],
            [
              -0.17898916939631515,
              5.546314136027202
            ],
            [
              -0.17448466489181064,
              5.546314136027202
            ]
          ]
        ]
      }
    },
    {
      "type": "Feature",
      "properties": {
        "zone_id": "grid_r7_c1",
        "assembly": "Ablekuma West Municipal",
        "boundary_overlap_frac": 0.693,
        "score": 46.6,
        "level": "High",
        "water_occ_pct": 3.1,
        "low_elev_frac_pct": 72.0,
        "median_elev_m": 3.6,
        "wetland_water_pct": 0.0,
        "vegetation_pct": 0.0,
        "impervious_pct": 100.0,
        "pixel_count": 25,
        "scenes_used": 40,
        "sources": [
          "sentinel-1-grd (Planetary Computer)",
          "cop-dem-glo-30",
          "esa-worldcover 2021"
        ],
        "computed_at": "2026-08-22T21:22:08.142950+00:00",
        "s2_scenes_used": 40,
        "s2_dry_season_water_occ_pct": 0.0,
        "s2_comparison_label": "agree",
        "s2_comparison_caveat": "Sentinel-2 sample is cloud-filtered (<20% cover), which excludes ~93% of rainy-season scenes (0 of 40 sampled scenes were from June/July). This field is a DRY-SEASON optical baseline, not a flood-season cross-check -- SAR-S2 spatial correlation was ~0 (r=-0.07) because the two sensors sample different seasonal populations, not because either is wrong. Do not read this as a validated QA agreement signal."
      },
      "geometry": {
        "type": "Polygon",
        "coordinates": [
          [
            [
              -0.27358376399090995,
              5.550818640531706
            ],
            [
              -0.27358376399090995,
              5.555323145036211
            ],
            [
              -0.27808826849541446,
              5.555323145036211
            ],
            [
              -0.27808826849541446,
              5.550818640531706
            ],
            [
              -0.27358376399090995,
              5.550818640531706
            ]
          ]
        ]
      }
    },
    {
      "type": "Feature",
      "properties": {
        "zone_id": "grid_r7_c2",
        "assembly": "Ablekuma West Municipal",
        "boundary_overlap_frac": 1.0,
        "score": 21.4,
        "level": "Low",
        "water_occ_pct": 3.1,
        "low_elev_frac_pct": 0.0,
        "median_elev_m": 20.4,
        "wetland_water_pct": 0.0,
        "vegetation_pct": 0.0,
        "impervious_pct": 100.0,
        "pixel_count": 25,
        "scenes_used": 40,
        "sources": [
          "sentinel-1-grd (Planetary Computer)",
          "cop-dem-glo-30",
          "esa-worldcover 2021"
        ],
        "computed_at": "2026-08-22T21:22:08.143808+00:00",
        "s2_scenes_used": 40,
        "s2_dry_season_water_occ_pct": 0.0,
        "s2_comparison_label": "agree",
        "s2_comparison_caveat": "Sentinel-2 sample is cloud-filtered (<20% cover), which excludes ~93% of rainy-season scenes (0 of 40 sampled scenes were from June/July). This field is a DRY-SEASON optical baseline, not a flood-season cross-check -- SAR-S2 spatial correlation was ~0 (r=-0.07) because the two sensors sample different seasonal populations, not because either is wrong. Do not read this as a validated QA agreement signal."
      },
      "geometry": {
        "type": "Polygon",
        "coordinates": [
          [
            [
              -0.26907925948640543,
              5.550818640531706
            ],
            [
              -0.26907925948640543,
              5.555323145036211
            ],
            [
              -0.27358376399090995,
              5.555323145036211
            ],
            [
              -0.27358376399090995,
              5.550818640531706
            ],
            [
              -0.26907925948640543,
              5.550818640531706
            ]
          ]
        ]
      }
    },
    {
      "type": "Feature",
      "properties": {
        "zone_id": "grid_r7_c3",
        "assembly": "Ablekuma West Municipal",
        "boundary_overlap_frac": 1.0,
        "score": 20.3,
        "level": "Low",
        "water_occ_pct": 0.7,
        "low_elev_frac_pct": 0.0,
        "median_elev_m": 29.0,
        "wetland_water_pct": 0.0,
        "vegetation_pct": 0.0,
        "impervious_pct": 100.0,
        "pixel_count": 25,
        "scenes_used": 40,
        "sources": [
          "sentinel-1-grd (Planetary Computer)",
          "cop-dem-glo-30",
          "esa-worldcover 2021"
        ],
        "computed_at": "2026-08-22T21:22:08.144631+00:00",
        "s2_scenes_used": 40,
        "s2_dry_season_water_occ_pct": 0.0,
        "s2_comparison_label": "agree",
        "s2_comparison_caveat": "Sentinel-2 sample is cloud-filtered (<20% cover), which excludes ~93% of rainy-season scenes (0 of 40 sampled scenes were from June/July). This field is a DRY-SEASON optical baseline, not a flood-season cross-check -- SAR-S2 spatial correlation was ~0 (r=-0.07) because the two sensors sample different seasonal populations, not because either is wrong. Do not read this as a validated QA agreement signal."
      },
      "geometry": {
        "type": "Polygon",
        "coordinates": [
          [
            [
              -0.2645747549819009,
              5.550818640531706
            ],
            [
              -0.2645747549819009,
              5.555323145036211
            ],
            [
              -0.26907925948640543,
              5.555323145036211
            ],
            [
              -0.26907925948640543,
              5.550818640531706
            ],
            [
              -0.2645747549819009,
              5.550818640531706
            ]
          ]
        ]
      }
    },
    {
      "type": "Feature",
      "properties": {
        "zone_id": "grid_r7_c4",
        "assembly": "Ablekuma Central Municipal",
        "boundary_overlap_frac": 1.0,
        "score": 20.9,
        "level": "Low",
        "water_occ_pct": 1.9,
        "low_elev_frac_pct": 0.0,
        "median_elev_m": 28.5,
        "wetland_water_pct": 0.0,
        "vegetation_pct": 0.0,
        "impervious_pct": 100.0,
        "pixel_count": 25,
        "scenes_used": 40,
        "sources": [
          "sentinel-1-grd (Planetary Computer)",
          "cop-dem-glo-30",
          "esa-worldcover 2021"
        ],
        "computed_at": "2026-08-22T21:22:08.145466+00:00",
        "s2_scenes_used": 40,
        "s2_dry_season_water_occ_pct": 0.0,
        "s2_comparison_label": "agree",
        "s2_comparison_caveat": "Sentinel-2 sample is cloud-filtered (<20% cover), which excludes ~93% of rainy-season scenes (0 of 40 sampled scenes were from June/July). This field is a DRY-SEASON optical baseline, not a flood-season cross-check -- SAR-S2 spatial correlation was ~0 (r=-0.07) because the two sensors sample different seasonal populations, not because either is wrong. Do not read this as a validated QA agreement signal."
      },
      "geometry": {
        "type": "Polygon",
        "coordinates": [
          [
            [
              -0.2600702504773964,
              5.550818640531706
            ],
            [
              -0.2600702504773964,
              5.555323145036211
            ],
            [
              -0.2645747549819009,
              5.555323145036211
            ],
            [
              -0.2645747549819009,
              5.550818640531706
            ],
            [
              -0.2600702504773964,
              5.550818640531706
            ]
          ]
        ]
      }
    },
    {
      "type": "Feature",
      "properties": {
        "zone_id": "grid_r7_c5",
        "assembly": "Ablekuma Central Municipal",
        "boundary_overlap_frac": 1.0,
        "score": 21.3,
        "level": "Low",
        "water_occ_pct": 2.8,
        "low_elev_frac_pct": 0.0,
        "median_elev_m": 23.2,
        "wetland_water_pct": 0.0,
        "vegetation_pct": 0.0,
        "impervious_pct": 100.0,
        "pixel_count": 25,
        "scenes_used": 40,
        "sources": [
          "sentinel-1-grd (Planetary Computer)",
          "cop-dem-glo-30",
          "esa-worldcover 2021"
        ],
        "computed_at": "2026-08-22T21:22:08.146316+00:00",
        "s2_scenes_used": 40,
        "s2_dry_season_water_occ_pct": 0.0,
        "s2_comparison_label": "agree",
        "s2_comparison_caveat": "Sentinel-2 sample is cloud-filtered (<20% cover), which excludes ~93% of rainy-season scenes (0 of 40 sampled scenes were from June/July). This field is a DRY-SEASON optical baseline, not a flood-season cross-check -- SAR-S2 spatial correlation was ~0 (r=-0.07) because the two sensors sample different seasonal populations, not because either is wrong. Do not read this as a validated QA agreement signal."
      },
      "geometry": {
        "type": "Polygon",
        "coordinates": [
          [
            [
              -0.2555657459728919,
              5.550818640531706
            ],
            [
              -0.2555657459728919,
              5.555323145036211
            ],
            [
              -0.2600702504773964,
              5.555323145036211
            ],
            [
              -0.2600702504773964,
              5.550818640531706
            ],
            [
              -0.2555657459728919,
              5.550818640531706
            ]
          ]
        ]
      }
    },
    {
      "type": "Feature",
      "properties": {
        "zone_id": "grid_r7_c6",
        "assembly": "Ablekuma Central Municipal",
        "boundary_overlap_frac": 1.0,
        "score": 23.3,
        "level": "Low",
        "water_occ_pct": 7.4,
        "low_elev_frac_pct": 0.0,
        "median_elev_m": 30.3,
        "wetland_water_pct": 0.0,
        "vegetation_pct": 0.0,
        "impervious_pct": 100.0,
        "pixel_count": 25,
        "scenes_used": 40,
        "sources": [
          "sentinel-1-grd (Planetary Computer)",
          "cop-dem-glo-30",
          "esa-worldcover 2021"
        ],
        "computed_at": "2026-08-22T21:22:08.147196+00:00",
        "s2_scenes_used": 40,
        "s2_dry_season_water_occ_pct": 0.0,
        "s2_comparison_label": "minor_disagreement",
        "s2_comparison_caveat": "Sentinel-2 sample is cloud-filtered (<20% cover), which excludes ~93% of rainy-season scenes (0 of 40 sampled scenes were from June/July). This field is a DRY-SEASON optical baseline, not a flood-season cross-check -- SAR-S2 spatial correlation was ~0 (r=-0.07) because the two sensors sample different seasonal populations, not because either is wrong. Do not read this as a validated QA agreement signal."
      },
      "geometry": {
        "type": "Polygon",
        "coordinates": [
          [
            [
              -0.2510612414683874,
              5.550818640531706
            ],
            [
              -0.2510612414683874,
              5.555323145036211
            ],
            [
              -0.2555657459728919,
              5.555323145036211
            ],
            [
              -0.2555657459728919,
              5.550818640531706
            ],
            [
              -0.2510612414683874,
              5.550818640531706
            ]
          ]
        ]
      }
    },
    {
      "type": "Feature",
      "properties": {
        "zone_id": "grid_r7_c7",
        "assembly": "Ablekuma Central Municipal",
        "boundary_overlap_frac": 1.0,
        "score": 20.9,
        "level": "Low",
        "water_occ_pct": 1.9,
        "low_elev_frac_pct": 0.0,
        "median_elev_m": 28.2,
        "wetland_water_pct": 0.0,
        "vegetation_pct": 0.0,
        "impervious_pct": 100.0,
        "pixel_count": 25,
        "scenes_used": 40,
        "sources": [
          "sentinel-1-grd (Planetary Computer)",
          "cop-dem-glo-30",
          "esa-worldcover 2021"
        ],
        "computed_at": "2026-08-22T21:22:08.148055+00:00",
        "s2_scenes_used": 40,
        "s2_dry_season_water_occ_pct": 0.0,
        "s2_comparison_label": "agree",
        "s2_comparison_caveat": "Sentinel-2 sample is cloud-filtered (<20% cover), which excludes ~93% of rainy-season scenes (0 of 40 sampled scenes were from June/July). This field is a DRY-SEASON optical baseline, not a flood-season cross-check -- SAR-S2 spatial correlation was ~0 (r=-0.07) because the two sensors sample different seasonal populations, not because either is wrong. Do not read this as a validated QA agreement signal."
      },
      "geometry": {
        "type": "Polygon",
        "coordinates": [
          [
            [
              -0.24655673696388286,
              5.550818640531706
            ],
            [
              -0.24655673696388286,
              5.555323145036211
            ],
            [
              -0.2510612414683874,
              5.555323145036211
            ],
            [
              -0.2510612414683874,
              5.550818640531706
            ],
            [
              -0.24655673696388286,
              5.550818640531706
            ]
          ]
        ]
      }
    },
    {
      "type": "Feature",
      "properties": {
        "zone_id": "grid_r7_c8",
        "assembly": "Ablekuma Central Municipal",
        "boundary_overlap_frac": 1.0,
        "score": 25.4,
        "level": "Moderate",
        "water_occ_pct": 12.1,
        "low_elev_frac_pct": 0.0,
        "median_elev_m": 30.0,
        "wetland_water_pct": 0.0,
        "vegetation_pct": 0.0,
        "impervious_pct": 100.0,
        "pixel_count": 25,
        "scenes_used": 40,
        "sources": [
          "sentinel-1-grd (Planetary Computer)",
          "cop-dem-glo-30",
          "esa-worldcover 2021"
        ],
        "computed_at": "2026-08-22T21:22:08.148911+00:00",
        "s2_scenes_used": 40,
        "s2_dry_season_water_occ_pct": 0.0,
        "s2_comparison_label": "minor_disagreement",
        "s2_comparison_caveat": "Sentinel-2 sample is cloud-filtered (<20% cover), which excludes ~93% of rainy-season scenes (0 of 40 sampled scenes were from June/July). This field is a DRY-SEASON optical baseline, not a flood-season cross-check -- SAR-S2 spatial correlation was ~0 (r=-0.07) because the two sensors sample different seasonal populations, not because either is wrong. Do not read this as a validated QA agreement signal."
      },
      "geometry": {
        "type": "Polygon",
        "coordinates": [
          [
            [
              -0.24205223245937835,
              5.550818640531706
            ],
            [
              -0.24205223245937835,
              5.555323145036211
            ],
            [
              -0.24655673696388286,
              5.555323145036211
            ],
            [
              -0.24655673696388286,
              5.550818640531706
            ],
            [
              -0.24205223245937835,
              5.550818640531706
            ]
          ]
        ]
      }
    },
    {
      "type": "Feature",
      "properties": {
        "zone_id": "grid_r7_c9",
        "assembly": "Ablekuma Central Municipal",
        "boundary_overlap_frac": 1.0,
        "score": 27.3,
        "level": "Moderate",
        "water_occ_pct": 16.3,
        "low_elev_frac_pct": 0.0,
        "median_elev_m": 29.6,
        "wetland_water_pct": 0.0,
        "vegetation_pct": 0.0,
        "impervious_pct": 100.0,
        "pixel_count": 25,
        "scenes_used": 40,
        "sources": [
          "sentinel-1-grd (Planetary Computer)",
          "cop-dem-glo-30",
          "esa-worldcover 2021"
        ],
        "computed_at": "2026-08-22T21:22:08.149746+00:00",
        "s2_scenes_used": 40,
        "s2_dry_season_water_occ_pct": 0.0,
        "s2_comparison_label": "major_disagreement",
        "s2_comparison_caveat": "Sentinel-2 sample is cloud-filtered (<20% cover), which excludes ~93% of rainy-season scenes (0 of 40 sampled scenes were from June/July). This field is a DRY-SEASON optical baseline, not a flood-season cross-check -- SAR-S2 spatial correlation was ~0 (r=-0.07) because the two sensors sample different seasonal populations, not because either is wrong. Do not read this as a validated QA agreement signal."
      },
      "geometry": {
        "type": "Polygon",
        "coordinates": [
          [
            [
              -0.23754772795487383,
              5.550818640531706
            ],
            [
              -0.23754772795487383,
              5.555323145036211
            ],
            [
              -0.24205223245937835,
              5.555323145036211
            ],
            [
              -0.24205223245937835,
              5.550818640531706
            ],
            [
              -0.23754772795487383,
              5.550818640531706
            ]
          ]
        ]
      }
    },
    {
      "type": "Feature",
      "properties": {
        "zone_id": "grid_r7_c10",
        "assembly": "Ablekuma Central Municipal",
        "boundary_overlap_frac": 1.0,
        "score": 26.4,
        "level": "Moderate",
        "water_occ_pct": 14.3,
        "low_elev_frac_pct": 0.0,
        "median_elev_m": 13.7,
        "wetland_water_pct": 0.0,
        "vegetation_pct": 0.0,
        "impervious_pct": 100.0,
        "pixel_count": 25,
        "scenes_used": 40,
        "sources": [
          "sentinel-1-grd (Planetary Computer)",
          "cop-dem-glo-30",
          "esa-worldcover 2021"
        ],
        "computed_at": "2026-08-22T21:22:08.150594+00:00",
        "s2_scenes_used": 40,
        "s2_dry_season_water_occ_pct": 0.0,
        "s2_comparison_label": "minor_disagreement",
        "s2_comparison_caveat": "Sentinel-2 sample is cloud-filtered (<20% cover), which excludes ~93% of rainy-season scenes (0 of 40 sampled scenes were from June/July). This field is a DRY-SEASON optical baseline, not a flood-season cross-check -- SAR-S2 spatial correlation was ~0 (r=-0.07) because the two sensors sample different seasonal populations, not because either is wrong. Do not read this as a validated QA agreement signal."
      },
      "geometry": {
        "type": "Polygon",
        "coordinates": [
          [
            [
              -0.23304322345036932,
              5.550818640531706
            ],
            [
              -0.23304322345036932,
              5.555323145036211
            ],
            [
              -0.23754772795487383,
              5.555323145036211
            ],
            [
              -0.23754772795487383,
              5.550818640531706
            ],
            [
              -0.23304322345036932,
              5.550818640531706
            ]
          ]
        ]
      }
    },
    {
      "type": "Feature",
      "properties": {
        "zone_id": "grid_r7_c11",
        "assembly": "Ablekuma Central Municipal",
        "boundary_overlap_frac": 1.0,
        "score": 38.8,
        "level": "Moderate",
        "water_occ_pct": 15.5,
        "low_elev_frac_pct": 36.0,
        "median_elev_m": 6.0,
        "wetland_water_pct": 0.0,
        "vegetation_pct": 0.0,
        "impervious_pct": 96.0,
        "pixel_count": 25,
        "scenes_used": 40,
        "sources": [
          "sentinel-1-grd (Planetary Computer)",
          "cop-dem-glo-30",
          "esa-worldcover 2021"
        ],
        "computed_at": "2026-08-22T21:22:08.151453+00:00",
        "s2_scenes_used": 40,
        "s2_dry_season_water_occ_pct": 0.0,
        "s2_comparison_label": "major_disagreement",
        "s2_comparison_caveat": "Sentinel-2 sample is cloud-filtered (<20% cover), which excludes ~93% of rainy-season scenes (0 of 40 sampled scenes were from June/July). This field is a DRY-SEASON optical baseline, not a flood-season cross-check -- SAR-S2 spatial correlation was ~0 (r=-0.07) because the two sensors sample different seasonal populations, not because either is wrong. Do not read this as a validated QA agreement signal."
      },
      "geometry": {
        "type": "Polygon",
        "coordinates": [
          [
            [
              -0.2285387189458648,
              5.550818640531706
            ],
            [
              -0.2285387189458648,
              5.555323145036211
            ],
            [
              -0.23304322345036932,
              5.555323145036211
            ],
            [
              -0.23304322345036932,
              5.550818640531706
            ],
            [
              -0.2285387189458648,
              5.550818640531706
            ]
          ]
        ]
      }
    },
    {
      "type": "Feature",
      "properties": {
        "zone_id": "grid_r7_c12",
        "assembly": "Ablekuma Central Municipal",
        "boundary_overlap_frac": 1.0,
        "score": 44.8,
        "level": "Moderate",
        "water_occ_pct": 5.3,
        "low_elev_frac_pct": 80.0,
        "median_elev_m": 4.1,
        "wetland_water_pct": 4.0,
        "vegetation_pct": 0.0,
        "impervious_pct": 72.0,
        "pixel_count": 25,
        "scenes_used": 40,
        "sources": [
          "sentinel-1-grd (Planetary Computer)",
          "cop-dem-glo-30",
          "esa-worldcover 2021"
        ],
        "computed_at": "2026-08-22T21:22:08.152333+00:00",
        "s2_scenes_used": 40,
        "s2_dry_season_water_occ_pct": 0.0,
        "s2_comparison_label": "minor_disagreement",
        "s2_comparison_caveat": "Sentinel-2 sample is cloud-filtered (<20% cover), which excludes ~93% of rainy-season scenes (0 of 40 sampled scenes were from June/July). This field is a DRY-SEASON optical baseline, not a flood-season cross-check -- SAR-S2 spatial correlation was ~0 (r=-0.07) because the two sensors sample different seasonal populations, not because either is wrong. Do not read this as a validated QA agreement signal."
      },
      "geometry": {
        "type": "Polygon",
        "coordinates": [
          [
            [
              -0.2240342144413603,
              5.550818640531706
            ],
            [
              -0.2240342144413603,
              5.555323145036211
            ],
            [
              -0.2285387189458648,
              5.555323145036211
            ],
            [
              -0.2285387189458648,
              5.550818640531706
            ],
            [
              -0.2240342144413603,
              5.550818640531706
            ]
          ]
        ]
      }
    },
    {
      "type": "Feature",
      "properties": {
        "zone_id": "grid_r7_c13",
        "assembly": "Ablekuma Central Municipal",
        "boundary_overlap_frac": 1.0,
        "score": 38.3,
        "level": "Moderate",
        "water_occ_pct": 11.3,
        "low_elev_frac_pct": 40.0,
        "median_elev_m": 5.5,
        "wetland_water_pct": 0.0,
        "vegetation_pct": 0.0,
        "impervious_pct": 96.0,
        "pixel_count": 25,
        "scenes_used": 40,
        "sources": [
          "sentinel-1-grd (Planetary Computer)",
          "cop-dem-glo-30",
          "esa-worldcover 2021"
        ],
        "computed_at": "2026-08-22T21:22:08.153222+00:00",
        "s2_scenes_used": 40,
        "s2_dry_season_water_occ_pct": 0.0,
        "s2_comparison_label": "minor_disagreement",
        "s2_comparison_caveat": "Sentinel-2 sample is cloud-filtered (<20% cover), which excludes ~93% of rainy-season scenes (0 of 40 sampled scenes were from June/July). This field is a DRY-SEASON optical baseline, not a flood-season cross-check -- SAR-S2 spatial correlation was ~0 (r=-0.07) because the two sensors sample different seasonal populations, not because either is wrong. Do not read this as a validated QA agreement signal."
      },
      "geometry": {
        "type": "Polygon",
        "coordinates": [
          [
            [
              -0.21952970993685578,
              5.550818640531706
            ],
            [
              -0.21952970993685578,
              5.555323145036211
            ],
            [
              -0.2240342144413603,
              5.555323145036211
            ],
            [
              -0.2240342144413603,
              5.550818640531706
            ],
            [
              -0.21952970993685578,
              5.550818640531706
            ]
          ]
        ]
      }
    },
    {
      "type": "Feature",
      "properties": {
        "zone_id": "grid_r7_c14",
        "assembly": "Accra Metropolis",
        "boundary_overlap_frac": 1.0,
        "score": 28.7,
        "level": "Moderate",
        "water_occ_pct": 18.1,
        "low_elev_frac_pct": 4.0,
        "median_elev_m": 7.1,
        "wetland_water_pct": 0.0,
        "vegetation_pct": 4.0,
        "impervious_pct": 96.0,
        "pixel_count": 25,
        "scenes_used": 40,
        "sources": [
          "sentinel-1-grd (Planetary Computer)",
          "cop-dem-glo-30",
          "esa-worldcover 2021"
        ],
        "computed_at": "2026-08-22T21:22:08.154073+00:00",
        "s2_scenes_used": 40,
        "s2_dry_season_water_occ_pct": 0.0,
        "s2_comparison_label": "major_disagreement",
        "s2_comparison_caveat": "Sentinel-2 sample is cloud-filtered (<20% cover), which excludes ~93% of rainy-season scenes (0 of 40 sampled scenes were from June/July). This field is a DRY-SEASON optical baseline, not a flood-season cross-check -- SAR-S2 spatial correlation was ~0 (r=-0.07) because the two sensors sample different seasonal populations, not because either is wrong. Do not read this as a validated QA agreement signal."
      },
      "geometry": {
        "type": "Polygon",
        "coordinates": [
          [
            [
              -0.21502520543235126,
              5.550818640531706
            ],
            [
              -0.21502520543235126,
              5.555323145036211
            ],
            [
              -0.21952970993685578,
              5.555323145036211
            ],
            [
              -0.21952970993685578,
              5.550818640531706
            ],
            [
              -0.21502520543235126,
              5.550818640531706
            ]
          ]
        ]
      }
    },
    {
      "type": "Feature",
      "properties": {
        "zone_id": "grid_r7_c15",
        "assembly": "Accra Metropolis",
        "boundary_overlap_frac": 1.0,
        "score": 37.5,
        "level": "Moderate",
        "water_occ_pct": 38.8,
        "low_elev_frac_pct": 0.0,
        "median_elev_m": 16.4,
        "wetland_water_pct": 0.0,
        "vegetation_pct": 0.0,
        "impervious_pct": 100.0,
        "pixel_count": 25,
        "scenes_used": 40,
        "sources": [
          "sentinel-1-grd (Planetary Computer)",
          "cop-dem-glo-30",
          "esa-worldcover 2021"
        ],
        "computed_at": "2026-08-22T21:22:08.154924+00:00",
        "s2_scenes_used": 40,
        "s2_dry_season_water_occ_pct": 0.0,
        "s2_comparison_label": "major_disagreement",
        "s2_comparison_caveat": "Sentinel-2 sample is cloud-filtered (<20% cover), which excludes ~93% of rainy-season scenes (0 of 40 sampled scenes were from June/July). This field is a DRY-SEASON optical baseline, not a flood-season cross-check -- SAR-S2 spatial correlation was ~0 (r=-0.07) because the two sensors sample different seasonal populations, not because either is wrong. Do not read this as a validated QA agreement signal."
      },
      "geometry": {
        "type": "Polygon",
        "coordinates": [
          [
            [
              -0.21052070092784675,
              5.550818640531706
            ],
            [
              -0.21052070092784675,
              5.555323145036211
            ],
            [
              -0.21502520543235126,
              5.555323145036211
            ],
            [
              -0.21502520543235126,
              5.550818640531706
            ],
            [
              -0.21052070092784675,
              5.550818640531706
            ]
          ]
        ]
      }
    },
    {
      "type": "Feature",
      "properties": {
        "zone_id": "grid_r7_c16",
        "assembly": "Accra Metropolis",
        "boundary_overlap_frac": 1.0,
        "score": 27.4,
        "level": "Moderate",
        "water_occ_pct": 16.4,
        "low_elev_frac_pct": 0.0,
        "median_elev_m": 21.5,
        "wetland_water_pct": 0.0,
        "vegetation_pct": 0.0,
        "impervious_pct": 100.0,
        "pixel_count": 25,
        "scenes_used": 40,
        "sources": [
          "sentinel-1-grd (Planetary Computer)",
          "cop-dem-glo-30",
          "esa-worldcover 2021"
        ],
        "computed_at": "2026-08-22T21:22:08.155798+00:00",
        "s2_scenes_used": 40,
        "s2_dry_season_water_occ_pct": 0.0,
        "s2_comparison_label": "major_disagreement",
        "s2_comparison_caveat": "Sentinel-2 sample is cloud-filtered (<20% cover), which excludes ~93% of rainy-season scenes (0 of 40 sampled scenes were from June/July). This field is a DRY-SEASON optical baseline, not a flood-season cross-check -- SAR-S2 spatial correlation was ~0 (r=-0.07) because the two sensors sample different seasonal populations, not because either is wrong. Do not read this as a validated QA agreement signal."
      },
      "geometry": {
        "type": "Polygon",
        "coordinates": [
          [
            [
              -0.20601619642334223,
              5.550818640531706
            ],
            [
              -0.20601619642334223,
              5.555323145036211
            ],
            [
              -0.21052070092784675,
              5.555323145036211
            ],
            [
              -0.21052070092784675,
              5.550818640531706
            ],
            [
              -0.20601619642334223,
              5.550818640531706
            ]
          ]
        ]
      }
    },
    {
      "type": "Feature",
      "properties": {
        "zone_id": "grid_r7_c17",
        "assembly": "Accra Metropolis",
        "boundary_overlap_frac": 1.0,
        "score": 31.4,
        "level": "Moderate",
        "water_occ_pct": 29.0,
        "low_elev_frac_pct": 0.0,
        "median_elev_m": 20.2,
        "wetland_water_pct": 0.0,
        "vegetation_pct": 8.0,
        "impervious_pct": 92.0,
        "pixel_count": 25,
        "scenes_used": 40,
        "sources": [
          "sentinel-1-grd (Planetary Computer)",
          "cop-dem-glo-30",
          "esa-worldcover 2021"
        ],
        "computed_at": "2026-08-22T21:22:08.156667+00:00",
        "s2_scenes_used": 40,
        "s2_dry_season_water_occ_pct": 0.0,
        "s2_comparison_label": "major_disagreement",
        "s2_comparison_caveat": "Sentinel-2 sample is cloud-filtered (<20% cover), which excludes ~93% of rainy-season scenes (0 of 40 sampled scenes were from June/July). This field is a DRY-SEASON optical baseline, not a flood-season cross-check -- SAR-S2 spatial correlation was ~0 (r=-0.07) because the two sensors sample different seasonal populations, not because either is wrong. Do not read this as a validated QA agreement signal."
      },
      "geometry": {
        "type": "Polygon",
        "coordinates": [
          [
            [
              -0.20151169191883772,
              5.550818640531706
            ],
            [
              -0.20151169191883772,
              5.555323145036211
            ],
            [
              -0.20601619642334223,
              5.555323145036211
            ],
            [
              -0.20601619642334223,
              5.550818640531706
            ],
            [
              -0.20151169191883772,
              5.550818640531706
            ]
          ]
        ]
      }
    },
    {
      "type": "Feature",
      "properties": {
        "zone_id": "grid_r7_c18",
        "assembly": "Korle Klottey Municipal",
        "boundary_overlap_frac": 1.0,
        "score": 27.5,
        "level": "Moderate",
        "water_occ_pct": 18.4,
        "low_elev_frac_pct": 0.0,
        "median_elev_m": 24.2,
        "wetland_water_pct": 0.0,
        "vegetation_pct": 4.0,
        "impervious_pct": 96.0,
        "pixel_count": 25,
        "scenes_used": 40,
        "sources": [
          "sentinel-1-grd (Planetary Computer)",
          "cop-dem-glo-30",
          "esa-worldcover 2021"
        ],
        "computed_at": "2026-08-22T21:22:08.157556+00:00",
        "s2_scenes_used": 40,
        "s2_dry_season_water_occ_pct": 0.0,
        "s2_comparison_label": "major_disagreement",
        "s2_comparison_caveat": "Sentinel-2 sample is cloud-filtered (<20% cover), which excludes ~93% of rainy-season scenes (0 of 40 sampled scenes were from June/July). This field is a DRY-SEASON optical baseline, not a flood-season cross-check -- SAR-S2 spatial correlation was ~0 (r=-0.07) because the two sensors sample different seasonal populations, not because either is wrong. Do not read this as a validated QA agreement signal."
      },
      "geometry": {
        "type": "Polygon",
        "coordinates": [
          [
            [
              -0.1970071874143332,
              5.550818640531706
            ],
            [
              -0.1970071874143332,
              5.555323145036211
            ],
            [
              -0.20151169191883772,
              5.555323145036211
            ],
            [
              -0.20151169191883772,
              5.550818640531706
            ],
            [
              -0.1970071874143332,
              5.550818640531706
            ]
          ]
        ]
      }
    },
    {
      "type": "Feature",
      "properties": {
        "zone_id": "grid_r7_c19",
        "assembly": "Korle Klottey Municipal",
        "boundary_overlap_frac": 1.0,
        "score": 19.9,
        "level": "Low",
        "water_occ_pct": 5.0,
        "low_elev_frac_pct": 0.0,
        "median_elev_m": 20.9,
        "wetland_water_pct": 0.0,
        "vegetation_pct": 12.0,
        "impervious_pct": 88.0,
        "pixel_count": 25,
        "scenes_used": 40,
        "sources": [
          "sentinel-1-grd (Planetary Computer)",
          "cop-dem-glo-30",
          "esa-worldcover 2021"
        ],
        "computed_at": "2026-08-22T21:22:08.158410+00:00",
        "s2_scenes_used": 40,
        "s2_dry_season_water_occ_pct": 0.0,
        "s2_comparison_label": "agree",
        "s2_comparison_caveat": "Sentinel-2 sample is cloud-filtered (<20% cover), which excludes ~93% of rainy-season scenes (0 of 40 sampled scenes were from June/July). This field is a DRY-SEASON optical baseline, not a flood-season cross-check -- SAR-S2 spatial correlation was ~0 (r=-0.07) because the two sensors sample different seasonal populations, not because either is wrong. Do not read this as a validated QA agreement signal."
      },
      "geometry": {
        "type": "Polygon",
        "coordinates": [
          [
            [
              -0.1925026829098287,
              5.550818640531706
            ],
            [
              -0.1925026829098287,
              5.555323145036211
            ],
            [
              -0.1970071874143332,
              5.555323145036211
            ],
            [
              -0.1970071874143332,
              5.550818640531706
            ],
            [
              -0.1925026829098287,
              5.550818640531706
            ]
          ]
        ]
      }
    },
    {
      "type": "Feature",
      "properties": {
        "zone_id": "grid_r7_c20",
        "assembly": "Korle Klottey Municipal",
        "boundary_overlap_frac": 1.0,
        "score": 24.9,
        "level": "Low",
        "water_occ_pct": 16.75,
        "low_elev_frac_pct": 0.0,
        "median_elev_m": 17.0,
        "wetland_water_pct": 0.0,
        "vegetation_pct": 13.33,
        "impervious_pct": 86.67,
        "pixel_count": 30,
        "scenes_used": 40,
        "sources": [
          "sentinel-1-grd (Planetary Computer)",
          "cop-dem-glo-30",
          "esa-worldcover 2021"
        ],
        "computed_at": "2026-08-22T21:22:08.159287+00:00",
        "s2_scenes_used": 40,
        "s2_dry_season_water_occ_pct": 0.0,
        "s2_comparison_label": "major_disagreement",
        "s2_comparison_caveat": "Sentinel-2 sample is cloud-filtered (<20% cover), which excludes ~93% of rainy-season scenes (0 of 40 sampled scenes were from June/July). This field is a DRY-SEASON optical baseline, not a flood-season cross-check -- SAR-S2 spatial correlation was ~0 (r=-0.07) because the two sensors sample different seasonal populations, not because either is wrong. Do not read this as a validated QA agreement signal."
      },
      "geometry": {
        "type": "Polygon",
        "coordinates": [
          [
            [
              -0.18799817840532418,
              5.550818640531706
            ],
            [
              -0.18799817840532418,
              5.555323145036211
            ],
            [
              -0.1925026829098287,
              5.555323145036211
            ],
            [
              -0.1925026829098287,
              5.550818640531706
            ],
            [
              -0.18799817840532418,
              5.550818640531706
            ]
          ]
        ]
      }
    },
    {
      "type": "Feature",
      "properties": {
        "zone_id": "grid_r7_c21",
        "assembly": "Korle Klottey Municipal",
        "boundary_overlap_frac": 1.0,
        "score": 24.7,
        "level": "Low",
        "water_occ_pct": 10.4,
        "low_elev_frac_pct": 0.0,
        "median_elev_m": 10.6,
        "wetland_water_pct": 0.0,
        "vegetation_pct": 0.0,
        "impervious_pct": 100.0,
        "pixel_count": 25,
        "scenes_used": 40,
        "sources": [
          "sentinel-1-grd (Planetary Computer)",
          "cop-dem-glo-30",
          "esa-worldcover 2021"
        ],
        "computed_at": "2026-08-22T21:22:08.160159+00:00",
        "s2_scenes_used": 40,
        "s2_dry_season_water_occ_pct": 0.0,
        "s2_comparison_label": "minor_disagreement",
        "s2_comparison_caveat": "Sentinel-2 sample is cloud-filtered (<20% cover), which excludes ~93% of rainy-season scenes (0 of 40 sampled scenes were from June/July). This field is a DRY-SEASON optical baseline, not a flood-season cross-check -- SAR-S2 spatial correlation was ~0 (r=-0.07) because the two sensors sample different seasonal populations, not because either is wrong. Do not read this as a validated QA agreement signal."
      },
      "geometry": {
        "type": "Polygon",
        "coordinates": [
          [
            [
              -0.18349367390081966,
              5.550818640531706
            ],
            [
              -0.18349367390081966,
              5.555323145036211
            ],
            [
              -0.18799817840532418,
              5.555323145036211
            ],
            [
              -0.18799817840532418,
              5.550818640531706
            ],
            [
              -0.18349367390081966,
              5.550818640531706
            ]
          ]
        ]
      }
    },
    {
      "type": "Feature",
      "properties": {
        "zone_id": "grid_r7_c22",
        "assembly": "Korle Klottey Municipal",
        "boundary_overlap_frac": 1.0,
        "score": 22.1,
        "level": "Low",
        "water_occ_pct": 4.6,
        "low_elev_frac_pct": 0.0,
        "median_elev_m": 11.5,
        "wetland_water_pct": 0.0,
        "vegetation_pct": 0.0,
        "impervious_pct": 100.0,
        "pixel_count": 25,
        "scenes_used": 40,
        "sources": [
          "sentinel-1-grd (Planetary Computer)",
          "cop-dem-glo-30",
          "esa-worldcover 2021"
        ],
        "computed_at": "2026-08-22T21:22:08.161046+00:00",
        "s2_scenes_used": 40,
        "s2_dry_season_water_occ_pct": 0.0,
        "s2_comparison_label": "agree",
        "s2_comparison_caveat": "Sentinel-2 sample is cloud-filtered (<20% cover), which excludes ~93% of rainy-season scenes (0 of 40 sampled scenes were from June/July). This field is a DRY-SEASON optical baseline, not a flood-season cross-check -- SAR-S2 spatial correlation was ~0 (r=-0.07) because the two sensors sample different seasonal populations, not because either is wrong. Do not read this as a validated QA agreement signal."
      },
      "geometry": {
        "type": "Polygon",
        "coordinates": [
          [
            [
              -0.17898916939631515,
              5.550818640531706
            ],
            [
              -0.17898916939631515,
              5.555323145036211
            ],
            [
              -0.18349367390081966,
              5.555323145036211
            ],
            [
              -0.18349367390081966,
              5.550818640531706
            ],
            [
              -0.17898916939631515,
              5.550818640531706
            ]
          ]
        ]
      }
    },
    {
      "type": "Feature",
      "properties": {
        "zone_id": "grid_r7_c23",
        "assembly": "Korle Klottey Municipal",
        "boundary_overlap_frac": 0.724,
        "score": 26.3,
        "level": "Moderate",
        "water_occ_pct": 14.0,
        "low_elev_frac_pct": 0.0,
        "median_elev_m": 7.6,
        "wetland_water_pct": 0.0,
        "vegetation_pct": 0.0,
        "impervious_pct": 100.0,
        "pixel_count": 25,
        "scenes_used": 40,
        "sources": [
          "sentinel-1-grd (Planetary Computer)",
          "cop-dem-glo-30",
          "esa-worldcover 2021"
        ],
        "computed_at": "2026-08-22T21:22:08.161895+00:00",
        "s2_scenes_used": 40,
        "s2_dry_season_water_occ_pct": 0.0,
        "s2_comparison_label": "minor_disagreement",
        "s2_comparison_caveat": "Sentinel-2 sample is cloud-filtered (<20% cover), which excludes ~93% of rainy-season scenes (0 of 40 sampled scenes were from June/July). This field is a DRY-SEASON optical baseline, not a flood-season cross-check -- SAR-S2 spatial correlation was ~0 (r=-0.07) because the two sensors sample different seasonal populations, not because either is wrong. Do not read this as a validated QA agreement signal."
      },
      "geometry": {
        "type": "Polygon",
        "coordinates": [
          [
            [
              -0.17448466489181064,
              5.550818640531706
            ],
            [
              -0.17448466489181064,
              5.555323145036211
            ],
            [
              -0.17898916939631515,
              5.555323145036211
            ],
            [
              -0.17898916939631515,
              5.550818640531706
            ],
            [
              -0.17448466489181064,
              5.550818640531706
            ]
          ]
        ]
      }
    },
    {
      "type": "Feature",
      "properties": {
        "zone_id": "grid_r8_c1",
        "assembly": "Ablekuma North Municipal",
        "boundary_overlap_frac": 0.768,
        "score": 55.6,
        "level": "High",
        "water_occ_pct": 15.6,
        "low_elev_frac_pct": 84.0,
        "median_elev_m": 3.1,
        "wetland_water_pct": 0.0,
        "vegetation_pct": 4.0,
        "impervious_pct": 96.0,
        "pixel_count": 25,
        "scenes_used": 40,
        "sources": [
          "sentinel-1-grd (Planetary Computer)",
          "cop-dem-glo-30",
          "esa-worldcover 2021"
        ],
        "computed_at": "2026-08-22T21:22:08.162733+00:00",
        "s2_scenes_used": 40,
        "s2_dry_season_water_occ_pct": 0.0,
        "s2_comparison_label": "major_disagreement",
        "s2_comparison_caveat": "Sentinel-2 sample is cloud-filtered (<20% cover), which excludes ~93% of rainy-season scenes (0 of 40 sampled scenes were from June/July). This field is a DRY-SEASON optical baseline, not a flood-season cross-check -- SAR-S2 spatial correlation was ~0 (r=-0.07) because the two sensors sample different seasonal populations, not because either is wrong. Do not read this as a validated QA agreement signal."
      },
      "geometry": {
        "type": "Polygon",
        "coordinates": [
          [
            [
              -0.27358376399090995,
              5.555323145036211
            ],
            [
              -0.27358376399090995,
              5.559827649540716
            ],
            [
              -0.27808826849541446,
              5.559827649540716
            ],
            [
              -0.27808826849541446,
              5.555323145036211
            ],
            [
              -0.27358376399090995,
              5.555323145036211
            ]
          ]
        ]
      }
    },
    {
      "type": "Feature",
      "properties": {
        "zone_id": "grid_r8_c2",
        "assembly": "Ablekuma North Municipal",
        "boundary_overlap_frac": 1.0,
        "score": 18.1,
        "level": "Low",
        "water_occ_pct": 1.0,
        "low_elev_frac_pct": 0.0,
        "median_elev_m": 13.0,
        "wetland_water_pct": 0.0,
        "vegetation_pct": 12.0,
        "impervious_pct": 88.0,
        "pixel_count": 25,
        "scenes_used": 40,
        "sources": [
          "sentinel-1-grd (Planetary Computer)",
          "cop-dem-glo-30",
          "esa-worldcover 2021"
        ],
        "computed_at": "2026-08-22T21:22:08.165084+00:00",
        "s2_scenes_used": 40,
        "s2_dry_season_water_occ_pct": 0.0,
        "s2_comparison_label": "agree",
        "s2_comparison_caveat": "Sentinel-2 sample is cloud-filtered (<20% cover), which excludes ~93% of rainy-season scenes (0 of 40 sampled scenes were from June/July). This field is a DRY-SEASON optical baseline, not a flood-season cross-check -- SAR-S2 spatial correlation was ~0 (r=-0.07) because the two sensors sample different seasonal populations, not because either is wrong. Do not read this as a validated QA agreement signal."
      },
      "geometry": {
        "type": "Polygon",
        "coordinates": [
          [
            [
              -0.26907925948640543,
              5.555323145036211
            ],
            [
              -0.26907925948640543,
              5.559827649540716
            ],
            [
              -0.27358376399090995,
              5.559827649540716
            ],
            [
              -0.27358376399090995,
              5.555323145036211
            ],
            [
              -0.26907925948640543,
              5.555323145036211
            ]
          ]
        ]
      }
    },
    {
      "type": "Feature",
      "properties": {
        "zone_id": "grid_r8_c3",
        "assembly": "Ablekuma North Municipal",
        "boundary_overlap_frac": 1.0,
        "score": 20.5,
        "level": "Low",
        "water_occ_pct": 1.2,
        "low_elev_frac_pct": 0.0,
        "median_elev_m": 22.9,
        "wetland_water_pct": 0.0,
        "vegetation_pct": 0.0,
        "impervious_pct": 100.0,
        "pixel_count": 25,
        "scenes_used": 40,
        "sources": [
          "sentinel-1-grd (Planetary Computer)",
          "cop-dem-glo-30",
          "esa-worldcover 2021"
        ],
        "computed_at": "2026-08-22T21:22:08.165914+00:00",
        "s2_scenes_used": 40,
        "s2_dry_season_water_occ_pct": 0.0,
        "s2_comparison_label": "agree",
        "s2_comparison_caveat": "Sentinel-2 sample is cloud-filtered (<20% cover), which excludes ~93% of rainy-season scenes (0 of 40 sampled scenes were from June/July). This field is a DRY-SEASON optical baseline, not a flood-season cross-check -- SAR-S2 spatial correlation was ~0 (r=-0.07) because the two sensors sample different seasonal populations, not because either is wrong. Do not read this as a validated QA agreement signal."
      },
      "geometry": {
        "type": "Polygon",
        "coordinates": [
          [
            [
              -0.2645747549819009,
              5.555323145036211
            ],
            [
              -0.2645747549819009,
              5.559827649540716
            ],
            [
              -0.26907925948640543,
              5.559827649540716
            ],
            [
              -0.26907925948640543,
              5.555323145036211
            ],
            [
              -0.2645747549819009,
              5.555323145036211
            ]
          ]
        ]
      }
    },
    {
      "type": "Feature",
      "properties": {
        "zone_id": "grid_r8_c4",
        "assembly": "Ablekuma North Municipal",
        "boundary_overlap_frac": 1.0,
        "score": 20.5,
        "level": "Low",
        "water_occ_pct": 1.0,
        "low_elev_frac_pct": 0.0,
        "median_elev_m": 30.5,
        "wetland_water_pct": 0.0,
        "vegetation_pct": 0.0,
        "impervious_pct": 100.0,
        "pixel_count": 25,
        "scenes_used": 40,
        "sources": [
          "sentinel-1-grd (Planetary Computer)",
          "cop-dem-glo-30",
          "esa-worldcover 2021"
        ],
        "computed_at": "2026-08-22T21:22:08.166722+00:00",
        "s2_scenes_used": 40,
        "s2_dry_season_water_occ_pct": 0.0,
        "s2_comparison_label": "agree",
        "s2_comparison_caveat": "Sentinel-2 sample is cloud-filtered (<20% cover), which excludes ~93% of rainy-season scenes (0 of 40 sampled scenes were from June/July). This field is a DRY-SEASON optical baseline, not a flood-season cross-check -- SAR-S2 spatial correlation was ~0 (r=-0.07) because the two sensors sample different seasonal populations, not because either is wrong. Do not read this as a validated QA agreement signal."
      },
      "geometry": {
        "type": "Polygon",
        "coordinates": [
          [
            [
              -0.2600702504773964,
              5.555323145036211
            ],
            [
              -0.2600702504773964,
              5.559827649540716
            ],
            [
              -0.2645747549819009,
              5.559827649540716
            ],
            [
              -0.2645747549819009,
              5.555323145036211
            ],
            [
              -0.2600702504773964,
              5.555323145036211
            ]
          ]
        ]
      }
    },
    {
      "type": "Feature",
      "properties": {
        "zone_id": "grid_r8_c5",
        "assembly": "Ablekuma North Municipal",
        "boundary_overlap_frac": 1.0,
        "score": 20.7,
        "level": "Low",
        "water_occ_pct": 1.5,
        "low_elev_frac_pct": 0.0,
        "median_elev_m": 27.7,
        "wetland_water_pct": 0.0,
        "vegetation_pct": 0.0,
        "impervious_pct": 100.0,
        "pixel_count": 25,
        "scenes_used": 40,
        "sources": [
          "sentinel-1-grd (Planetary Computer)",
          "cop-dem-glo-30",
          "esa-worldcover 2021"
        ],
        "computed_at": "2026-08-22T21:22:08.167586+00:00",
        "s2_scenes_used": 40,
        "s2_dry_season_water_occ_pct": 0.0,
        "s2_comparison_label": "agree",
        "s2_comparison_caveat": "Sentinel-2 sample is cloud-filtered (<20% cover), which excludes ~93% of rainy-season scenes (0 of 40 sampled scenes were from June/July). This field is a DRY-SEASON optical baseline, not a flood-season cross-check -- SAR-S2 spatial correlation was ~0 (r=-0.07) because the two sensors sample different seasonal populations, not because either is wrong. Do not read this as a validated QA agreement signal."
      },
      "geometry": {
        "type": "Polygon",
        "coordinates": [
          [
            [
              -0.2555657459728919,
              5.555323145036211
            ],
            [
              -0.2555657459728919,
              5.559827649540716
            ],
            [
              -0.2600702504773964,
              5.559827649540716
            ],
            [
              -0.2600702504773964,
              5.555323145036211
            ],
            [
              -0.2555657459728919,
              5.555323145036211
            ]
          ]
        ]
      }
    },
    {
      "type": "Feature",
      "properties": {
        "zone_id": "grid_r8_c6",
        "assembly": "Ablekuma Central Municipal",
        "boundary_overlap_frac": 1.0,
        "score": 20.8,
        "level": "Low",
        "water_occ_pct": 1.8,
        "low_elev_frac_pct": 0.0,
        "median_elev_m": 39.5,
        "wetland_water_pct": 0.0,
        "vegetation_pct": 0.0,
        "impervious_pct": 100.0,
        "pixel_count": 25,
        "scenes_used": 40,
        "sources": [
          "sentinel-1-grd (Planetary Computer)",
          "cop-dem-glo-30",
          "esa-worldcover 2021"
        ],
        "computed_at": "2026-08-22T21:22:08.168394+00:00",
        "s2_scenes_used": 40,
        "s2_dry_season_water_occ_pct": 0.0,
        "s2_comparison_label": "agree",
        "s2_comparison_caveat": "Sentinel-2 sample is cloud-filtered (<20% cover), which excludes ~93% of rainy-season scenes (0 of 40 sampled scenes were from June/July). This field is a DRY-SEASON optical baseline, not a flood-season cross-check -- SAR-S2 spatial correlation was ~0 (r=-0.07) because the two sensors sample different seasonal populations, not because either is wrong. Do not read this as a validated QA agreement signal."
      },
      "geometry": {
        "type": "Polygon",
        "coordinates": [
          [
            [
              -0.2510612414683874,
              5.555323145036211
            ],
            [
              -0.2510612414683874,
              5.559827649540716
            ],
            [
              -0.2555657459728919,
              5.559827649540716
            ],
            [
              -0.2555657459728919,
              5.555323145036211
            ],
            [
              -0.2510612414683874,
              5.555323145036211
            ]
          ]
        ]
      }
    },
    {
      "type": "Feature",
      "properties": {
        "zone_id": "grid_r8_c7",
        "assembly": "Ablekuma Central Municipal",
        "boundary_overlap_frac": 1.0,
        "score": 21.7,
        "level": "Low",
        "water_occ_pct": 3.7,
        "low_elev_frac_pct": 0.0,
        "median_elev_m": 36.1,
        "wetland_water_pct": 0.0,
        "vegetation_pct": 0.0,
        "impervious_pct": 100.0,
        "pixel_count": 25,
        "scenes_used": 40,
        "sources": [
          "sentinel-1-grd (Planetary Computer)",
          "cop-dem-glo-30",
          "esa-worldcover 2021"
        ],
        "computed_at": "2026-08-22T21:22:08.169198+00:00",
        "s2_scenes_used": 40,
        "s2_dry_season_water_occ_pct": 0.0,
        "s2_comparison_label": "agree",
        "s2_comparison_caveat": "Sentinel-2 sample is cloud-filtered (<20% cover), which excludes ~93% of rainy-season scenes (0 of 40 sampled scenes were from June/July). This field is a DRY-SEASON optical baseline, not a flood-season cross-check -- SAR-S2 spatial correlation was ~0 (r=-0.07) because the two sensors sample different seasonal populations, not because either is wrong. Do not read this as a validated QA agreement signal."
      },
      "geometry": {
        "type": "Polygon",
        "coordinates": [
          [
            [
              -0.24655673696388286,
              5.555323145036211
            ],
            [
              -0.24655673696388286,
              5.559827649540716
            ],
            [
              -0.2510612414683874,
              5.559827649540716
            ],
            [
              -0.2510612414683874,
              5.555323145036211
            ],
            [
              -0.24655673696388286,
              5.555323145036211
            ]
          ]
        ]
      }
    },
    {
      "type": "Feature",
      "properties": {
        "zone_id": "grid_r8_c8",
        "assembly": "Ablekuma Central Municipal",
        "boundary_overlap_frac": 1.0,
        "score": 22.9,
        "level": "Low",
        "water_occ_pct": 6.5,
        "low_elev_frac_pct": 0.0,
        "median_elev_m": 24.2,
        "wetland_water_pct": 0.0,
        "vegetation_pct": 0.0,
        "impervious_pct": 100.0,
        "pixel_count": 25,
        "scenes_used": 40,
        "sources": [
          "sentinel-1-grd (Planetary Computer)",
          "cop-dem-glo-30",
          "esa-worldcover 2021"
        ],
        "computed_at": "2026-08-22T21:22:08.170174+00:00",
        "s2_scenes_used": 40,
        "s2_dry_season_water_occ_pct": 0.0,
        "s2_comparison_label": "minor_disagreement",
        "s2_comparison_caveat": "Sentinel-2 sample is cloud-filtered (<20% cover), which excludes ~93% of rainy-season scenes (0 of 40 sampled scenes were from June/July). This field is a DRY-SEASON optical baseline, not a flood-season cross-check -- SAR-S2 spatial correlation was ~0 (r=-0.07) because the two sensors sample different seasonal populations, not because either is wrong. Do not read this as a validated QA agreement signal."
      },
      "geometry": {
        "type": "Polygon",
        "coordinates": [
          [
            [
              -0.24205223245937835,
              5.555323145036211
            ],
            [
              -0.24205223245937835,
              5.559827649540716
            ],
            [
              -0.24655673696388286,
              5.559827649540716
            ],
            [
              -0.24655673696388286,
              5.555323145036211
            ],
            [
              -0.24205223245937835,
              5.555323145036211
            ]
          ]
        ]
      }
    },
    {
      "type": "Feature",
      "properties": {
        "zone_id": "grid_r8_c9",
        "assembly": "Ablekuma Central Municipal",
        "boundary_overlap_frac": 1.0,
        "score": 26.8,
        "level": "Moderate",
        "water_occ_pct": 15.1,
        "low_elev_frac_pct": 0.0,
        "median_elev_m": 15.3,
        "wetland_water_pct": 0.0,
        "vegetation_pct": 0.0,
        "impervious_pct": 100.0,
        "pixel_count": 25,
        "scenes_used": 40,
        "sources": [
          "sentinel-1-grd (Planetary Computer)",
          "cop-dem-glo-30",
          "esa-worldcover 2021"
        ],
        "computed_at": "2026-08-22T21:22:08.171199+00:00",
        "s2_scenes_used": 40,
        "s2_dry_season_water_occ_pct": 0.0,
        "s2_comparison_label": "major_disagreement",
        "s2_comparison_caveat": "Sentinel-2 sample is cloud-filtered (<20% cover), which excludes ~93% of rainy-season scenes (0 of 40 sampled scenes were from June/July). This field is a DRY-SEASON optical baseline, not a flood-season cross-check -- SAR-S2 spatial correlation was ~0 (r=-0.07) because the two sensors sample different seasonal populations, not because either is wrong. Do not read this as a validated QA agreement signal."
      },
      "geometry": {
        "type": "Polygon",
        "coordinates": [
          [
            [
              -0.23754772795487383,
              5.555323145036211
            ],
            [
              -0.23754772795487383,
              5.559827649540716
            ],
            [
              -0.24205223245937835,
              5.559827649540716
            ],
            [
              -0.24205223245937835,
              5.555323145036211
            ],
            [
              -0.23754772795487383,
              5.555323145036211
            ]
          ]
        ]
      }
    },
    {
      "type": "Feature",
      "properties": {
        "zone_id": "grid_r8_c10",
        "assembly": "Ablekuma Central Municipal",
        "boundary_overlap_frac": 1.0,
        "score": 28.8,
        "level": "Moderate",
        "water_occ_pct": 19.6,
        "low_elev_frac_pct": 0.0,
        "median_elev_m": 10.0,
        "wetland_water_pct": 0.0,
        "vegetation_pct": 0.0,
        "impervious_pct": 100.0,
        "pixel_count": 25,
        "scenes_used": 40,
        "sources": [
          "sentinel-1-grd (Planetary Computer)",
          "cop-dem-glo-30",
          "esa-worldcover 2021"
        ],
        "computed_at": "2026-08-22T21:22:08.172214+00:00",
        "s2_scenes_used": 40,
        "s2_dry_season_water_occ_pct": 0.0,
        "s2_comparison_label": "major_disagreement",
        "s2_comparison_caveat": "Sentinel-2 sample is cloud-filtered (<20% cover), which excludes ~93% of rainy-season scenes (0 of 40 sampled scenes were from June/July). This field is a DRY-SEASON optical baseline, not a flood-season cross-check -- SAR-S2 spatial correlation was ~0 (r=-0.07) because the two sensors sample different seasonal populations, not because either is wrong. Do not read this as a validated QA agreement signal."
      },
      "geometry": {
        "type": "Polygon",
        "coordinates": [
          [
            [
              -0.23304322345036932,
              5.555323145036211
            ],
            [
              -0.23304322345036932,
              5.559827649540716
            ],
            [
              -0.23754772795487383,
              5.559827649540716
            ],
            [
              -0.23754772795487383,
              5.555323145036211
            ],
            [
              -0.23304322345036932,
              5.555323145036211
            ]
          ]
        ]
      }
    },
    {
      "type": "Feature",
      "properties": {
        "zone_id": "grid_r8_c11",
        "assembly": "Ablekuma Central Municipal",
        "boundary_overlap_frac": 1.0,
        "score": 32.8,
        "level": "Moderate",
        "water_occ_pct": 9.7,
        "low_elev_frac_pct": 24.0,
        "median_elev_m": 5.4,
        "wetland_water_pct": 0.0,
        "vegetation_pct": 0.0,
        "impervious_pct": 100.0,
        "pixel_count": 25,
        "scenes_used": 40,
        "sources": [
          "sentinel-1-grd (Planetary Computer)",
          "cop-dem-glo-30",
          "esa-worldcover 2021"
        ],
        "computed_at": "2026-08-22T21:22:08.173251+00:00",
        "s2_scenes_used": 40,
        "s2_dry_season_water_occ_pct": 0.12,
        "s2_comparison_label": "minor_disagreement",
        "s2_comparison_caveat": "Sentinel-2 sample is cloud-filtered (<20% cover), which excludes ~93% of rainy-season scenes (0 of 40 sampled scenes were from June/July). This field is a DRY-SEASON optical baseline, not a flood-season cross-check -- SAR-S2 spatial correlation was ~0 (r=-0.07) because the two sensors sample different seasonal populations, not because either is wrong. Do not read this as a validated QA agreement signal."
      },
      "geometry": {
        "type": "Polygon",
        "coordinates": [
          [
            [
              -0.2285387189458648,
              5.555323145036211
            ],
            [
              -0.2285387189458648,
              5.559827649540716
            ],
            [
              -0.23304322345036932,
              5.559827649540716
            ],
            [
              -0.23304322345036932,
              5.555323145036211
            ],
            [
              -0.2285387189458648,
              5.555323145036211
            ]
          ]
        ]
      }
    },
    {
      "type": "Feature",
      "properties": {
        "zone_id": "grid_r8_c12",
        "assembly": "Ablekuma Central Municipal",
        "boundary_overlap_frac": 1.0,
        "score": 34.2,
        "level": "Moderate",
        "water_occ_pct": 12.9,
        "low_elev_frac_pct": 24.0,
        "median_elev_m": 5.4,
        "wetland_water_pct": 0.0,
        "vegetation_pct": 0.0,
        "impervious_pct": 100.0,
        "pixel_count": 25,
        "scenes_used": 40,
        "sources": [
          "sentinel-1-grd (Planetary Computer)",
          "cop-dem-glo-30",
          "esa-worldcover 2021"
        ],
        "computed_at": "2026-08-22T21:22:08.174318+00:00",
        "s2_scenes_used": 40,
        "s2_dry_season_water_occ_pct": 0.27,
        "s2_comparison_label": "minor_disagreement",
        "s2_comparison_caveat": "Sentinel-2 sample is cloud-filtered (<20% cover), which excludes ~93% of rainy-season scenes (0 of 40 sampled scenes were from June/July). This field is a DRY-SEASON optical baseline, not a flood-season cross-check -- SAR-S2 spatial correlation was ~0 (r=-0.07) because the two sensors sample different seasonal populations, not because either is wrong. Do not read this as a validated QA agreement signal."
      },
      "geometry": {
        "type": "Polygon",
        "coordinates": [
          [
            [
              -0.2240342144413603,
              5.555323145036211
            ],
            [
              -0.2240342144413603,
              5.559827649540716
            ],
            [
              -0.2285387189458648,
              5.559827649540716
            ],
            [
              -0.2285387189458648,
              5.555323145036211
            ],
            [
              -0.2240342144413603,
              5.555323145036211
            ]
          ]
        ]
      }
    },
    {
      "type": "Feature",
      "properties": {
        "zone_id": "grid_r8_c13",
        "assembly": "Ablekuma Central Municipal",
        "boundary_overlap_frac": 1.0,
        "score": 35.9,
        "level": "Moderate",
        "water_occ_pct": 10.4,
        "low_elev_frac_pct": 32.0,
        "median_elev_m": 5.5,
        "wetland_water_pct": 0.0,
        "vegetation_pct": 0.0,
        "impervious_pct": 100.0,
        "pixel_count": 25,
        "scenes_used": 40,
        "sources": [
          "sentinel-1-grd (Planetary Computer)",
          "cop-dem-glo-30",
          "esa-worldcover 2021"
        ],
        "computed_at": "2026-08-22T21:22:08.175334+00:00",
        "s2_scenes_used": 40,
        "s2_dry_season_water_occ_pct": 0.0,
        "s2_comparison_label": "minor_disagreement",
        "s2_comparison_caveat": "Sentinel-2 sample is cloud-filtered (<20% cover), which excludes ~93% of rainy-season scenes (0 of 40 sampled scenes were from June/July). This field is a DRY-SEASON optical baseline, not a flood-season cross-check -- SAR-S2 spatial correlation was ~0 (r=-0.07) because the two sensors sample different seasonal populations, not because either is wrong. Do not read this as a validated QA agreement signal."
      },
      "geometry": {
        "type": "Polygon",
        "coordinates": [
          [
            [
              -0.21952970993685578,
              5.555323145036211
            ],
            [
              -0.21952970993685578,
              5.559827649540716
            ],
            [
              -0.2240342144413603,
              5.559827649540716
            ],
            [
              -0.2240342144413603,
              5.555323145036211
            ],
            [
              -0.21952970993685578,
              5.555323145036211
            ]
          ]
        ]
      }
    },
    {
      "type": "Feature",
      "properties": {
        "zone_id": "grid_r8_c14",
        "assembly": "Ablekuma Central Municipal",
        "boundary_overlap_frac": 1.0,
        "score": 37.5,
        "level": "Moderate",
        "water_occ_pct": 11.3,
        "low_elev_frac_pct": 40.0,
        "median_elev_m": 5.8,
        "wetland_water_pct": 4.0,
        "vegetation_pct": 0.0,
        "impervious_pct": 92.0,
        "pixel_count": 25,
        "scenes_used": 40,
        "sources": [
          "sentinel-1-grd (Planetary Computer)",
          "cop-dem-glo-30",
          "esa-worldcover 2021"
        ],
        "computed_at": "2026-08-22T21:22:08.176356+00:00",
        "s2_scenes_used": 40,
        "s2_dry_season_water_occ_pct": 0.0,
        "s2_comparison_label": "minor_disagreement",
        "s2_comparison_caveat": "Sentinel-2 sample is cloud-filtered (<20% cover), which excludes ~93% of rainy-season scenes (0 of 40 sampled scenes were from June/July). This field is a DRY-SEASON optical baseline, not a flood-season cross-check -- SAR-S2 spatial correlation was ~0 (r=-0.07) because the two sensors sample different seasonal populations, not because either is wrong. Do not read this as a validated QA agreement signal."
      },
      "geometry": {
        "type": "Polygon",
        "coordinates": [
          [
            [
              -0.21502520543235126,
              5.555323145036211
            ],
            [
              -0.21502520543235126,
              5.559827649540716
            ],
            [
              -0.21952970993685578,
              5.559827649540716
            ],
            [
              -0.21952970993685578,
              5.555323145036211
            ],
            [
              -0.21502520543235126,
              5.555323145036211
            ]
          ]
        ]
      }
    },
    {
      "type": "Feature",
      "properties": {
        "zone_id": "grid_r8_c15",
        "assembly": "Accra Metropolis",
        "boundary_overlap_frac": 1.0,
        "score": 26.8,
        "level": "Moderate",
        "water_occ_pct": 15.2,
        "low_elev_frac_pct": 0.0,
        "median_elev_m": 11.6,
        "wetland_water_pct": 0.0,
        "vegetation_pct": 0.0,
        "impervious_pct": 100.0,
        "pixel_count": 25,
        "scenes_used": 40,
        "sources": [
          "sentinel-1-grd (Planetary Computer)",
          "cop-dem-glo-30",
          "esa-worldcover 2021"
        ],
        "computed_at": "2026-08-22T21:22:08.177374+00:00",
        "s2_scenes_used": 40,
        "s2_dry_season_water_occ_pct": 0.0,
        "s2_comparison_label": "major_disagreement",
        "s2_comparison_caveat": "Sentinel-2 sample is cloud-filtered (<20% cover), which excludes ~93% of rainy-season scenes (0 of 40 sampled scenes were from June/July). This field is a DRY-SEASON optical baseline, not a flood-season cross-check -- SAR-S2 spatial correlation was ~0 (r=-0.07) because the two sensors sample different seasonal populations, not because either is wrong. Do not read this as a validated QA agreement signal."
      },
      "geometry": {
        "type": "Polygon",
        "coordinates": [
          [
            [
              -0.21052070092784675,
              5.555323145036211
            ],
            [
              -0.21052070092784675,
              5.559827649540716
            ],
            [
              -0.21502520543235126,
              5.559827649540716
            ],
            [
              -0.21502520543235126,
              5.555323145036211
            ],
            [
              -0.21052070092784675,
              5.555323145036211
            ]
          ]
        ]
      }
    },
    {
      "type": "Feature",
      "properties": {
        "zone_id": "grid_r8_c16",
        "assembly": "Accra Metropolis",
        "boundary_overlap_frac": 1.0,
        "score": 28.1,
        "level": "Moderate",
        "water_occ_pct": 18.0,
        "low_elev_frac_pct": 0.0,
        "median_elev_m": 20.4,
        "wetland_water_pct": 0.0,
        "vegetation_pct": 0.0,
        "impervious_pct": 100.0,
        "pixel_count": 25,
        "scenes_used": 40,
        "sources": [
          "sentinel-1-grd (Planetary Computer)",
          "cop-dem-glo-30",
          "esa-worldcover 2021"
        ],
        "computed_at": "2026-08-22T21:22:08.178389+00:00",
        "s2_scenes_used": 40,
        "s2_dry_season_water_occ_pct": 0.0,
        "s2_comparison_label": "major_disagreement",
        "s2_comparison_caveat": "Sentinel-2 sample is cloud-filtered (<20% cover), which excludes ~93% of rainy-season scenes (0 of 40 sampled scenes were from June/July). This field is a DRY-SEASON optical baseline, not a flood-season cross-check -- SAR-S2 spatial correlation was ~0 (r=-0.07) because the two sensors sample different seasonal populations, not because either is wrong. Do not read this as a validated QA agreement signal."
      },
      "geometry": {
        "type": "Polygon",
        "coordinates": [
          [
            [
              -0.20601619642334223,
              5.555323145036211
            ],
            [
              -0.20601619642334223,
              5.559827649540716
            ],
            [
              -0.21052070092784675,
              5.559827649540716
            ],
            [
              -0.21052070092784675,
              5.555323145036211
            ],
            [
              -0.20601619642334223,
              5.555323145036211
            ]
          ]
        ]
      }
    },
    {
      "type": "Feature",
      "properties": {
        "zone_id": "grid_r8_c17",
        "assembly": "Korle Klottey Municipal",
        "boundary_overlap_frac": 1.0,
        "score": 26.1,
        "level": "Moderate",
        "water_occ_pct": 15.4,
        "low_elev_frac_pct": 0.0,
        "median_elev_m": 29.3,
        "wetland_water_pct": 0.0,
        "vegetation_pct": 4.0,
        "impervious_pct": 96.0,
        "pixel_count": 25,
        "scenes_used": 40,
        "sources": [
          "sentinel-1-grd (Planetary Computer)",
          "cop-dem-glo-30",
          "esa-worldcover 2021"
        ],
        "computed_at": "2026-08-22T21:22:08.179447+00:00",
        "s2_scenes_used": 40,
        "s2_dry_season_water_occ_pct": 0.0,
        "s2_comparison_label": "major_disagreement",
        "s2_comparison_caveat": "Sentinel-2 sample is cloud-filtered (<20% cover), which excludes ~93% of rainy-season scenes (0 of 40 sampled scenes were from June/July). This field is a DRY-SEASON optical baseline, not a flood-season cross-check -- SAR-S2 spatial correlation was ~0 (r=-0.07) because the two sensors sample different seasonal populations, not because either is wrong. Do not read this as a validated QA agreement signal."
      },
      "geometry": {
        "type": "Polygon",
        "coordinates": [
          [
            [
              -0.20151169191883772,
              5.555323145036211
            ],
            [
              -0.20151169191883772,
              5.559827649540716
            ],
            [
              -0.20601619642334223,
              5.559827649540716
            ],
            [
              -0.20601619642334223,
              5.555323145036211
            ],
            [
              -0.20151169191883772,
              5.555323145036211
            ]
          ]
        ]
      }
    },
    {
      "type": "Feature",
      "properties": {
        "zone_id": "grid_r8_c18",
        "assembly": "Korle Klottey Municipal",
        "boundary_overlap_frac": 1.0,
        "score": 22.7,
        "level": "Low",
        "water_occ_pct": 14.8,
        "low_elev_frac_pct": 0.0,
        "median_elev_m": 25.0,
        "wetland_water_pct": 0.0,
        "vegetation_pct": 20.0,
        "impervious_pct": 80.0,
        "pixel_count": 25,
        "scenes_used": 40,
        "sources": [
          "sentinel-1-grd (Planetary Computer)",
          "cop-dem-glo-30",
          "esa-worldcover 2021"
        ],
        "computed_at": "2026-08-22T21:22:08.180471+00:00",
        "s2_scenes_used": 40,
        "s2_dry_season_water_occ_pct": 0.0,
        "s2_comparison_label": "minor_disagreement",
        "s2_comparison_caveat": "Sentinel-2 sample is cloud-filtered (<20% cover), which excludes ~93% of rainy-season scenes (0 of 40 sampled scenes were from June/July). This field is a DRY-SEASON optical baseline, not a flood-season cross-check -- SAR-S2 spatial correlation was ~0 (r=-0.07) because the two sensors sample different seasonal populations, not because either is wrong. Do not read this as a validated QA agreement signal."
      },
      "geometry": {
        "type": "Polygon",
        "coordinates": [
          [
            [
              -0.1970071874143332,
              5.555323145036211
            ],
            [
              -0.1970071874143332,
              5.559827649540716
            ],
            [
              -0.20151169191883772,
              5.559827649540716
            ],
            [
              -0.20151169191883772,
              5.555323145036211
            ],
            [
              -0.1970071874143332,
              5.555323145036211
            ]
          ]
        ]
      }
    },
    {
      "type": "Feature",
      "properties": {
        "zone_id": "grid_r8_c19",
        "assembly": "Korle Klottey Municipal",
        "boundary_overlap_frac": 1.0,
        "score": 20.5,
        "level": "Low",
        "water_occ_pct": 8.2,
        "low_elev_frac_pct": 0.0,
        "median_elev_m": 30.5,
        "wetland_water_pct": 0.0,
        "vegetation_pct": 16.0,
        "impervious_pct": 84.0,
        "pixel_count": 25,
        "scenes_used": 40,
        "sources": [
          "sentinel-1-grd (Planetary Computer)",
          "cop-dem-glo-30",
          "esa-worldcover 2021"
        ],
        "computed_at": "2026-08-22T21:22:08.181488+00:00",
        "s2_scenes_used": 40,
        "s2_dry_season_water_occ_pct": 0.0,
        "s2_comparison_label": "minor_disagreement",
        "s2_comparison_caveat": "Sentinel-2 sample is cloud-filtered (<20% cover), which excludes ~93% of rainy-season scenes (0 of 40 sampled scenes were from June/July). This field is a DRY-SEASON optical baseline, not a flood-season cross-check -- SAR-S2 spatial correlation was ~0 (r=-0.07) because the two sensors sample different seasonal populations, not because either is wrong. Do not read this as a validated QA agreement signal."
      },
      "geometry": {
        "type": "Polygon",
        "coordinates": [
          [
            [
              -0.1925026829098287,
              5.555323145036211
            ],
            [
              -0.1925026829098287,
              5.559827649540716
            ],
            [
              -0.1970071874143332,
              5.559827649540716
            ],
            [
              -0.1970071874143332,
              5.555323145036211
            ],
            [
              -0.1925026829098287,
              5.555323145036211
            ]
          ]
        ]
      }
    },
    {
      "type": "Feature",
      "properties": {
        "zone_id": "grid_r8_c20",
        "assembly": "Korle Klottey Municipal",
        "boundary_overlap_frac": 1.0,
        "score": 18.6,
        "level": "Low",
        "water_occ_pct": 8.83,
        "low_elev_frac_pct": 0.0,
        "median_elev_m": 28.2,
        "wetland_water_pct": 0.0,
        "vegetation_pct": 26.67,
        "impervious_pct": 73.33,
        "pixel_count": 30,
        "scenes_used": 40,
        "sources": [
          "sentinel-1-grd (Planetary Computer)",
          "cop-dem-glo-30",
          "esa-worldcover 2021"
        ],
        "computed_at": "2026-08-22T21:22:08.182523+00:00",
        "s2_scenes_used": 40,
        "s2_dry_season_water_occ_pct": 0.0,
        "s2_comparison_label": "minor_disagreement",
        "s2_comparison_caveat": "Sentinel-2 sample is cloud-filtered (<20% cover), which excludes ~93% of rainy-season scenes (0 of 40 sampled scenes were from June/July). This field is a DRY-SEASON optical baseline, not a flood-season cross-check -- SAR-S2 spatial correlation was ~0 (r=-0.07) because the two sensors sample different seasonal populations, not because either is wrong. Do not read this as a validated QA agreement signal."
      },
      "geometry": {
        "type": "Polygon",
        "coordinates": [
          [
            [
              -0.18799817840532418,
              5.555323145036211
            ],
            [
              -0.18799817840532418,
              5.559827649540716
            ],
            [
              -0.1925026829098287,
              5.559827649540716
            ],
            [
              -0.1925026829098287,
              5.555323145036211
            ],
            [
              -0.18799817840532418,
              5.555323145036211
            ]
          ]
        ]
      }
    },
    {
      "type": "Feature",
      "properties": {
        "zone_id": "grid_r8_c21",
        "assembly": "Korle Klottey Municipal",
        "boundary_overlap_frac": 1.0,
        "score": 24.2,
        "level": "Low",
        "water_occ_pct": 9.3,
        "low_elev_frac_pct": 0.0,
        "median_elev_m": 24.4,
        "wetland_water_pct": 0.0,
        "vegetation_pct": 0.0,
        "impervious_pct": 100.0,
        "pixel_count": 25,
        "scenes_used": 40,
        "sources": [
          "sentinel-1-grd (Planetary Computer)",
          "cop-dem-glo-30",
          "esa-worldcover 2021"
        ],
        "computed_at": "2026-08-22T21:22:08.183537+00:00",
        "s2_scenes_used": 40,
        "s2_dry_season_water_occ_pct": 0.0,
        "s2_comparison_label": "minor_disagreement",
        "s2_comparison_caveat": "Sentinel-2 sample is cloud-filtered (<20% cover), which excludes ~93% of rainy-season scenes (0 of 40 sampled scenes were from June/July). This field is a DRY-SEASON optical baseline, not a flood-season cross-check -- SAR-S2 spatial correlation was ~0 (r=-0.07) because the two sensors sample different seasonal populations, not because either is wrong. Do not read this as a validated QA agreement signal."
      },
      "geometry": {
        "type": "Polygon",
        "coordinates": [
          [
            [
              -0.18349367390081966,
              5.555323145036211
            ],
            [
              -0.18349367390081966,
              5.559827649540716
            ],
            [
              -0.18799817840532418,
              5.559827649540716
            ],
            [
              -0.18799817840532418,
              5.555323145036211
            ],
            [
              -0.18349367390081966,
              5.555323145036211
            ]
          ]
        ]
      }
    },
    {
      "type": "Feature",
      "properties": {
        "zone_id": "grid_r8_c22",
        "assembly": "Korle Klottey Municipal",
        "boundary_overlap_frac": 1.0,
        "score": 23.4,
        "level": "Low",
        "water_occ_pct": 7.6,
        "low_elev_frac_pct": 0.0,
        "median_elev_m": 15.4,
        "wetland_water_pct": 0.0,
        "vegetation_pct": 0.0,
        "impervious_pct": 100.0,
        "pixel_count": 25,
        "scenes_used": 40,
        "sources": [
          "sentinel-1-grd (Planetary Computer)",
          "cop-dem-glo-30",
          "esa-worldcover 2021"
        ],
        "computed_at": "2026-08-22T21:22:08.184605+00:00",
        "s2_scenes_used": 40,
        "s2_dry_season_water_occ_pct": 0.0,
        "s2_comparison_label": "minor_disagreement",
        "s2_comparison_caveat": "Sentinel-2 sample is cloud-filtered (<20% cover), which excludes ~93% of rainy-season scenes (0 of 40 sampled scenes were from June/July). This field is a DRY-SEASON optical baseline, not a flood-season cross-check -- SAR-S2 spatial correlation was ~0 (r=-0.07) because the two sensors sample different seasonal populations, not because either is wrong. Do not read this as a validated QA agreement signal."
      },
      "geometry": {
        "type": "Polygon",
        "coordinates": [
          [
            [
              -0.17898916939631515,
              5.555323145036211
            ],
            [
              -0.17898916939631515,
              5.559827649540716
            ],
            [
              -0.18349367390081966,
              5.559827649540716
            ],
            [
              -0.18349367390081966,
              5.555323145036211
            ],
            [
              -0.17898916939631515,
              5.555323145036211
            ]
          ]
        ]
      }
    },
    {
      "type": "Feature",
      "properties": {
        "zone_id": "grid_r8_c23",
        "assembly": "Korle Klottey Municipal",
        "boundary_overlap_frac": 0.321,
        "score": 20.1,
        "level": "Low",
        "water_occ_pct": 2.0,
        "low_elev_frac_pct": 0.0,
        "median_elev_m": 9.8,
        "wetland_water_pct": 0.0,
        "vegetation_pct": 4.0,
        "impervious_pct": 96.0,
        "pixel_count": 25,
        "scenes_used": 40,
        "sources": [
          "sentinel-1-grd (Planetary Computer)",
          "cop-dem-glo-30",
          "esa-worldcover 2021"
        ],
        "computed_at": "2026-08-22T21:22:08.185647+00:00",
        "s2_scenes_used": 40,
        "s2_dry_season_water_occ_pct": 0.0,
        "s2_comparison_label": "agree",
        "s2_comparison_caveat": "Sentinel-2 sample is cloud-filtered (<20% cover), which excludes ~93% of rainy-season scenes (0 of 40 sampled scenes were from June/July). This field is a DRY-SEASON optical baseline, not a flood-season cross-check -- SAR-S2 spatial correlation was ~0 (r=-0.07) because the two sensors sample different seasonal populations, not because either is wrong. Do not read this as a validated QA agreement signal."
      },
      "geometry": {
        "type": "Polygon",
        "coordinates": [
          [
            [
              -0.17448466489181064,
              5.555323145036211
            ],
            [
              -0.17448466489181064,
              5.559827649540716
            ],
            [
              -0.17898916939631515,
              5.559827649540716
            ],
            [
              -0.17898916939631515,
              5.555323145036211
            ],
            [
              -0.17448466489181064,
              5.555323145036211
            ]
          ]
        ]
      }
    },
    {
      "type": "Feature",
      "properties": {
        "zone_id": "grid_r9_c1",
        "assembly": "Ablekuma North Municipal",
        "boundary_overlap_frac": 0.961,
        "score": 53.9,
        "level": "High",
        "water_occ_pct": 26.1,
        "low_elev_frac_pct": 68.0,
        "median_elev_m": 3.3,
        "wetland_water_pct": 0.0,
        "vegetation_pct": 8.0,
        "impervious_pct": 92.0,
        "pixel_count": 25,
        "scenes_used": 40,
        "sources": [
          "sentinel-1-grd (Planetary Computer)",
          "cop-dem-glo-30",
          "esa-worldcover 2021"
        ],
        "computed_at": "2026-08-22T21:22:08.186670+00:00",
        "s2_scenes_used": 40,
        "s2_dry_season_water_occ_pct": 0.0,
        "s2_comparison_label": "major_disagreement",
        "s2_comparison_caveat": "Sentinel-2 sample is cloud-filtered (<20% cover), which excludes ~93% of rainy-season scenes (0 of 40 sampled scenes were from June/July). This field is a DRY-SEASON optical baseline, not a flood-season cross-check -- SAR-S2 spatial correlation was ~0 (r=-0.07) because the two sensors sample different seasonal populations, not because either is wrong. Do not read this as a validated QA agreement signal."
      },
      "geometry": {
        "type": "Polygon",
        "coordinates": [
          [
            [
              -0.27358376399090995,
              5.559827649540716
            ],
            [
              -0.27358376399090995,
              5.56433215404522
            ],
            [
              -0.27808826849541446,
              5.56433215404522
            ],
            [
              -0.27808826849541446,
              5.559827649540716
            ],
            [
              -0.27358376399090995,
              5.559827649540716
            ]
          ]
        ]
      }
    },
    {
      "type": "Feature",
      "properties": {
        "zone_id": "grid_r9_c2",
        "assembly": "Ablekuma North Municipal",
        "boundary_overlap_frac": 1.0,
        "score": 22.7,
        "level": "Low",
        "water_occ_pct": 7.8,
        "low_elev_frac_pct": 0.0,
        "median_elev_m": 18.6,
        "wetland_water_pct": 0.0,
        "vegetation_pct": 4.0,
        "impervious_pct": 96.0,
        "pixel_count": 25,
        "scenes_used": 40,
        "sources": [
          "sentinel-1-grd (Planetary Computer)",
          "cop-dem-glo-30",
          "esa-worldcover 2021"
        ],
        "computed_at": "2026-08-22T21:22:08.187692+00:00",
        "s2_scenes_used": 40,
        "s2_dry_season_water_occ_pct": 0.0,
        "s2_comparison_label": "minor_disagreement",
        "s2_comparison_caveat": "Sentinel-2 sample is cloud-filtered (<20% cover), which excludes ~93% of rainy-season scenes (0 of 40 sampled scenes were from June/July). This field is a DRY-SEASON optical baseline, not a flood-season cross-check -- SAR-S2 spatial correlation was ~0 (r=-0.07) because the two sensors sample different seasonal populations, not because either is wrong. Do not read this as a validated QA agreement signal."
      },
      "geometry": {
        "type": "Polygon",
        "coordinates": [
          [
            [
              -0.26907925948640543,
              5.559827649540716
            ],
            [
              -0.26907925948640543,
              5.56433215404522
            ],
            [
              -0.27358376399090995,
              5.56433215404522
            ],
            [
              -0.27358376399090995,
              5.559827649540716
            ],
            [
              -0.26907925948640543,
              5.559827649540716
            ]
          ]
        ]
      }
    },
    {
      "type": "Feature",
      "properties": {
        "zone_id": "grid_r9_c3",
        "assembly": "Ablekuma North Municipal",
        "boundary_overlap_frac": 1.0,
        "score": 20.5,
        "level": "Low",
        "water_occ_pct": 1.2,
        "low_elev_frac_pct": 0.0,
        "median_elev_m": 30.2,
        "wetland_water_pct": 0.0,
        "vegetation_pct": 0.0,
        "impervious_pct": 100.0,
        "pixel_count": 25,
        "scenes_used": 40,
        "sources": [
          "sentinel-1-grd (Planetary Computer)",
          "cop-dem-glo-30",
          "esa-worldcover 2021"
        ],
        "computed_at": "2026-08-22T21:22:08.188890+00:00",
        "s2_scenes_used": 40,
        "s2_dry_season_water_occ_pct": 0.0,
        "s2_comparison_label": "agree",
        "s2_comparison_caveat": "Sentinel-2 sample is cloud-filtered (<20% cover), which excludes ~93% of rainy-season scenes (0 of 40 sampled scenes were from June/July). This field is a DRY-SEASON optical baseline, not a flood-season cross-check -- SAR-S2 spatial correlation was ~0 (r=-0.07) because the two sensors sample different seasonal populations, not because either is wrong. Do not read this as a validated QA agreement signal."
      },
      "geometry": {
        "type": "Polygon",
        "coordinates": [
          [
            [
              -0.2645747549819009,
              5.559827649540716
            ],
            [
              -0.2645747549819009,
              5.56433215404522
            ],
            [
              -0.26907925948640543,
              5.56433215404522
            ],
            [
              -0.26907925948640543,
              5.559827649540716
            ],
            [
              -0.2645747549819009,
              5.559827649540716
            ]
          ]
        ]
      }
    },
    {
      "type": "Feature",
      "properties": {
        "zone_id": "grid_r9_c4",
        "assembly": "Ablekuma North Municipal",
        "boundary_overlap_frac": 1.0,
        "score": 22.3,
        "level": "Low",
        "water_occ_pct": 5.1,
        "low_elev_frac_pct": 0.0,
        "median_elev_m": 39.5,
        "wetland_water_pct": 0.0,
        "vegetation_pct": 0.0,
        "impervious_pct": 100.0,
        "pixel_count": 25,
        "scenes_used": 40,
        "sources": [
          "sentinel-1-grd (Planetary Computer)",
          "cop-dem-glo-30",
          "esa-worldcover 2021"
        ],
        "computed_at": "2026-08-22T21:22:08.190083+00:00",
        "s2_scenes_used": 40,
        "s2_dry_season_water_occ_pct": 0.0,
        "s2_comparison_label": "minor_disagreement",
        "s2_comparison_caveat": "Sentinel-2 sample is cloud-filtered (<20% cover), which excludes ~93% of rainy-season scenes (0 of 40 sampled scenes were from June/July). This field is a DRY-SEASON optical baseline, not a flood-season cross-check -- SAR-S2 spatial correlation was ~0 (r=-0.07) because the two sensors sample different seasonal populations, not because either is wrong. Do not read this as a validated QA agreement signal."
      },
      "geometry": {
        "type": "Polygon",
        "coordinates": [
          [
            [
              -0.2600702504773964,
              5.559827649540716
            ],
            [
              -0.2600702504773964,
              5.56433215404522
            ],
            [
              -0.2645747549819009,
              5.56433215404522
            ],
            [
              -0.2645747549819009,
              5.559827649540716
            ],
            [
              -0.2600702504773964,
              5.559827649540716
            ]
          ]
        ]
      }
    },
    {
      "type": "Feature",
      "properties": {
        "zone_id": "grid_r9_c5",
        "assembly": "Ablekuma North Municipal",
        "boundary_overlap_frac": 1.0,
        "score": 21.2,
        "level": "Low",
        "water_occ_pct": 2.6,
        "low_elev_frac_pct": 0.0,
        "median_elev_m": 38.2,
        "wetland_water_pct": 0.0,
        "vegetation_pct": 0.0,
        "impervious_pct": 100.0,
        "pixel_count": 25,
        "scenes_used": 40,
        "sources": [
          "sentinel-1-grd (Planetary Computer)",
          "cop-dem-glo-30",
          "esa-worldcover 2021"
        ],
        "computed_at": "2026-08-22T21:22:08.191297+00:00",
        "s2_scenes_used": 40,
        "s2_dry_season_water_occ_pct": 0.0,
        "s2_comparison_label": "agree",
        "s2_comparison_caveat": "Sentinel-2 sample is cloud-filtered (<20% cover), which excludes ~93% of rainy-season scenes (0 of 40 sampled scenes were from June/July). This field is a DRY-SEASON optical baseline, not a flood-season cross-check -- SAR-S2 spatial correlation was ~0 (r=-0.07) because the two sensors sample different seasonal populations, not because either is wrong. Do not read this as a validated QA agreement signal."
      },
      "geometry": {
        "type": "Polygon",
        "coordinates": [
          [
            [
              -0.2555657459728919,
              5.559827649540716
            ],
            [
              -0.2555657459728919,
              5.56433215404522
            ],
            [
              -0.2600702504773964,
              5.56433215404522
            ],
            [
              -0.2600702504773964,
              5.559827649540716
            ],
            [
              -0.2555657459728919,
              5.559827649540716
            ]
          ]
        ]
      }
    },
    {
      "type": "Feature",
      "properties": {
        "zone_id": "grid_r9_c6",
        "assembly": "Ablekuma North Municipal",
        "boundary_overlap_frac": 1.0,
        "score": 20.9,
        "level": "Low",
        "water_occ_pct": 1.9,
        "low_elev_frac_pct": 0.0,
        "median_elev_m": 37.8,
        "wetland_water_pct": 0.0,
        "vegetation_pct": 0.0,
        "impervious_pct": 100.0,
        "pixel_count": 25,
        "scenes_used": 40,
        "sources": [
          "sentinel-1-grd (Planetary Computer)",
          "cop-dem-glo-30",
          "esa-worldcover 2021"
        ],
        "computed_at": "2026-08-22T21:22:08.192556+00:00",
        "s2_scenes_used": 40,
        "s2_dry_season_water_occ_pct": 0.0,
        "s2_comparison_label": "agree",
        "s2_comparison_caveat": "Sentinel-2 sample is cloud-filtered (<20% cover), which excludes ~93% of rainy-season scenes (0 of 40 sampled scenes were from June/July). This field is a DRY-SEASON optical baseline, not a flood-season cross-check -- SAR-S2 spatial correlation was ~0 (r=-0.07) because the two sensors sample different seasonal populations, not because either is wrong. Do not read this as a validated QA agreement signal."
      },
      "geometry": {
        "type": "Polygon",
        "coordinates": [
          [
            [
              -0.2510612414683874,
              5.559827649540716
            ],
            [
              -0.2510612414683874,
              5.56433215404522
            ],
            [
              -0.2555657459728919,
              5.56433215404522
            ],
            [
              -0.2555657459728919,
              5.559827649540716
            ],
            [
              -0.2510612414683874,
              5.559827649540716
            ]
          ]
        ]
      }
    },
    {
      "type": "Feature",
      "properties": {
        "zone_id": "grid_r9_c7",
        "assembly": "Ablekuma Central Municipal",
        "boundary_overlap_frac": 1.0,
        "score": 22.4,
        "level": "Low",
        "water_occ_pct": 5.4,
        "low_elev_frac_pct": 0.0,
        "median_elev_m": 24.6,
        "wetland_water_pct": 0.0,
        "vegetation_pct": 0.0,
        "impervious_pct": 100.0,
        "pixel_count": 25,
        "scenes_used": 40,
        "sources": [
          "sentinel-1-grd (Planetary Computer)",
          "cop-dem-glo-30",
          "esa-worldcover 2021"
        ],
        "computed_at": "2026-08-22T21:22:08.193912+00:00",
        "s2_scenes_used": 40,
        "s2_dry_season_water_occ_pct": 0.0,
        "s2_comparison_label": "minor_disagreement",
        "s2_comparison_caveat": "Sentinel-2 sample is cloud-filtered (<20% cover), which excludes ~93% of rainy-season scenes (0 of 40 sampled scenes were from June/July). This field is a DRY-SEASON optical baseline, not a flood-season cross-check -- SAR-S2 spatial correlation was ~0 (r=-0.07) because the two sensors sample different seasonal populations, not because either is wrong. Do not read this as a validated QA agreement signal."
      },
      "geometry": {
        "type": "Polygon",
        "coordinates": [
          [
            [
              -0.24655673696388286,
              5.559827649540716
            ],
            [
              -0.24655673696388286,
              5.56433215404522
            ],
            [
              -0.2510612414683874,
              5.56433215404522
            ],
            [
              -0.2510612414683874,
              5.559827649540716
            ],
            [
              -0.24655673696388286,
              5.559827649540716
            ]
          ]
        ]
      }
    },
    {
      "type": "Feature",
      "properties": {
        "zone_id": "grid_r9_c8",
        "assembly": "Ablekuma Central Municipal",
        "boundary_overlap_frac": 1.0,
        "score": 22.1,
        "level": "Low",
        "water_occ_pct": 4.6,
        "low_elev_frac_pct": 0.0,
        "median_elev_m": 23.6,
        "wetland_water_pct": 0.0,
        "vegetation_pct": 0.0,
        "impervious_pct": 100.0,
        "pixel_count": 25,
        "scenes_used": 40,
        "sources": [
          "sentinel-1-grd (Planetary Computer)",
          "cop-dem-glo-30",
          "esa-worldcover 2021"
        ],
        "computed_at": "2026-08-22T21:22:08.195147+00:00",
        "s2_scenes_used": 40,
        "s2_dry_season_water_occ_pct": 0.0,
        "s2_comparison_label": "agree",
        "s2_comparison_caveat": "Sentinel-2 sample is cloud-filtered (<20% cover), which excludes ~93% of rainy-season scenes (0 of 40 sampled scenes were from June/July). This field is a DRY-SEASON optical baseline, not a flood-season cross-check -- SAR-S2 spatial correlation was ~0 (r=-0.07) because the two sensors sample different seasonal populations, not because either is wrong. Do not read this as a validated QA agreement signal."
      },
      "geometry": {
        "type": "Polygon",
        "coordinates": [
          [
            [
              -0.24205223245937835,
              5.559827649540716
            ],
            [
              -0.24205223245937835,
              5.56433215404522
            ],
            [
              -0.24655673696388286,
              5.56433215404522
            ],
            [
              -0.24655673696388286,
              5.559827649540716
            ],
            [
              -0.24205223245937835,
              5.559827649540716
            ]
          ]
        ]
      }
    },
    {
      "type": "Feature",
      "properties": {
        "zone_id": "grid_r9_c9",
        "assembly": "Ablekuma Central Municipal",
        "boundary_overlap_frac": 1.0,
        "score": 26.3,
        "level": "Moderate",
        "water_occ_pct": 13.9,
        "low_elev_frac_pct": 0.0,
        "median_elev_m": 22.0,
        "wetland_water_pct": 0.0,
        "vegetation_pct": 0.0,
        "impervious_pct": 100.0,
        "pixel_count": 25,
        "scenes_used": 40,
        "sources": [
          "sentinel-1-grd (Planetary Computer)",
          "cop-dem-glo-30",
          "esa-worldcover 2021"
        ],
        "computed_at": "2026-08-22T21:22:08.196394+00:00",
        "s2_scenes_used": 40,
        "s2_dry_season_water_occ_pct": 0.0,
        "s2_comparison_label": "minor_disagreement",
        "s2_comparison_caveat": "Sentinel-2 sample is cloud-filtered (<20% cover), which excludes ~93% of rainy-season scenes (0 of 40 sampled scenes were from June/July). This field is a DRY-SEASON optical baseline, not a flood-season cross-check -- SAR-S2 spatial correlation was ~0 (r=-0.07) because the two sensors sample different seasonal populations, not because either is wrong. Do not read this as a validated QA agreement signal."
      },
      "geometry": {
        "type": "Polygon",
        "coordinates": [
          [
            [
              -0.23754772795487383,
              5.559827649540716
            ],
            [
              -0.23754772795487383,
              5.56433215404522
            ],
            [
              -0.24205223245937835,
              5.56433215404522
            ],
            [
              -0.24205223245937835,
              5.559827649540716
            ],
            [
              -0.23754772795487383,
              5.559827649540716
            ]
          ]
        ]
      }
    },
    {
      "type": "Feature",
      "properties": {
        "zone_id": "grid_r9_c10",
        "assembly": "Ablekuma Central Municipal",
        "boundary_overlap_frac": 1.0,
        "score": 28.8,
        "level": "Moderate",
        "water_occ_pct": 19.6,
        "low_elev_frac_pct": 0.0,
        "median_elev_m": 15.8,
        "wetland_water_pct": 0.0,
        "vegetation_pct": 0.0,
        "impervious_pct": 100.0,
        "pixel_count": 25,
        "scenes_used": 40,
        "sources": [
          "sentinel-1-grd (Planetary Computer)",
          "cop-dem-glo-30",
          "esa-worldcover 2021"
        ],
        "computed_at": "2026-08-22T21:22:08.197646+00:00",
        "s2_scenes_used": 40,
        "s2_dry_season_water_occ_pct": 0.0,
        "s2_comparison_label": "major_disagreement",
        "s2_comparison_caveat": "Sentinel-2 sample is cloud-filtered (<20% cover), which excludes ~93% of rainy-season scenes (0 of 40 sampled scenes were from June/July). This field is a DRY-SEASON optical baseline, not a flood-season cross-check -- SAR-S2 spatial correlation was ~0 (r=-0.07) because the two sensors sample different seasonal populations, not because either is wrong. Do not read this as a validated QA agreement signal."
      },
      "geometry": {
        "type": "Polygon",
        "coordinates": [
          [
            [
              -0.23304322345036932,
              5.559827649540716
            ],
            [
              -0.23304322345036932,
              5.56433215404522
            ],
            [
              -0.23754772795487383,
              5.56433215404522
            ],
            [
              -0.23754772795487383,
              5.559827649540716
            ],
            [
              -0.23304322345036932,
              5.559827649540716
            ]
          ]
        ]
      }
    },
    {
      "type": "Feature",
      "properties": {
        "zone_id": "grid_r9_c11",
        "assembly": "Ablekuma Central Municipal",
        "boundary_overlap_frac": 1.0,
        "score": 23.5,
        "level": "Low",
        "water_occ_pct": 7.7,
        "low_elev_frac_pct": 0.0,
        "median_elev_m": 7.6,
        "wetland_water_pct": 0.0,
        "vegetation_pct": 0.0,
        "impervious_pct": 100.0,
        "pixel_count": 25,
        "scenes_used": 40,
        "sources": [
          "sentinel-1-grd (Planetary Computer)",
          "cop-dem-glo-30",
          "esa-worldcover 2021"
        ],
        "computed_at": "2026-08-22T21:22:08.198920+00:00",
        "s2_scenes_used": 40,
        "s2_dry_season_water_occ_pct": 0.0,
        "s2_comparison_label": "minor_disagreement",
        "s2_comparison_caveat": "Sentinel-2 sample is cloud-filtered (<20% cover), which excludes ~93% of rainy-season scenes (0 of 40 sampled scenes were from June/July). This field is a DRY-SEASON optical baseline, not a flood-season cross-check -- SAR-S2 spatial correlation was ~0 (r=-0.07) because the two sensors sample different seasonal populations, not because either is wrong. Do not read this as a validated QA agreement signal."
      },
      "geometry": {
        "type": "Polygon",
        "coordinates": [
          [
            [
              -0.2285387189458648,
              5.559827649540716
            ],
            [
              -0.2285387189458648,
              5.56433215404522
            ],
            [
              -0.23304322345036932,
              5.56433215404522
            ],
            [
              -0.23304322345036932,
              5.559827649540716
            ],
            [
              -0.2285387189458648,
              5.559827649540716
            ]
          ]
        ]
      }
    },
    {
      "type": "Feature",
      "properties": {
        "zone_id": "grid_r9_c12",
        "assembly": "Ablekuma Central Municipal",
        "boundary_overlap_frac": 1.0,
        "score": 25.0,
        "level": "Moderate",
        "water_occ_pct": 8.0,
        "low_elev_frac_pct": 4.0,
        "median_elev_m": 6.0,
        "wetland_water_pct": 0.0,
        "vegetation_pct": 0.0,
        "impervious_pct": 100.0,
        "pixel_count": 25,
        "scenes_used": 40,
        "sources": [
          "sentinel-1-grd (Planetary Computer)",
          "cop-dem-glo-30",
          "esa-worldcover 2021"
        ],
        "computed_at": "2026-08-22T21:22:08.200136+00:00",
        "s2_scenes_used": 40,
        "s2_dry_season_water_occ_pct": 0.0,
        "s2_comparison_label": "minor_disagreement",
        "s2_comparison_caveat": "Sentinel-2 sample is cloud-filtered (<20% cover), which excludes ~93% of rainy-season scenes (0 of 40 sampled scenes were from June/July). This field is a DRY-SEASON optical baseline, not a flood-season cross-check -- SAR-S2 spatial correlation was ~0 (r=-0.07) because the two sensors sample different seasonal populations, not because either is wrong. Do not read this as a validated QA agreement signal."
      },
      "geometry": {
        "type": "Polygon",
        "coordinates": [
          [
            [
              -0.2240342144413603,
              5.559827649540716
            ],
            [
              -0.2240342144413603,
              5.56433215404522
            ],
            [
              -0.2285387189458648,
              5.56433215404522
            ],
            [
              -0.2285387189458648,
              5.559827649540716
            ],
            [
              -0.2240342144413603,
              5.559827649540716
            ]
          ]
        ]
      }
    },
    {
      "type": "Feature",
      "properties": {
        "zone_id": "grid_r9_c13",
        "assembly": "Ablekuma Central Municipal",
        "boundary_overlap_frac": 1.0,
        "score": 27.6,
        "level": "Moderate",
        "water_occ_pct": 15.5,
        "low_elev_frac_pct": 4.0,
        "median_elev_m": 6.2,
        "wetland_water_pct": 0.0,
        "vegetation_pct": 0.0,
        "impervious_pct": 96.0,
        "pixel_count": 25,
        "scenes_used": 40,
        "sources": [
          "sentinel-1-grd (Planetary Computer)",
          "cop-dem-glo-30",
          "esa-worldcover 2021"
        ],
        "computed_at": "2026-08-22T21:22:08.201277+00:00",
        "s2_scenes_used": 40,
        "s2_dry_season_water_occ_pct": 0.0,
        "s2_comparison_label": "major_disagreement",
        "s2_comparison_caveat": "Sentinel-2 sample is cloud-filtered (<20% cover), which excludes ~93% of rainy-season scenes (0 of 40 sampled scenes were from June/July). This field is a DRY-SEASON optical baseline, not a flood-season cross-check -- SAR-S2 spatial correlation was ~0 (r=-0.07) because the two sensors sample different seasonal populations, not because either is wrong. Do not read this as a validated QA agreement signal."
      },
      "geometry": {
        "type": "Polygon",
        "coordinates": [
          [
            [
              -0.21952970993685578,
              5.559827649540716
            ],
            [
              -0.21952970993685578,
              5.56433215404522
            ],
            [
              -0.2240342144413603,
              5.56433215404522
            ],
            [
              -0.2240342144413603,
              5.559827649540716
            ],
            [
              -0.21952970993685578,
              5.559827649540716
            ]
          ]
        ]
      }
    },
    {
      "type": "Feature",
      "properties": {
        "zone_id": "grid_r9_c14",
        "assembly": "Ablekuma North Municipal",
        "boundary_overlap_frac": 1.0,
        "score": 44.0,
        "level": "Moderate",
        "water_occ_pct": 24.4,
        "low_elev_frac_pct": 44.0,
        "median_elev_m": 5.0,
        "wetland_water_pct": 8.0,
        "vegetation_pct": 0.0,
        "impervious_pct": 88.0,
        "pixel_count": 25,
        "scenes_used": 40,
        "sources": [
          "sentinel-1-grd (Planetary Computer)",
          "cop-dem-glo-30",
          "esa-worldcover 2021"
        ],
        "computed_at": "2026-08-22T21:22:08.202483+00:00",
        "s2_scenes_used": 40,
        "s2_dry_season_water_occ_pct": 0.0,
        "s2_comparison_label": "major_disagreement",
        "s2_comparison_caveat": "Sentinel-2 sample is cloud-filtered (<20% cover), which excludes ~93% of rainy-season scenes (0 of 40 sampled scenes were from June/July). This field is a DRY-SEASON optical baseline, not a flood-season cross-check -- SAR-S2 spatial correlation was ~0 (r=-0.07) because the two sensors sample different seasonal populations, not because either is wrong. Do not read this as a validated QA agreement signal."
      },
      "geometry": {
        "type": "Polygon",
        "coordinates": [
          [
            [
              -0.21502520543235126,
              5.559827649540716
            ],
            [
              -0.21502520543235126,
              5.56433215404522
            ],
            [
              -0.21952970993685578,
              5.56433215404522
            ],
            [
              -0.21952970993685578,
              5.559827649540716
            ],
            [
              -0.21502520543235126,
              5.559827649540716
            ]
          ]
        ]
      }
    },
    {
      "type": "Feature",
      "properties": {
        "zone_id": "grid_r9_c15",
        "assembly": "Korle Klottey Municipal",
        "boundary_overlap_frac": 1.0,
        "score": 24.1,
        "level": "Low",
        "water_occ_pct": 9.0,
        "low_elev_frac_pct": 0.0,
        "median_elev_m": 14.4,
        "wetland_water_pct": 0.0,
        "vegetation_pct": 0.0,
        "impervious_pct": 100.0,
        "pixel_count": 25,
        "scenes_used": 40,
        "sources": [
          "sentinel-1-grd (Planetary Computer)",
          "cop-dem-glo-30",
          "esa-worldcover 2021"
        ],
        "computed_at": "2026-08-22T21:22:08.203687+00:00",
        "s2_scenes_used": 40,
        "s2_dry_season_water_occ_pct": 0.0,
        "s2_comparison_label": "minor_disagreement",
        "s2_comparison_caveat": "Sentinel-2 sample is cloud-filtered (<20% cover), which excludes ~93% of rainy-season scenes (0 of 40 sampled scenes were from June/July). This field is a DRY-SEASON optical baseline, not a flood-season cross-check -- SAR-S2 spatial correlation was ~0 (r=-0.07) because the two sensors sample different seasonal populations, not because either is wrong. Do not read this as a validated QA agreement signal."
      },
      "geometry": {
        "type": "Polygon",
        "coordinates": [
          [
            [
              -0.21052070092784675,
              5.559827649540716
            ],
            [
              -0.21052070092784675,
              5.56433215404522
            ],
            [
              -0.21502520543235126,
              5.56433215404522
            ],
            [
              -0.21502520543235126,
              5.559827649540716
            ],
            [
              -0.21052070092784675,
              5.559827649540716
            ]
          ]
        ]
      }
    },
    {
      "type": "Feature",
      "properties": {
        "zone_id": "grid_r9_c16",
        "assembly": "Korle Klottey Municipal",
        "boundary_overlap_frac": 1.0,
        "score": 27.9,
        "level": "Moderate",
        "water_occ_pct": 19.4,
        "low_elev_frac_pct": 0.0,
        "median_elev_m": 28.5,
        "wetland_water_pct": 0.0,
        "vegetation_pct": 4.0,
        "impervious_pct": 96.0,
        "pixel_count": 25,
        "scenes_used": 40,
        "sources": [
          "sentinel-1-grd (Planetary Computer)",
          "cop-dem-glo-30",
          "esa-worldcover 2021"
        ],
        "computed_at": "2026-08-22T21:22:08.204941+00:00",
        "s2_scenes_used": 40,
        "s2_dry_season_water_occ_pct": 0.0,
        "s2_comparison_label": "major_disagreement",
        "s2_comparison_caveat": "Sentinel-2 sample is cloud-filtered (<20% cover), which excludes ~93% of rainy-season scenes (0 of 40 sampled scenes were from June/July). This field is a DRY-SEASON optical baseline, not a flood-season cross-check -- SAR-S2 spatial correlation was ~0 (r=-0.07) because the two sensors sample different seasonal populations, not because either is wrong. Do not read this as a validated QA agreement signal."
      },
      "geometry": {
        "type": "Polygon",
        "coordinates": [
          [
            [
              -0.20601619642334223,
              5.559827649540716
            ],
            [
              -0.20601619642334223,
              5.56433215404522
            ],
            [
              -0.21052070092784675,
              5.56433215404522
            ],
            [
              -0.21052070092784675,
              5.559827649540716
            ],
            [
              -0.20601619642334223,
              5.559827649540716
            ]
          ]
        ]
      }
    },
    {
      "type": "Feature",
      "properties": {
        "zone_id": "grid_r9_c17",
        "assembly": "Korle Klottey Municipal",
        "boundary_overlap_frac": 1.0,
        "score": 21.8,
        "level": "Low",
        "water_occ_pct": 7.6,
        "low_elev_frac_pct": 0.0,
        "median_elev_m": 33.3,
        "wetland_water_pct": 0.0,
        "vegetation_pct": 8.0,
        "impervious_pct": 92.0,
        "pixel_count": 25,
        "scenes_used": 40,
        "sources": [
          "sentinel-1-grd (Planetary Computer)",
          "cop-dem-glo-30",
          "esa-worldcover 2021"
        ],
        "computed_at": "2026-08-22T21:22:08.206161+00:00",
        "s2_scenes_used": 40,
        "s2_dry_season_water_occ_pct": 0.0,
        "s2_comparison_label": "minor_disagreement",
        "s2_comparison_caveat": "Sentinel-2 sample is cloud-filtered (<20% cover), which excludes ~93% of rainy-season scenes (0 of 40 sampled scenes were from June/July). This field is a DRY-SEASON optical baseline, not a flood-season cross-check -- SAR-S2 spatial correlation was ~0 (r=-0.07) because the two sensors sample different seasonal populations, not because either is wrong. Do not read this as a validated QA agreement signal."
      },
      "geometry": {
        "type": "Polygon",
        "coordinates": [
          [
            [
              -0.20151169191883772,
              5.559827649540716
            ],
            [
              -0.20151169191883772,
              5.56433215404522
            ],
            [
              -0.20601619642334223,
              5.56433215404522
            ],
            [
              -0.20601619642334223,
              5.559827649540716
            ],
            [
              -0.20151169191883772,
              5.559827649540716
            ]
          ]
        ]
      }
    },
    {
      "type": "Feature",
      "properties": {
        "zone_id": "grid_r9_c18",
        "assembly": "Korle Klottey Municipal",
        "boundary_overlap_frac": 1.0,
        "score": 24.0,
        "level": "Low",
        "water_occ_pct": 10.7,
        "low_elev_frac_pct": 0.0,
        "median_elev_m": 36.0,
        "wetland_water_pct": 0.0,
        "vegetation_pct": 4.0,
        "impervious_pct": 96.0,
        "pixel_count": 25,
        "scenes_used": 40,
        "sources": [
          "sentinel-1-grd (Planetary Computer)",
          "cop-dem-glo-30",
          "esa-worldcover 2021"
        ],
        "computed_at": "2026-08-22T21:22:08.207215+00:00",
        "s2_scenes_used": 40,
        "s2_dry_season_water_occ_pct": 0.0,
        "s2_comparison_label": "minor_disagreement",
        "s2_comparison_caveat": "Sentinel-2 sample is cloud-filtered (<20% cover), which excludes ~93% of rainy-season scenes (0 of 40 sampled scenes were from June/July). This field is a DRY-SEASON optical baseline, not a flood-season cross-check -- SAR-S2 spatial correlation was ~0 (r=-0.07) because the two sensors sample different seasonal populations, not because either is wrong. Do not read this as a validated QA agreement signal."
      },
      "geometry": {
        "type": "Polygon",
        "coordinates": [
          [
            [
              -0.1970071874143332,
              5.559827649540716
            ],
            [
              -0.1970071874143332,
              5.56433215404522
            ],
            [
              -0.20151169191883772,
              5.56433215404522
            ],
            [
              -0.20151169191883772,
              5.559827649540716
            ],
            [
              -0.1970071874143332,
              5.559827649540716
            ]
          ]
        ]
      }
    },
    {
      "type": "Feature",
      "properties": {
        "zone_id": "grid_r9_c19",
        "assembly": "Korle Klottey Municipal",
        "boundary_overlap_frac": 1.0,
        "score": 23.9,
        "level": "Low",
        "water_occ_pct": 15.7,
        "low_elev_frac_pct": 0.0,
        "median_elev_m": 35.8,
        "wetland_water_pct": 0.0,
        "vegetation_pct": 16.0,
        "impervious_pct": 84.0,
        "pixel_count": 25,
        "scenes_used": 40,
        "sources": [
          "sentinel-1-grd (Planetary Computer)",
          "cop-dem-glo-30",
          "esa-worldcover 2021"
        ],
        "computed_at": "2026-08-22T21:22:08.208253+00:00",
        "s2_scenes_used": 40,
        "s2_dry_season_water_occ_pct": 0.0,
        "s2_comparison_label": "major_disagreement",
        "s2_comparison_caveat": "Sentinel-2 sample is cloud-filtered (<20% cover), which excludes ~93% of rainy-season scenes (0 of 40 sampled scenes were from June/July). This field is a DRY-SEASON optical baseline, not a flood-season cross-check -- SAR-S2 spatial correlation was ~0 (r=-0.07) because the two sensors sample different seasonal populations, not because either is wrong. Do not read this as a validated QA agreement signal."
      },
      "geometry": {
        "type": "Polygon",
        "coordinates": [
          [
            [
              -0.1925026829098287,
              5.559827649540716
            ],
            [
              -0.1925026829098287,
              5.56433215404522
            ],
            [
              -0.1970071874143332,
              5.56433215404522
            ],
            [
              -0.1970071874143332,
              5.559827649540716
            ],
            [
              -0.1925026829098287,
              5.559827649540716
            ]
          ]
        ]
      }
    },
    {
      "type": "Feature",
      "properties": {
        "zone_id": "grid_r9_c20",
        "assembly": "Korle Klottey Municipal",
        "boundary_overlap_frac": 1.0,
        "score": 22.6,
        "level": "Low",
        "water_occ_pct": 16.08,
        "low_elev_frac_pct": 0.0,
        "median_elev_m": 30.8,
        "wetland_water_pct": 0.0,
        "vegetation_pct": 23.33,
        "impervious_pct": 76.67,
        "pixel_count": 30,
        "scenes_used": 40,
        "sources": [
          "sentinel-1-grd (Planetary Computer)",
          "cop-dem-glo-30",
          "esa-worldcover 2021"
        ],
        "computed_at": "2026-08-22T21:22:08.209273+00:00",
        "s2_scenes_used": 40,
        "s2_dry_season_water_occ_pct": 0.0,
        "s2_comparison_label": "major_disagreement",
        "s2_comparison_caveat": "Sentinel-2 sample is cloud-filtered (<20% cover), which excludes ~93% of rainy-season scenes (0 of 40 sampled scenes were from June/July). This field is a DRY-SEASON optical baseline, not a flood-season cross-check -- SAR-S2 spatial correlation was ~0 (r=-0.07) because the two sensors sample different seasonal populations, not because either is wrong. Do not read this as a validated QA agreement signal."
      },
      "geometry": {
        "type": "Polygon",
        "coordinates": [
          [
            [
              -0.18799817840532418,
              5.559827649540716
            ],
            [
              -0.18799817840532418,
              5.56433215404522
            ],
            [
              -0.1925026829098287,
              5.56433215404522
            ],
            [
              -0.1925026829098287,
              5.559827649540716
            ],
            [
              -0.18799817840532418,
              5.559827649540716
            ]
          ]
        ]
      }
    },
    {
      "type": "Feature",
      "properties": {
        "zone_id": "grid_r9_c21",
        "assembly": "Korle Klottey Municipal",
        "boundary_overlap_frac": 1.0,
        "score": 26.7,
        "level": "Moderate",
        "water_occ_pct": 14.8,
        "low_elev_frac_pct": 0.0,
        "median_elev_m": 27.4,
        "wetland_water_pct": 0.0,
        "vegetation_pct": 0.0,
        "impervious_pct": 100.0,
        "pixel_count": 25,
        "scenes_used": 40,
        "sources": [
          "sentinel-1-grd (Planetary Computer)",
          "cop-dem-glo-30",
          "esa-worldcover 2021"
        ],
        "computed_at": "2026-08-22T21:22:08.210347+00:00",
        "s2_scenes_used": 40,
        "s2_dry_season_water_occ_pct": 0.0,
        "s2_comparison_label": "minor_disagreement",
        "s2_comparison_caveat": "Sentinel-2 sample is cloud-filtered (<20% cover), which excludes ~93% of rainy-season scenes (0 of 40 sampled scenes were from June/July). This field is a DRY-SEASON optical baseline, not a flood-season cross-check -- SAR-S2 spatial correlation was ~0 (r=-0.07) because the two sensors sample different seasonal populations, not because either is wrong. Do not read this as a validated QA agreement signal."
      },
      "geometry": {
        "type": "Polygon",
        "coordinates": [
          [
            [
              -0.18349367390081966,
              5.559827649540716
            ],
            [
              -0.18349367390081966,
              5.56433215404522
            ],
            [
              -0.18799817840532418,
              5.56433215404522
            ],
            [
              -0.18799817840532418,
              5.559827649540716
            ],
            [
              -0.18349367390081966,
              5.559827649540716
            ]
          ]
        ]
      }
    },
    {
      "type": "Feature",
      "properties": {
        "zone_id": "grid_r9_c22",
        "assembly": "Korle Klottey Municipal",
        "boundary_overlap_frac": 1.0,
        "score": 24.2,
        "level": "Low",
        "water_occ_pct": 9.3,
        "low_elev_frac_pct": 0.0,
        "median_elev_m": 15.6,
        "wetland_water_pct": 0.0,
        "vegetation_pct": 0.0,
        "impervious_pct": 100.0,
        "pixel_count": 25,
        "scenes_used": 40,
        "sources": [
          "sentinel-1-grd (Planetary Computer)",
          "cop-dem-glo-30",
          "esa-worldcover 2021"
        ],
        "computed_at": "2026-08-22T21:22:08.211411+00:00",
        "s2_scenes_used": 40,
        "s2_dry_season_water_occ_pct": 0.0,
        "s2_comparison_label": "minor_disagreement",
        "s2_comparison_caveat": "Sentinel-2 sample is cloud-filtered (<20% cover), which excludes ~93% of rainy-season scenes (0 of 40 sampled scenes were from June/July). This field is a DRY-SEASON optical baseline, not a flood-season cross-check -- SAR-S2 spatial correlation was ~0 (r=-0.07) because the two sensors sample different seasonal populations, not because either is wrong. Do not read this as a validated QA agreement signal."
      },
      "geometry": {
        "type": "Polygon",
        "coordinates": [
          [
            [
              -0.17898916939631515,
              5.559827649540716
            ],
            [
              -0.17898916939631515,
              5.56433215404522
            ],
            [
              -0.18349367390081966,
              5.56433215404522
            ],
            [
              -0.18349367390081966,
              5.559827649540716
            ],
            [
              -0.17898916939631515,
              5.559827649540716
            ]
          ]
        ]
      }
    },
    {
      "type": "Feature",
      "properties": {
        "zone_id": "grid_r9_c23",
        "assembly": "Korle Klottey Municipal",
        "boundary_overlap_frac": 0.276,
        "score": 26.3,
        "level": "Moderate",
        "water_occ_pct": 14.1,
        "low_elev_frac_pct": 0.0,
        "median_elev_m": 13.5,
        "wetland_water_pct": 0.0,
        "vegetation_pct": 0.0,
        "impervious_pct": 100.0,
        "pixel_count": 25,
        "scenes_used": 40,
        "sources": [
          "sentinel-1-grd (Planetary Computer)",
          "cop-dem-glo-30",
          "esa-worldcover 2021"
        ],
        "computed_at": "2026-08-22T21:22:08.212441+00:00",
        "s2_scenes_used": 40,
        "s2_dry_season_water_occ_pct": 0.0,
        "s2_comparison_label": "minor_disagreement",
        "s2_comparison_caveat": "Sentinel-2 sample is cloud-filtered (<20% cover), which excludes ~93% of rainy-season scenes (0 of 40 sampled scenes were from June/July). This field is a DRY-SEASON optical baseline, not a flood-season cross-check -- SAR-S2 spatial correlation was ~0 (r=-0.07) because the two sensors sample different seasonal populations, not because either is wrong. Do not read this as a validated QA agreement signal."
      },
      "geometry": {
        "type": "Polygon",
        "coordinates": [
          [
            [
              -0.17448466489181064,
              5.559827649540716
            ],
            [
              -0.17448466489181064,
              5.56433215404522
            ],
            [
              -0.17898916939631515,
              5.56433215404522
            ],
            [
              -0.17898916939631515,
              5.559827649540716
            ],
            [
              -0.17448466489181064,
              5.559827649540716
            ]
          ]
        ]
      }
    },
    {
      "type": "Feature",
      "properties": {
        "zone_id": "grid_r10_c1",
        "assembly": "Ablekuma North Municipal",
        "boundary_overlap_frac": 0.491,
        "score": 45.7,
        "level": "High",
        "water_occ_pct": 7.58,
        "low_elev_frac_pct": 86.67,
        "median_elev_m": 2.9,
        "wetland_water_pct": 16.67,
        "vegetation_pct": 23.33,
        "impervious_pct": 60.0,
        "pixel_count": 30,
        "scenes_used": 40,
        "sources": [
          "sentinel-1-grd (Planetary Computer)",
          "cop-dem-glo-30",
          "esa-worldcover 2021"
        ],
        "computed_at": "2026-08-22T21:22:08.213596+00:00",
        "s2_scenes_used": 40,
        "s2_dry_season_water_occ_pct": 0.0,
        "s2_comparison_label": "minor_disagreement",
        "s2_comparison_caveat": "Sentinel-2 sample is cloud-filtered (<20% cover), which excludes ~93% of rainy-season scenes (0 of 40 sampled scenes were from June/July). This field is a DRY-SEASON optical baseline, not a flood-season cross-check -- SAR-S2 spatial correlation was ~0 (r=-0.07) because the two sensors sample different seasonal populations, not because either is wrong. Do not read this as a validated QA agreement signal."
      },
      "geometry": {
        "type": "Polygon",
        "coordinates": [
          [
            [
              -0.27358376399090995,
              5.56433215404522
            ],
            [
              -0.27358376399090995,
              5.568836658549725
            ],
            [
              -0.27808826849541446,
              5.568836658549725
            ],
            [
              -0.27808826849541446,
              5.56433215404522
            ],
            [
              -0.27358376399090995,
              5.56433215404522
            ]
          ]
        ]
      }
    },
    {
      "type": "Feature",
      "properties": {
        "zone_id": "grid_r10_c2",
        "assembly": "Ablekuma North Municipal",
        "boundary_overlap_frac": 1.0,
        "score": 24.4,
        "level": "Low",
        "water_occ_pct": 9.83,
        "low_elev_frac_pct": 0.0,
        "median_elev_m": 12.3,
        "wetland_water_pct": 0.0,
        "vegetation_pct": 0.0,
        "impervious_pct": 100.0,
        "pixel_count": 30,
        "scenes_used": 40,
        "sources": [
          "sentinel-1-grd (Planetary Computer)",
          "cop-dem-glo-30",
          "esa-worldcover 2021"
        ],
        "computed_at": "2026-08-22T21:22:08.214867+00:00",
        "s2_scenes_used": 40,
        "s2_dry_season_water_occ_pct": 0.0,
        "s2_comparison_label": "minor_disagreement",
        "s2_comparison_caveat": "Sentinel-2 sample is cloud-filtered (<20% cover), which excludes ~93% of rainy-season scenes (0 of 40 sampled scenes were from June/July). This field is a DRY-SEASON optical baseline, not a flood-season cross-check -- SAR-S2 spatial correlation was ~0 (r=-0.07) because the two sensors sample different seasonal populations, not because either is wrong. Do not read this as a validated QA agreement signal."
      },
      "geometry": {
        "type": "Polygon",
        "coordinates": [
          [
            [
              -0.26907925948640543,
              5.56433215404522
            ],
            [
              -0.26907925948640543,
              5.568836658549725
            ],
            [
              -0.27358376399090995,
              5.568836658549725
            ],
            [
              -0.27358376399090995,
              5.56433215404522
            ],
            [
              -0.26907925948640543,
              5.56433215404522
            ]
          ]
        ]
      }
    },
    {
      "type": "Feature",
      "properties": {
        "zone_id": "grid_r10_c3",
        "assembly": "Ablekuma North Municipal",
        "boundary_overlap_frac": 1.0,
        "score": 20.5,
        "level": "Low",
        "water_occ_pct": 1.08,
        "low_elev_frac_pct": 0.0,
        "median_elev_m": 24.4,
        "wetland_water_pct": 0.0,
        "vegetation_pct": 0.0,
        "impervious_pct": 100.0,
        "pixel_count": 30,
        "scenes_used": 40,
        "sources": [
          "sentinel-1-grd (Planetary Computer)",
          "cop-dem-glo-30",
          "esa-worldcover 2021"
        ],
        "computed_at": "2026-08-22T21:22:08.216063+00:00",
        "s2_scenes_used": 40,
        "s2_dry_season_water_occ_pct": 0.0,
        "s2_comparison_label": "agree",
        "s2_comparison_caveat": "Sentinel-2 sample is cloud-filtered (<20% cover), which excludes ~93% of rainy-season scenes (0 of 40 sampled scenes were from June/July). This field is a DRY-SEASON optical baseline, not a flood-season cross-check -- SAR-S2 spatial correlation was ~0 (r=-0.07) because the two sensors sample different seasonal populations, not because either is wrong. Do not read this as a validated QA agreement signal."
      },
      "geometry": {
        "type": "Polygon",
        "coordinates": [
          [
            [
              -0.2645747549819009,
              5.56433215404522
            ],
            [
              -0.2645747549819009,
              5.568836658549725
            ],
            [
              -0.26907925948640543,
              5.568836658549725
            ],
            [
              -0.26907925948640543,
              5.56433215404522
            ],
            [
              -0.2645747549819009,
              5.56433215404522
            ]
          ]
        ]
      }
    },
    {
      "type": "Feature",
      "properties": {
        "zone_id": "grid_r10_c4",
        "assembly": "Ablekuma North Municipal",
        "boundary_overlap_frac": 1.0,
        "score": 20.0,
        "level": "Low",
        "water_occ_pct": 4.42,
        "low_elev_frac_pct": 0.0,
        "median_elev_m": 47.6,
        "wetland_water_pct": 0.0,
        "vegetation_pct": 10.0,
        "impervious_pct": 90.0,
        "pixel_count": 30,
        "scenes_used": 40,
        "sources": [
          "sentinel-1-grd (Planetary Computer)",
          "cop-dem-glo-30",
          "esa-worldcover 2021"
        ],
        "computed_at": "2026-08-22T21:22:08.217315+00:00",
        "s2_scenes_used": 40,
        "s2_dry_season_water_occ_pct": 0.0,
        "s2_comparison_label": "agree",
        "s2_comparison_caveat": "Sentinel-2 sample is cloud-filtered (<20% cover), which excludes ~93% of rainy-season scenes (0 of 40 sampled scenes were from June/July). This field is a DRY-SEASON optical baseline, not a flood-season cross-check -- SAR-S2 spatial correlation was ~0 (r=-0.07) because the two sensors sample different seasonal populations, not because either is wrong. Do not read this as a validated QA agreement signal."
      },
      "geometry": {
        "type": "Polygon",
        "coordinates": [
          [
            [
              -0.2600702504773964,
              5.56433215404522
            ],
            [
              -0.2600702504773964,
              5.568836658549725
            ],
            [
              -0.2645747549819009,
              5.568836658549725
            ],
            [
              -0.2645747549819009,
              5.56433215404522
            ],
            [
              -0.2600702504773964,
              5.56433215404522
            ]
          ]
        ]
      }
    },
    {
      "type": "Feature",
      "properties": {
        "zone_id": "grid_r10_c5",
        "assembly": "Ablekuma North Municipal",
        "boundary_overlap_frac": 1.0,
        "score": 21.4,
        "level": "Low",
        "water_occ_pct": 4.67,
        "low_elev_frac_pct": 0.0,
        "median_elev_m": 47.1,
        "wetland_water_pct": 0.0,
        "vegetation_pct": 3.33,
        "impervious_pct": 96.67,
        "pixel_count": 30,
        "scenes_used": 40,
        "sources": [
          "sentinel-1-grd (Planetary Computer)",
          "cop-dem-glo-30",
          "esa-worldcover 2021"
        ],
        "computed_at": "2026-08-22T21:22:08.218735+00:00",
        "s2_scenes_used": 40,
        "s2_dry_season_water_occ_pct": 0.0,
        "s2_comparison_label": "agree",
        "s2_comparison_caveat": "Sentinel-2 sample is cloud-filtered (<20% cover), which excludes ~93% of rainy-season scenes (0 of 40 sampled scenes were from June/July). This field is a DRY-SEASON optical baseline, not a flood-season cross-check -- SAR-S2 spatial correlation was ~0 (r=-0.07) because the two sensors sample different seasonal populations, not because either is wrong. Do not read this as a validated QA agreement signal."
      },
      "geometry": {
        "type": "Polygon",
        "coordinates": [
          [
            [
              -0.2555657459728919,
              5.56433215404522
            ],
            [
              -0.2555657459728919,
              5.568836658549725
            ],
            [
              -0.2600702504773964,
              5.568836658549725
            ],
            [
              -0.2600702504773964,
              5.56433215404522
            ],
            [
              -0.2555657459728919,
              5.56433215404522
            ]
          ]
        ]
      }
    },
    {
      "type": "Feature",
      "properties": {
        "zone_id": "grid_r10_c6",
        "assembly": "Ablekuma North Municipal",
        "boundary_overlap_frac": 1.0,
        "score": 21.2,
        "level": "Low",
        "water_occ_pct": 2.58,
        "low_elev_frac_pct": 0.0,
        "median_elev_m": 33.0,
        "wetland_water_pct": 0.0,
        "vegetation_pct": 0.0,
        "impervious_pct": 100.0,
        "pixel_count": 30,
        "scenes_used": 40,
        "sources": [
          "sentinel-1-grd (Planetary Computer)",
          "cop-dem-glo-30",
          "esa-worldcover 2021"
        ],
        "computed_at": "2026-08-22T21:22:08.220049+00:00",
        "s2_scenes_used": 40,
        "s2_dry_season_water_occ_pct": 0.0,
        "s2_comparison_label": "agree",
        "s2_comparison_caveat": "Sentinel-2 sample is cloud-filtered (<20% cover), which excludes ~93% of rainy-season scenes (0 of 40 sampled scenes were from June/July). This field is a DRY-SEASON optical baseline, not a flood-season cross-check -- SAR-S2 spatial correlation was ~0 (r=-0.07) because the two sensors sample different seasonal populations, not because either is wrong. Do not read this as a validated QA agreement signal."
      },
      "geometry": {
        "type": "Polygon",
        "coordinates": [
          [
            [
              -0.2510612414683874,
              5.56433215404522
            ],
            [
              -0.2510612414683874,
              5.568836658549725
            ],
            [
              -0.2555657459728919,
              5.568836658549725
            ],
            [
              -0.2555657459728919,
              5.56433215404522
            ],
            [
              -0.2510612414683874,
              5.56433215404522
            ]
          ]
        ]
      }
    },
    {
      "type": "Feature",
      "properties": {
        "zone_id": "grid_r10_c7",
        "assembly": "Ablekuma Central Municipal",
        "boundary_overlap_frac": 1.0,
        "score": 23.3,
        "level": "Low",
        "water_occ_pct": 7.33,
        "low_elev_frac_pct": 0.0,
        "median_elev_m": 32.9,
        "wetland_water_pct": 0.0,
        "vegetation_pct": 0.0,
        "impervious_pct": 100.0,
        "pixel_count": 30,
        "scenes_used": 40,
        "sources": [
          "sentinel-1-grd (Planetary Computer)",
          "cop-dem-glo-30",
          "esa-worldcover 2021"
        ],
        "computed_at": "2026-08-22T21:22:08.221250+00:00",
        "s2_scenes_used": 40,
        "s2_dry_season_water_occ_pct": 0.0,
        "s2_comparison_label": "minor_disagreement",
        "s2_comparison_caveat": "Sentinel-2 sample is cloud-filtered (<20% cover), which excludes ~93% of rainy-season scenes (0 of 40 sampled scenes were from June/July). This field is a DRY-SEASON optical baseline, not a flood-season cross-check -- SAR-S2 spatial correlation was ~0 (r=-0.07) because the two sensors sample different seasonal populations, not because either is wrong. Do not read this as a validated QA agreement signal."
      },
      "geometry": {
        "type": "Polygon",
        "coordinates": [
          [
            [
              -0.24655673696388286,
              5.56433215404522
            ],
            [
              -0.24655673696388286,
              5.568836658549725
            ],
            [
              -0.2510612414683874,
              5.568836658549725
            ],
            [
              -0.2510612414683874,
              5.56433215404522
            ],
            [
              -0.24655673696388286,
              5.56433215404522
            ]
          ]
        ]
      }
    },
    {
      "type": "Feature",
      "properties": {
        "zone_id": "grid_r10_c8",
        "assembly": "Ablekuma Central Municipal",
        "boundary_overlap_frac": 1.0,
        "score": 26.0,
        "level": "Moderate",
        "water_occ_pct": 13.25,
        "low_elev_frac_pct": 0.0,
        "median_elev_m": 25.7,
        "wetland_water_pct": 0.0,
        "vegetation_pct": 0.0,
        "impervious_pct": 100.0,
        "pixel_count": 30,
        "scenes_used": 40,
        "sources": [
          "sentinel-1-grd (Planetary Computer)",
          "cop-dem-glo-30",
          "esa-worldcover 2021"
        ],
        "computed_at": "2026-08-22T21:22:08.222550+00:00",
        "s2_scenes_used": 40,
        "s2_dry_season_water_occ_pct": 0.0,
        "s2_comparison_label": "minor_disagreement",
        "s2_comparison_caveat": "Sentinel-2 sample is cloud-filtered (<20% cover), which excludes ~93% of rainy-season scenes (0 of 40 sampled scenes were from June/July). This field is a DRY-SEASON optical baseline, not a flood-season cross-check -- SAR-S2 spatial correlation was ~0 (r=-0.07) because the two sensors sample different seasonal populations, not because either is wrong. Do not read this as a validated QA agreement signal."
      },
      "geometry": {
        "type": "Polygon",
        "coordinates": [
          [
            [
              -0.24205223245937835,
              5.56433215404522
            ],
            [
              -0.24205223245937835,
              5.568836658549725
            ],
            [
              -0.24655673696388286,
              5.568836658549725
            ],
            [
              -0.24655673696388286,
              5.56433215404522
            ],
            [
              -0.24205223245937835,
              5.56433215404522
            ]
          ]
        ]
      }
    },
    {
      "type": "Feature",
      "properties": {
        "zone_id": "grid_r10_c9",
        "assembly": "Ablekuma Central Municipal",
        "boundary_overlap_frac": 1.0,
        "score": 25.3,
        "level": "Moderate",
        "water_occ_pct": 11.75,
        "low_elev_frac_pct": 0.0,
        "median_elev_m": 15.8,
        "wetland_water_pct": 0.0,
        "vegetation_pct": 0.0,
        "impervious_pct": 100.0,
        "pixel_count": 30,
        "scenes_used": 40,
        "sources": [
          "sentinel-1-grd (Planetary Computer)",
          "cop-dem-glo-30",
          "esa-worldcover 2021"
        ],
        "computed_at": "2026-08-22T21:22:08.223833+00:00",
        "s2_scenes_used": 40,
        "s2_dry_season_water_occ_pct": 0.0,
        "s2_comparison_label": "minor_disagreement",
        "s2_comparison_caveat": "Sentinel-2 sample is cloud-filtered (<20% cover), which excludes ~93% of rainy-season scenes (0 of 40 sampled scenes were from June/July). This field is a DRY-SEASON optical baseline, not a flood-season cross-check -- SAR-S2 spatial correlation was ~0 (r=-0.07) because the two sensors sample different seasonal populations, not because either is wrong. Do not read this as a validated QA agreement signal."
      },
      "geometry": {
        "type": "Polygon",
        "coordinates": [
          [
            [
              -0.23754772795487383,
              5.56433215404522
            ],
            [
              -0.23754772795487383,
              5.568836658549725
            ],
            [
              -0.24205223245937835,
              5.568836658549725
            ],
            [
              -0.24205223245937835,
              5.56433215404522
            ],
            [
              -0.23754772795487383,
              5.56433215404522
            ]
          ]
        ]
      }
    },
    {
      "type": "Feature",
      "properties": {
        "zone_id": "grid_r10_c10",
        "assembly": "Ablekuma Central Municipal",
        "boundary_overlap_frac": 1.0,
        "score": 22.6,
        "level": "Low",
        "water_occ_pct": 5.75,
        "low_elev_frac_pct": 0.0,
        "median_elev_m": 16.0,
        "wetland_water_pct": 0.0,
        "vegetation_pct": 0.0,
        "impervious_pct": 100.0,
        "pixel_count": 30,
        "scenes_used": 40,
        "sources": [
          "sentinel-1-grd (Planetary Computer)",
          "cop-dem-glo-30",
          "esa-worldcover 2021"
        ],
        "computed_at": "2026-08-22T21:22:08.225057+00:00",
        "s2_scenes_used": 40,
        "s2_dry_season_water_occ_pct": 0.0,
        "s2_comparison_label": "minor_disagreement",
        "s2_comparison_caveat": "Sentinel-2 sample is cloud-filtered (<20% cover), which excludes ~93% of rainy-season scenes (0 of 40 sampled scenes were from June/July). This field is a DRY-SEASON optical baseline, not a flood-season cross-check -- SAR-S2 spatial correlation was ~0 (r=-0.07) because the two sensors sample different seasonal populations, not because either is wrong. Do not read this as a validated QA agreement signal."
      },
      "geometry": {
        "type": "Polygon",
        "coordinates": [
          [
            [
              -0.23304322345036932,
              5.56433215404522
            ],
            [
              -0.23304322345036932,
              5.568836658549725
            ],
            [
              -0.23754772795487383,
              5.568836658549725
            ],
            [
              -0.23754772795487383,
              5.56433215404522
            ],
            [
              -0.23304322345036932,
              5.56433215404522
            ]
          ]
        ]
      }
    },
    {
      "type": "Feature",
      "properties": {
        "zone_id": "grid_r10_c11",
        "assembly": "Ablekuma Central Municipal",
        "boundary_overlap_frac": 1.0,
        "score": 24.9,
        "level": "Low",
        "water_occ_pct": 12.42,
        "low_elev_frac_pct": 0.0,
        "median_elev_m": 13.0,
        "wetland_water_pct": 0.0,
        "vegetation_pct": 3.33,
        "impervious_pct": 96.67,
        "pixel_count": 30,
        "scenes_used": 40,
        "sources": [
          "sentinel-1-grd (Planetary Computer)",
          "cop-dem-glo-30",
          "esa-worldcover 2021"
        ],
        "computed_at": "2026-08-22T21:22:08.226339+00:00",
        "s2_scenes_used": 40,
        "s2_dry_season_water_occ_pct": 0.0,
        "s2_comparison_label": "minor_disagreement",
        "s2_comparison_caveat": "Sentinel-2 sample is cloud-filtered (<20% cover), which excludes ~93% of rainy-season scenes (0 of 40 sampled scenes were from June/July). This field is a DRY-SEASON optical baseline, not a flood-season cross-check -- SAR-S2 spatial correlation was ~0 (r=-0.07) because the two sensors sample different seasonal populations, not because either is wrong. Do not read this as a validated QA agreement signal."
      },
      "geometry": {
        "type": "Polygon",
        "coordinates": [
          [
            [
              -0.2285387189458648,
              5.56433215404522
            ],
            [
              -0.2285387189458648,
              5.568836658549725
            ],
            [
              -0.23304322345036932,
              5.568836658549725
            ],
            [
              -0.23304322345036932,
              5.56433215404522
            ],
            [
              -0.2285387189458648,
              5.56433215404522
            ]
          ]
        ]
      }
    },
    {
      "type": "Feature",
      "properties": {
        "zone_id": "grid_r10_c12",
        "assembly": "Ablekuma Central Municipal",
        "boundary_overlap_frac": 1.0,
        "score": 13.4,
        "level": "Low",
        "water_occ_pct": 7.5,
        "low_elev_frac_pct": 0.0,
        "median_elev_m": 8.4,
        "wetland_water_pct": 0.0,
        "vegetation_pct": 50.0,
        "impervious_pct": 50.0,
        "pixel_count": 30,
        "scenes_used": 40,
        "sources": [
          "sentinel-1-grd (Planetary Computer)",
          "cop-dem-glo-30",
          "esa-worldcover 2021"
        ],
        "computed_at": "2026-08-22T21:22:08.227610+00:00",
        "s2_scenes_used": 40,
        "s2_dry_season_water_occ_pct": 0.11,
        "s2_comparison_label": "minor_disagreement",
        "s2_comparison_caveat": "Sentinel-2 sample is cloud-filtered (<20% cover), which excludes ~93% of rainy-season scenes (0 of 40 sampled scenes were from June/July). This field is a DRY-SEASON optical baseline, not a flood-season cross-check -- SAR-S2 spatial correlation was ~0 (r=-0.07) because the two sensors sample different seasonal populations, not because either is wrong. Do not read this as a validated QA agreement signal."
      },
      "geometry": {
        "type": "Polygon",
        "coordinates": [
          [
            [
              -0.2240342144413603,
              5.56433215404522
            ],
            [
              -0.2240342144413603,
              5.568836658549725
            ],
            [
              -0.2285387189458648,
              5.568836658549725
            ],
            [
              -0.2285387189458648,
              5.56433215404522
            ],
            [
              -0.2240342144413603,
              5.56433215404522
            ]
          ]
        ]
      }
    },
    {
      "type": "Feature",
      "properties": {
        "zone_id": "grid_r10_c13",
        "assembly": "Ablekuma North Municipal",
        "boundary_overlap_frac": 1.0,
        "score": 23.7,
        "level": "Low",
        "water_occ_pct": 10.33,
        "low_elev_frac_pct": 6.67,
        "median_elev_m": 6.2,
        "wetland_water_pct": 0.0,
        "vegetation_pct": 16.67,
        "impervious_pct": 83.33,
        "pixel_count": 30,
        "scenes_used": 40,
        "sources": [
          "sentinel-1-grd (Planetary Computer)",
          "cop-dem-glo-30",
          "esa-worldcover 2021"
        ],
        "computed_at": "2026-08-22T21:22:08.228910+00:00",
        "s2_scenes_used": 40,
        "s2_dry_season_water_occ_pct": 0.0,
        "s2_comparison_label": "minor_disagreement",
        "s2_comparison_caveat": "Sentinel-2 sample is cloud-filtered (<20% cover), which excludes ~93% of rainy-season scenes (0 of 40 sampled scenes were from June/July). This field is a DRY-SEASON optical baseline, not a flood-season cross-check -- SAR-S2 spatial correlation was ~0 (r=-0.07) because the two sensors sample different seasonal populations, not because either is wrong. Do not read this as a validated QA agreement signal."
      },
      "geometry": {
        "type": "Polygon",
        "coordinates": [
          [
            [
              -0.21952970993685578,
              5.56433215404522
            ],
            [
              -0.21952970993685578,
              5.568836658549725
            ],
            [
              -0.2240342144413603,
              5.568836658549725
            ],
            [
              -0.2240342144413603,
              5.56433215404522
            ],
            [
              -0.21952970993685578,
              5.56433215404522
            ]
          ]
        ]
      }
    },
    {
      "type": "Feature",
      "properties": {
        "zone_id": "grid_r10_c14",
        "assembly": "Ablekuma North Municipal",
        "boundary_overlap_frac": 1.0,
        "score": 39.5,
        "level": "Moderate",
        "water_occ_pct": 27.5,
        "low_elev_frac_pct": 30.0,
        "median_elev_m": 5.1,
        "wetland_water_pct": 0.0,
        "vegetation_pct": 0.0,
        "impervious_pct": 83.33,
        "pixel_count": 30,
        "scenes_used": 40,
        "sources": [
          "sentinel-1-grd (Planetary Computer)",
          "cop-dem-glo-30",
          "esa-worldcover 2021"
        ],
        "computed_at": "2026-08-22T21:22:08.230222+00:00",
        "s2_scenes_used": 40,
        "s2_dry_season_water_occ_pct": 0.0,
        "s2_comparison_label": "major_disagreement",
        "s2_comparison_caveat": "Sentinel-2 sample is cloud-filtered (<20% cover), which excludes ~93% of rainy-season scenes (0 of 40 sampled scenes were from June/July). This field is a DRY-SEASON optical baseline, not a flood-season cross-check -- SAR-S2 spatial correlation was ~0 (r=-0.07) because the two sensors sample different seasonal populations, not because either is wrong. Do not read this as a validated QA agreement signal."
      },
      "geometry": {
        "type": "Polygon",
        "coordinates": [
          [
            [
              -0.21502520543235126,
              5.56433215404522
            ],
            [
              -0.21502520543235126,
              5.568836658549725
            ],
            [
              -0.21952970993685578,
              5.568836658549725
            ],
            [
              -0.21952970993685578,
              5.56433215404522
            ],
            [
              -0.21502520543235126,
              5.56433215404522
            ]
          ]
        ]
      }
    },
    {
      "type": "Feature",
      "properties": {
        "zone_id": "grid_r10_c15",
        "assembly": "Korle Klottey Municipal",
        "boundary_overlap_frac": 1.0,
        "score": 29.3,
        "level": "Moderate",
        "water_occ_pct": 20.75,
        "low_elev_frac_pct": 0.0,
        "median_elev_m": 9.4,
        "wetland_water_pct": 0.0,
        "vegetation_pct": 0.0,
        "impervious_pct": 100.0,
        "pixel_count": 30,
        "scenes_used": 40,
        "sources": [
          "sentinel-1-grd (Planetary Computer)",
          "cop-dem-glo-30",
          "esa-worldcover 2021"
        ],
        "computed_at": "2026-08-22T21:22:08.231487+00:00",
        "s2_scenes_used": 40,
        "s2_dry_season_water_occ_pct": 0.0,
        "s2_comparison_label": "major_disagreement",
        "s2_comparison_caveat": "Sentinel-2 sample is cloud-filtered (<20% cover), which excludes ~93% of rainy-season scenes (0 of 40 sampled scenes were from June/July). This field is a DRY-SEASON optical baseline, not a flood-season cross-check -- SAR-S2 spatial correlation was ~0 (r=-0.07) because the two sensors sample different seasonal populations, not because either is wrong. Do not read this as a validated QA agreement signal."
      },
      "geometry": {
        "type": "Polygon",
        "coordinates": [
          [
            [
              -0.21052070092784675,
              5.56433215404522
            ],
            [
              -0.21052070092784675,
              5.568836658549725
            ],
            [
              -0.21502520543235126,
              5.568836658549725
            ],
            [
              -0.21502520543235126,
              5.56433215404522
            ],
            [
              -0.21052070092784675,
              5.56433215404522
            ]
          ]
        ]
      }
    },
    {
      "type": "Feature",
      "properties": {
        "zone_id": "grid_r10_c16",
        "assembly": "Korle Klottey Municipal",
        "boundary_overlap_frac": 1.0,
        "score": 26.9,
        "level": "Moderate",
        "water_occ_pct": 15.42,
        "low_elev_frac_pct": 0.0,
        "median_elev_m": 21.9,
        "wetland_water_pct": 0.0,
        "vegetation_pct": 0.0,
        "impervious_pct": 100.0,
        "pixel_count": 30,
        "scenes_used": 40,
        "sources": [
          "sentinel-1-grd (Planetary Computer)",
          "cop-dem-glo-30",
          "esa-worldcover 2021"
        ],
        "computed_at": "2026-08-22T21:22:08.232731+00:00",
        "s2_scenes_used": 40,
        "s2_dry_season_water_occ_pct": 0.0,
        "s2_comparison_label": "major_disagreement",
        "s2_comparison_caveat": "Sentinel-2 sample is cloud-filtered (<20% cover), which excludes ~93% of rainy-season scenes (0 of 40 sampled scenes were from June/July). This field is a DRY-SEASON optical baseline, not a flood-season cross-check -- SAR-S2 spatial correlation was ~0 (r=-0.07) because the two sensors sample different seasonal populations, not because either is wrong. Do not read this as a validated QA agreement signal."
      },
      "geometry": {
        "type": "Polygon",
        "coordinates": [
          [
            [
              -0.20601619642334223,
              5.56433215404522
            ],
            [
              -0.20601619642334223,
              5.568836658549725
            ],
            [
              -0.21052070092784675,
              5.568836658549725
            ],
            [
              -0.21052070092784675,
              5.56433215404522
            ],
            [
              -0.20601619642334223,
              5.56433215404522
            ]
          ]
        ]
      }
    },
    {
      "type": "Feature",
      "properties": {
        "zone_id": "grid_r10_c17",
        "assembly": "Korle Klottey Municipal",
        "boundary_overlap_frac": 1.0,
        "score": 23.2,
        "level": "Low",
        "water_occ_pct": 11.5,
        "low_elev_frac_pct": 0.0,
        "median_elev_m": 19.8,
        "wetland_water_pct": 0.0,
        "vegetation_pct": 10.0,
        "impervious_pct": 90.0,
        "pixel_count": 30,
        "scenes_used": 40,
        "sources": [
          "sentinel-1-grd (Planetary Computer)",
          "cop-dem-glo-30",
          "esa-worldcover 2021"
        ],
        "computed_at": "2026-08-22T21:22:08.234028+00:00",
        "s2_scenes_used": 40,
        "s2_dry_season_water_occ_pct": 0.0,
        "s2_comparison_label": "minor_disagreement",
        "s2_comparison_caveat": "Sentinel-2 sample is cloud-filtered (<20% cover), which excludes ~93% of rainy-season scenes (0 of 40 sampled scenes were from June/July). This field is a DRY-SEASON optical baseline, not a flood-season cross-check -- SAR-S2 spatial correlation was ~0 (r=-0.07) because the two sensors sample different seasonal populations, not because either is wrong. Do not read this as a validated QA agreement signal."
      },
      "geometry": {
        "type": "Polygon",
        "coordinates": [
          [
            [
              -0.20151169191883772,
              5.56433215404522
            ],
            [
              -0.20151169191883772,
              5.568836658549725
            ],
            [
              -0.20601619642334223,
              5.568836658549725
            ],
            [
              -0.20601619642334223,
              5.56433215404522
            ],
            [
              -0.20151169191883772,
              5.56433215404522
            ]
          ]
        ]
      }
    },
    {
      "type": "Feature",
      "properties": {
        "zone_id": "grid_r10_c18",
        "assembly": "Korle Klottey Municipal",
        "boundary_overlap_frac": 1.0,
        "score": 27.7,
        "level": "Moderate",
        "water_occ_pct": 18.67,
        "low_elev_frac_pct": 0.0,
        "median_elev_m": 26.0,
        "wetland_water_pct": 0.0,
        "vegetation_pct": 3.33,
        "impervious_pct": 96.67,
        "pixel_count": 30,
        "scenes_used": 40,
        "sources": [
          "sentinel-1-grd (Planetary Computer)",
          "cop-dem-glo-30",
          "esa-worldcover 2021"
        ],
        "computed_at": "2026-08-22T21:22:08.235406+00:00",
        "s2_scenes_used": 40,
        "s2_dry_season_water_occ_pct": 0.0,
        "s2_comparison_label": "major_disagreement",
        "s2_comparison_caveat": "Sentinel-2 sample is cloud-filtered (<20% cover), which excludes ~93% of rainy-season scenes (0 of 40 sampled scenes were from June/July). This field is a DRY-SEASON optical baseline, not a flood-season cross-check -- SAR-S2 spatial correlation was ~0 (r=-0.07) because the two sensors sample different seasonal populations, not because either is wrong. Do not read this as a validated QA agreement signal."
      },
      "geometry": {
        "type": "Polygon",
        "coordinates": [
          [
            [
              -0.1970071874143332,
              5.56433215404522
            ],
            [
              -0.1970071874143332,
              5.568836658549725
            ],
            [
              -0.20151169191883772,
              5.568836658549725
            ],
            [
              -0.20151169191883772,
              5.56433215404522
            ],
            [
              -0.1970071874143332,
              5.56433215404522
            ]
          ]
        ]
      }
    },
    {
      "type": "Feature",
      "properties": {
        "zone_id": "grid_r10_c19",
        "assembly": "Korle Klottey Municipal",
        "boundary_overlap_frac": 1.0,
        "score": 22.5,
        "level": "Low",
        "water_occ_pct": 12.92,
        "low_elev_frac_pct": 0.0,
        "median_elev_m": 39.6,
        "wetland_water_pct": 0.0,
        "vegetation_pct": 16.67,
        "impervious_pct": 83.33,
        "pixel_count": 30,
        "scenes_used": 40,
        "sources": [
          "sentinel-1-grd (Planetary Computer)",
          "cop-dem-glo-30",
          "esa-worldcover 2021"
        ],
        "computed_at": "2026-08-22T21:22:08.236653+00:00",
        "s2_scenes_used": 40,
        "s2_dry_season_water_occ_pct": 0.0,
        "s2_comparison_label": "minor_disagreement",
        "s2_comparison_caveat": "Sentinel-2 sample is cloud-filtered (<20% cover), which excludes ~93% of rainy-season scenes (0 of 40 sampled scenes were from June/July). This field is a DRY-SEASON optical baseline, not a flood-season cross-check -- SAR-S2 spatial correlation was ~0 (r=-0.07) because the two sensors sample different seasonal populations, not because either is wrong. Do not read this as a validated QA agreement signal."
      },
      "geometry": {
        "type": "Polygon",
        "coordinates": [
          [
            [
              -0.1925026829098287,
              5.56433215404522
            ],
            [
              -0.1925026829098287,
              5.568836658549725
            ],
            [
              -0.1970071874143332,
              5.568836658549725
            ],
            [
              -0.1970071874143332,
              5.56433215404522
            ],
            [
              -0.1925026829098287,
              5.56433215404522
            ]
          ]
        ]
      }
    },
    {
      "type": "Feature",
      "properties": {
        "zone_id": "grid_r10_c20",
        "assembly": "Korle Klottey Municipal",
        "boundary_overlap_frac": 1.0,
        "score": 25.1,
        "level": "Moderate",
        "water_occ_pct": 15.07,
        "low_elev_frac_pct": 0.0,
        "median_elev_m": 39.4,
        "wetland_water_pct": 0.0,
        "vegetation_pct": 8.33,
        "impervious_pct": 91.67,
        "pixel_count": 36,
        "scenes_used": 40,
        "sources": [
          "sentinel-1-grd (Planetary Computer)",
          "cop-dem-glo-30",
          "esa-worldcover 2021"
        ],
        "computed_at": "2026-08-22T21:22:08.238188+00:00",
        "s2_scenes_used": 40,
        "s2_dry_season_water_occ_pct": 0.0,
        "s2_comparison_label": "major_disagreement",
        "s2_comparison_caveat": "Sentinel-2 sample is cloud-filtered (<20% cover), which excludes ~93% of rainy-season scenes (0 of 40 sampled scenes were from June/July). This field is a DRY-SEASON optical baseline, not a flood-season cross-check -- SAR-S2 spatial correlation was ~0 (r=-0.07) because the two sensors sample different seasonal populations, not because either is wrong. Do not read this as a validated QA agreement signal."
      },
      "geometry": {
        "type": "Polygon",
        "coordinates": [
          [
            [
              -0.18799817840532418,
              5.56433215404522
            ],
            [
              -0.18799817840532418,
              5.568836658549725
            ],
            [
              -0.1925026829098287,
              5.568836658549725
            ],
            [
              -0.1925026829098287,
              5.56433215404522
            ],
            [
              -0.18799817840532418,
              5.56433215404522
            ]
          ]
        ]
      }
    },
    {
      "type": "Feature",
      "properties": {
        "zone_id": "grid_r10_c21",
        "assembly": "Korle Klottey Municipal",
        "boundary_overlap_frac": 0.953,
        "score": 24.6,
        "level": "Low",
        "water_occ_pct": 10.25,
        "low_elev_frac_pct": 0.0,
        "median_elev_m": 25.4,
        "wetland_water_pct": 0.0,
        "vegetation_pct": 0.0,
        "impervious_pct": 100.0,
        "pixel_count": 30,
        "scenes_used": 40,
        "sources": [
          "sentinel-1-grd (Planetary Computer)",
          "cop-dem-glo-30",
          "esa-worldcover 2021"
        ],
        "computed_at": "2026-08-22T21:22:08.239196+00:00",
        "s2_scenes_used": 40,
        "s2_dry_season_water_occ_pct": 0.0,
        "s2_comparison_label": "minor_disagreement",
        "s2_comparison_caveat": "Sentinel-2 sample is cloud-filtered (<20% cover), which excludes ~93% of rainy-season scenes (0 of 40 sampled scenes were from June/July). This field is a DRY-SEASON optical baseline, not a flood-season cross-check -- SAR-S2 spatial correlation was ~0 (r=-0.07) because the two sensors sample different seasonal populations, not because either is wrong. Do not read this as a validated QA agreement signal."
      },
      "geometry": {
        "type": "Polygon",
        "coordinates": [
          [
            [
              -0.18349367390081966,
              5.56433215404522
            ],
            [
              -0.18349367390081966,
              5.568836658549725
            ],
            [
              -0.18799817840532418,
              5.568836658549725
            ],
            [
              -0.18799817840532418,
              5.56433215404522
            ],
            [
              -0.18349367390081966,
              5.56433215404522
            ]
          ]
        ]
      }
    },
    {
      "type": "Feature",
      "properties": {
        "zone_id": "grid_r10_c22",
        "assembly": "Korle Klottey Municipal",
        "boundary_overlap_frac": 0.436,
        "score": 21.0,
        "level": "Low",
        "water_occ_pct": 2.17,
        "low_elev_frac_pct": 0.0,
        "median_elev_m": 18.7,
        "wetland_water_pct": 0.0,
        "vegetation_pct": 0.0,
        "impervious_pct": 100.0,
        "pixel_count": 30,
        "scenes_used": 40,
        "sources": [
          "sentinel-1-grd (Planetary Computer)",
          "cop-dem-glo-30",
          "esa-worldcover 2021"
        ],
        "computed_at": "2026-08-22T21:22:08.240086+00:00",
        "s2_scenes_used": 40,
        "s2_dry_season_water_occ_pct": 0.0,
        "s2_comparison_label": "agree",
        "s2_comparison_caveat": "Sentinel-2 sample is cloud-filtered (<20% cover), which excludes ~93% of rainy-season scenes (0 of 40 sampled scenes were from June/July). This field is a DRY-SEASON optical baseline, not a flood-season cross-check -- SAR-S2 spatial correlation was ~0 (r=-0.07) because the two sensors sample different seasonal populations, not because either is wrong. Do not read this as a validated QA agreement signal."
      },
      "geometry": {
        "type": "Polygon",
        "coordinates": [
          [
            [
              -0.17898916939631515,
              5.56433215404522
            ],
            [
              -0.17898916939631515,
              5.568836658549725
            ],
            [
              -0.18349367390081966,
              5.568836658549725
            ],
            [
              -0.18349367390081966,
              5.56433215404522
            ],
            [
              -0.17898916939631515,
              5.56433215404522
            ]
          ]
        ]
      }
    },
    {
      "type": "Feature",
      "properties": {
        "zone_id": "grid_r11_c1",
        "assembly": "Ablekuma North Municipal",
        "boundary_overlap_frac": 0.821,
        "score": 37.7,
        "level": "Moderate",
        "water_occ_pct": 2.0,
        "low_elev_frac_pct": 48.0,
        "median_elev_m": 5.1,
        "wetland_water_pct": 0.0,
        "vegetation_pct": 0.0,
        "impervious_pct": 100.0,
        "pixel_count": 25,
        "scenes_used": 40,
        "sources": [
          "sentinel-1-grd (Planetary Computer)",
          "cop-dem-glo-30",
          "esa-worldcover 2021"
        ],
        "computed_at": "2026-08-22T21:22:08.240958+00:00",
        "s2_scenes_used": 40,
        "s2_dry_season_water_occ_pct": 0.0,
        "s2_comparison_label": "agree",
        "s2_comparison_caveat": "Sentinel-2 sample is cloud-filtered (<20% cover), which excludes ~93% of rainy-season scenes (0 of 40 sampled scenes were from June/July). This field is a DRY-SEASON optical baseline, not a flood-season cross-check -- SAR-S2 spatial correlation was ~0 (r=-0.07) because the two sensors sample different seasonal populations, not because either is wrong. Do not read this as a validated QA agreement signal."
      },
      "geometry": {
        "type": "Polygon",
        "coordinates": [
          [
            [
              -0.27358376399090995,
              5.568836658549725
            ],
            [
              -0.27358376399090995,
              5.57334116305423
            ],
            [
              -0.27808826849541446,
              5.57334116305423
            ],
            [
              -0.27808826849541446,
              5.568836658549725
            ],
            [
              -0.27358376399090995,
              5.568836658549725
            ]
          ]
        ]
      }
    },
    {
      "type": "Feature",
      "properties": {
        "zone_id": "grid_r11_c2",
        "assembly": "Ablekuma North Municipal",
        "boundary_overlap_frac": 1.0,
        "score": 21.2,
        "level": "Low",
        "water_occ_pct": 2.6,
        "low_elev_frac_pct": 0.0,
        "median_elev_m": 12.9,
        "wetland_water_pct": 0.0,
        "vegetation_pct": 0.0,
        "impervious_pct": 100.0,
        "pixel_count": 25,
        "scenes_used": 40,
        "sources": [
          "sentinel-1-grd (Planetary Computer)",
          "cop-dem-glo-30",
          "esa-worldcover 2021"
        ],
        "computed_at": "2026-08-22T21:22:08.241815+00:00",
        "s2_scenes_used": 40,
        "s2_dry_season_water_occ_pct": 0.0,
        "s2_comparison_label": "agree",
        "s2_comparison_caveat": "Sentinel-2 sample is cloud-filtered (<20% cover), which excludes ~93% of rainy-season scenes (0 of 40 sampled scenes were from June/July). This field is a DRY-SEASON optical baseline, not a flood-season cross-check -- SAR-S2 spatial correlation was ~0 (r=-0.07) because the two sensors sample different seasonal populations, not because either is wrong. Do not read this as a validated QA agreement signal."
      },
      "geometry": {
        "type": "Polygon",
        "coordinates": [
          [
            [
              -0.26907925948640543,
              5.568836658549725
            ],
            [
              -0.26907925948640543,
              5.57334116305423
            ],
            [
              -0.27358376399090995,
              5.57334116305423
            ],
            [
              -0.27358376399090995,
              5.568836658549725
            ],
            [
              -0.26907925948640543,
              5.568836658549725
            ]
          ]
        ]
      }
    },
    {
      "type": "Feature",
      "properties": {
        "zone_id": "grid_r11_c3",
        "assembly": "Ablekuma North Municipal",
        "boundary_overlap_frac": 1.0,
        "score": 21.4,
        "level": "Low",
        "water_occ_pct": 3.1,
        "low_elev_frac_pct": 0.0,
        "median_elev_m": 26.8,
        "wetland_water_pct": 0.0,
        "vegetation_pct": 0.0,
        "impervious_pct": 100.0,
        "pixel_count": 25,
        "scenes_used": 40,
        "sources": [
          "sentinel-1-grd (Planetary Computer)",
          "cop-dem-glo-30",
          "esa-worldcover 2021"
        ],
        "computed_at": "2026-08-22T21:22:08.242626+00:00",
        "s2_scenes_used": 40,
        "s2_dry_season_water_occ_pct": 0.0,
        "s2_comparison_label": "agree",
        "s2_comparison_caveat": "Sentinel-2 sample is cloud-filtered (<20% cover), which excludes ~93% of rainy-season scenes (0 of 40 sampled scenes were from June/July). This field is a DRY-SEASON optical baseline, not a flood-season cross-check -- SAR-S2 spatial correlation was ~0 (r=-0.07) because the two sensors sample different seasonal populations, not because either is wrong. Do not read this as a validated QA agreement signal."
      },
      "geometry": {
        "type": "Polygon",
        "coordinates": [
          [
            [
              -0.2645747549819009,
              5.568836658549725
            ],
            [
              -0.2645747549819009,
              5.57334116305423
            ],
            [
              -0.26907925948640543,
              5.57334116305423
            ],
            [
              -0.26907925948640543,
              5.568836658549725
            ],
            [
              -0.2645747549819009,
              5.568836658549725
            ]
          ]
        ]
      }
    },
    {
      "type": "Feature",
      "properties": {
        "zone_id": "grid_r11_c4",
        "assembly": "Ablekuma North Municipal",
        "boundary_overlap_frac": 1.0,
        "score": 17.2,
        "level": "Low",
        "water_occ_pct": 2.6,
        "low_elev_frac_pct": 0.0,
        "median_elev_m": 40.8,
        "wetland_water_pct": 0.0,
        "vegetation_pct": 20.0,
        "impervious_pct": 80.0,
        "pixel_count": 25,
        "scenes_used": 40,
        "sources": [
          "sentinel-1-grd (Planetary Computer)",
          "cop-dem-glo-30",
          "esa-worldcover 2021"
        ],
        "computed_at": "2026-08-22T21:22:08.243472+00:00",
        "s2_scenes_used": 40,
        "s2_dry_season_water_occ_pct": 0.0,
        "s2_comparison_label": "agree",
        "s2_comparison_caveat": "Sentinel-2 sample is cloud-filtered (<20% cover), which excludes ~93% of rainy-season scenes (0 of 40 sampled scenes were from June/July). This field is a DRY-SEASON optical baseline, not a flood-season cross-check -- SAR-S2 spatial correlation was ~0 (r=-0.07) because the two sensors sample different seasonal populations, not because either is wrong. Do not read this as a validated QA agreement signal."
      },
      "geometry": {
        "type": "Polygon",
        "coordinates": [
          [
            [
              -0.2600702504773964,
              5.568836658549725
            ],
            [
              -0.2600702504773964,
              5.57334116305423
            ],
            [
              -0.2645747549819009,
              5.57334116305423
            ],
            [
              -0.2645747549819009,
              5.568836658549725
            ],
            [
              -0.2600702504773964,
              5.568836658549725
            ]
          ]
        ]
      }
    },
    {
      "type": "Feature",
      "properties": {
        "zone_id": "grid_r11_c5",
        "assembly": "Ablekuma North Municipal",
        "boundary_overlap_frac": 1.0,
        "score": 21.8,
        "level": "Low",
        "water_occ_pct": 4.0,
        "low_elev_frac_pct": 0.0,
        "median_elev_m": 38.7,
        "wetland_water_pct": 0.0,
        "vegetation_pct": 0.0,
        "impervious_pct": 100.0,
        "pixel_count": 25,
        "scenes_used": 40,
        "sources": [
          "sentinel-1-grd (Planetary Computer)",
          "cop-dem-glo-30",
          "esa-worldcover 2021"
        ],
        "computed_at": "2026-08-22T21:22:08.244287+00:00",
        "s2_scenes_used": 40,
        "s2_dry_season_water_occ_pct": 0.0,
        "s2_comparison_label": "agree",
        "s2_comparison_caveat": "Sentinel-2 sample is cloud-filtered (<20% cover), which excludes ~93% of rainy-season scenes (0 of 40 sampled scenes were from June/July). This field is a DRY-SEASON optical baseline, not a flood-season cross-check -- SAR-S2 spatial correlation was ~0 (r=-0.07) because the two sensors sample different seasonal populations, not because either is wrong. Do not read this as a validated QA agreement signal."
      },
      "geometry": {
        "type": "Polygon",
        "coordinates": [
          [
            [
              -0.2555657459728919,
              5.568836658549725
            ],
            [
              -0.2555657459728919,
              5.57334116305423
            ],
            [
              -0.2600702504773964,
              5.57334116305423
            ],
            [
              -0.2600702504773964,
              5.568836658549725
            ],
            [
              -0.2555657459728919,
              5.568836658549725
            ]
          ]
        ]
      }
    },
    {
      "type": "Feature",
      "properties": {
        "zone_id": "grid_r11_c6",
        "assembly": "Ablekuma North Municipal",
        "boundary_overlap_frac": 1.0,
        "score": 21.9,
        "level": "Low",
        "water_occ_pct": 4.2,
        "low_elev_frac_pct": 0.0,
        "median_elev_m": 37.7,
        "wetland_water_pct": 0.0,
        "vegetation_pct": 0.0,
        "impervious_pct": 100.0,
        "pixel_count": 25,
        "scenes_used": 40,
        "sources": [
          "sentinel-1-grd (Planetary Computer)",
          "cop-dem-glo-30",
          "esa-worldcover 2021"
        ],
        "computed_at": "2026-08-22T21:22:08.245102+00:00",
        "s2_scenes_used": 40,
        "s2_dry_season_water_occ_pct": 0.0,
        "s2_comparison_label": "agree",
        "s2_comparison_caveat": "Sentinel-2 sample is cloud-filtered (<20% cover), which excludes ~93% of rainy-season scenes (0 of 40 sampled scenes were from June/July). This field is a DRY-SEASON optical baseline, not a flood-season cross-check -- SAR-S2 spatial correlation was ~0 (r=-0.07) because the two sensors sample different seasonal populations, not because either is wrong. Do not read this as a validated QA agreement signal."
      },
      "geometry": {
        "type": "Polygon",
        "coordinates": [
          [
            [
              -0.2510612414683874,
              5.568836658549725
            ],
            [
              -0.2510612414683874,
              5.57334116305423
            ],
            [
              -0.2555657459728919,
              5.57334116305423
            ],
            [
              -0.2555657459728919,
              5.568836658549725
            ],
            [
              -0.2510612414683874,
              5.568836658549725
            ]
          ]
        ]
      }
    },
    {
      "type": "Feature",
      "properties": {
        "zone_id": "grid_r11_c7",
        "assembly": "Ablekuma North Municipal",
        "boundary_overlap_frac": 1.0,
        "score": 23.8,
        "level": "Low",
        "water_occ_pct": 8.5,
        "low_elev_frac_pct": 0.0,
        "median_elev_m": 25.1,
        "wetland_water_pct": 0.0,
        "vegetation_pct": 0.0,
        "impervious_pct": 100.0,
        "pixel_count": 25,
        "scenes_used": 40,
        "sources": [
          "sentinel-1-grd (Planetary Computer)",
          "cop-dem-glo-30",
          "esa-worldcover 2021"
        ],
        "computed_at": "2026-08-22T21:22:08.245919+00:00",
        "s2_scenes_used": 40,
        "s2_dry_season_water_occ_pct": 0.0,
        "s2_comparison_label": "minor_disagreement",
        "s2_comparison_caveat": "Sentinel-2 sample is cloud-filtered (<20% cover), which excludes ~93% of rainy-season scenes (0 of 40 sampled scenes were from June/July). This field is a DRY-SEASON optical baseline, not a flood-season cross-check -- SAR-S2 spatial correlation was ~0 (r=-0.07) because the two sensors sample different seasonal populations, not because either is wrong. Do not read this as a validated QA agreement signal."
      },
      "geometry": {
        "type": "Polygon",
        "coordinates": [
          [
            [
              -0.24655673696388286,
              5.568836658549725
            ],
            [
              -0.24655673696388286,
              5.57334116305423
            ],
            [
              -0.2510612414683874,
              5.57334116305423
            ],
            [
              -0.2510612414683874,
              5.568836658549725
            ],
            [
              -0.24655673696388286,
              5.568836658549725
            ]
          ]
        ]
      }
    },
    {
      "type": "Feature",
      "properties": {
        "zone_id": "grid_r11_c8",
        "assembly": "Ablekuma North Municipal",
        "boundary_overlap_frac": 1.0,
        "score": 18.3,
        "level": "Low",
        "water_occ_pct": 6.9,
        "low_elev_frac_pct": 0.0,
        "median_elev_m": 19.3,
        "wetland_water_pct": 0.0,
        "vegetation_pct": 24.0,
        "impervious_pct": 76.0,
        "pixel_count": 25,
        "scenes_used": 40,
        "sources": [
          "sentinel-1-grd (Planetary Computer)",
          "cop-dem-glo-30",
          "esa-worldcover 2021"
        ],
        "computed_at": "2026-08-22T21:22:08.246732+00:00",
        "s2_scenes_used": 40,
        "s2_dry_season_water_occ_pct": 0.0,
        "s2_comparison_label": "minor_disagreement",
        "s2_comparison_caveat": "Sentinel-2 sample is cloud-filtered (<20% cover), which excludes ~93% of rainy-season scenes (0 of 40 sampled scenes were from June/July). This field is a DRY-SEASON optical baseline, not a flood-season cross-check -- SAR-S2 spatial correlation was ~0 (r=-0.07) because the two sensors sample different seasonal populations, not because either is wrong. Do not read this as a validated QA agreement signal."
      },
      "geometry": {
        "type": "Polygon",
        "coordinates": [
          [
            [
              -0.24205223245937835,
              5.568836658549725
            ],
            [
              -0.24205223245937835,
              5.57334116305423
            ],
            [
              -0.24655673696388286,
              5.57334116305423
            ],
            [
              -0.24655673696388286,
              5.568836658549725
            ],
            [
              -0.24205223245937835,
              5.568836658549725
            ]
          ]
        ]
      }
    },
    {
      "type": "Feature",
      "properties": {
        "zone_id": "grid_r11_c9",
        "assembly": "Ablekuma Central Municipal",
        "boundary_overlap_frac": 1.0,
        "score": 21.4,
        "level": "Low",
        "water_occ_pct": 6.7,
        "low_elev_frac_pct": 0.0,
        "median_elev_m": 30.1,
        "wetland_water_pct": 0.0,
        "vegetation_pct": 4.0,
        "impervious_pct": 92.0,
        "pixel_count": 25,
        "scenes_used": 40,
        "sources": [
          "sentinel-1-grd (Planetary Computer)",
          "cop-dem-glo-30",
          "esa-worldcover 2021"
        ],
        "computed_at": "2026-08-22T21:22:08.247539+00:00",
        "s2_scenes_used": 40,
        "s2_dry_season_water_occ_pct": 0.0,
        "s2_comparison_label": "minor_disagreement",
        "s2_comparison_caveat": "Sentinel-2 sample is cloud-filtered (<20% cover), which excludes ~93% of rainy-season scenes (0 of 40 sampled scenes were from June/July). This field is a DRY-SEASON optical baseline, not a flood-season cross-check -- SAR-S2 spatial correlation was ~0 (r=-0.07) because the two sensors sample different seasonal populations, not because either is wrong. Do not read this as a validated QA agreement signal."
      },
      "geometry": {
        "type": "Polygon",
        "coordinates": [
          [
            [
              -0.23754772795487383,
              5.568836658549725
            ],
            [
              -0.23754772795487383,
              5.57334116305423
            ],
            [
              -0.24205223245937835,
              5.57334116305423
            ],
            [
              -0.24205223245937835,
              5.568836658549725
            ],
            [
              -0.23754772795487383,
              5.568836658549725
            ]
          ]
        ]
      }
    },
    {
      "type": "Feature",
      "properties": {
        "zone_id": "grid_r11_c10",
        "assembly": "Ablekuma Central Municipal",
        "boundary_overlap_frac": 1.0,
        "score": 24.5,
        "level": "Low",
        "water_occ_pct": 10.0,
        "low_elev_frac_pct": 0.0,
        "median_elev_m": 32.9,
        "wetland_water_pct": 0.0,
        "vegetation_pct": 0.0,
        "impervious_pct": 100.0,
        "pixel_count": 25,
        "scenes_used": 40,
        "sources": [
          "sentinel-1-grd (Planetary Computer)",
          "cop-dem-glo-30",
          "esa-worldcover 2021"
        ],
        "computed_at": "2026-08-22T21:22:08.248337+00:00",
        "s2_scenes_used": 40,
        "s2_dry_season_water_occ_pct": 0.0,
        "s2_comparison_label": "minor_disagreement",
        "s2_comparison_caveat": "Sentinel-2 sample is cloud-filtered (<20% cover), which excludes ~93% of rainy-season scenes (0 of 40 sampled scenes were from June/July). This field is a DRY-SEASON optical baseline, not a flood-season cross-check -- SAR-S2 spatial correlation was ~0 (r=-0.07) because the two sensors sample different seasonal populations, not because either is wrong. Do not read this as a validated QA agreement signal."
      },
      "geometry": {
        "type": "Polygon",
        "coordinates": [
          [
            [
              -0.23304322345036932,
              5.568836658549725
            ],
            [
              -0.23304322345036932,
              5.57334116305423
            ],
            [
              -0.23754772795487383,
              5.57334116305423
            ],
            [
              -0.23754772795487383,
              5.568836658549725
            ],
            [
              -0.23304322345036932,
              5.568836658549725
            ]
          ]
        ]
      }
    },
    {
      "type": "Feature",
      "properties": {
        "zone_id": "grid_r11_c11",
        "assembly": "Ablekuma North Municipal",
        "boundary_overlap_frac": 1.0,
        "score": 24.1,
        "level": "Low",
        "water_occ_pct": 9.2,
        "low_elev_frac_pct": 0.0,
        "median_elev_m": 20.6,
        "wetland_water_pct": 0.0,
        "vegetation_pct": 0.0,
        "impervious_pct": 100.0,
        "pixel_count": 25,
        "scenes_used": 40,
        "sources": [
          "sentinel-1-grd (Planetary Computer)",
          "cop-dem-glo-30",
          "esa-worldcover 2021"
        ],
        "computed_at": "2026-08-22T21:22:08.249142+00:00",
        "s2_scenes_used": 40,
        "s2_dry_season_water_occ_pct": 0.29,
        "s2_comparison_label": "minor_disagreement",
        "s2_comparison_caveat": "Sentinel-2 sample is cloud-filtered (<20% cover), which excludes ~93% of rainy-season scenes (0 of 40 sampled scenes were from June/July). This field is a DRY-SEASON optical baseline, not a flood-season cross-check -- SAR-S2 spatial correlation was ~0 (r=-0.07) because the two sensors sample different seasonal populations, not because either is wrong. Do not read this as a validated QA agreement signal."
      },
      "geometry": {
        "type": "Polygon",
        "coordinates": [
          [
            [
              -0.2285387189458648,
              5.568836658549725
            ],
            [
              -0.2285387189458648,
              5.57334116305423
            ],
            [
              -0.23304322345036932,
              5.57334116305423
            ],
            [
              -0.23304322345036932,
              5.568836658549725
            ],
            [
              -0.2285387189458648,
              5.568836658549725
            ]
          ]
        ]
      }
    },
    {
      "type": "Feature",
      "properties": {
        "zone_id": "grid_r11_c12",
        "assembly": "Ablekuma North Municipal",
        "boundary_overlap_frac": 1.0,
        "score": 18.2,
        "level": "Low",
        "water_occ_pct": 1.4,
        "low_elev_frac_pct": 0.0,
        "median_elev_m": 16.6,
        "wetland_water_pct": 0.0,
        "vegetation_pct": 12.0,
        "impervious_pct": 88.0,
        "pixel_count": 25,
        "scenes_used": 40,
        "sources": [
          "sentinel-1-grd (Planetary Computer)",
          "cop-dem-glo-30",
          "esa-worldcover 2021"
        ],
        "computed_at": "2026-08-22T21:22:08.249952+00:00",
        "s2_scenes_used": 40,
        "s2_dry_season_water_occ_pct": 0.0,
        "s2_comparison_label": "agree",
        "s2_comparison_caveat": "Sentinel-2 sample is cloud-filtered (<20% cover), which excludes ~93% of rainy-season scenes (0 of 40 sampled scenes were from June/July). This field is a DRY-SEASON optical baseline, not a flood-season cross-check -- SAR-S2 spatial correlation was ~0 (r=-0.07) because the two sensors sample different seasonal populations, not because either is wrong. Do not read this as a validated QA agreement signal."
      },
      "geometry": {
        "type": "Polygon",
        "coordinates": [
          [
            [
              -0.2240342144413603,
              5.568836658549725
            ],
            [
              -0.2240342144413603,
              5.57334116305423
            ],
            [
              -0.2285387189458648,
              5.57334116305423
            ],
            [
              -0.2285387189458648,
              5.568836658549725
            ],
            [
              -0.2240342144413603,
              5.568836658549725
            ]
          ]
        ]
      }
    },
    {
      "type": "Feature",
      "properties": {
        "zone_id": "grid_r11_c13",
        "assembly": "Ablekuma North Municipal",
        "boundary_overlap_frac": 1.0,
        "score": 23.3,
        "level": "Low",
        "water_occ_pct": 9.2,
        "low_elev_frac_pct": 0.0,
        "median_elev_m": 8.6,
        "wetland_water_pct": 0.0,
        "vegetation_pct": 4.0,
        "impervious_pct": 96.0,
        "pixel_count": 25,
        "scenes_used": 40,
        "sources": [
          "sentinel-1-grd (Planetary Computer)",
          "cop-dem-glo-30",
          "esa-worldcover 2021"
        ],
        "computed_at": "2026-08-22T21:22:08.250750+00:00",
        "s2_scenes_used": 40,
        "s2_dry_season_water_occ_pct": 0.0,
        "s2_comparison_label": "minor_disagreement",
        "s2_comparison_caveat": "Sentinel-2 sample is cloud-filtered (<20% cover), which excludes ~93% of rainy-season scenes (0 of 40 sampled scenes were from June/July). This field is a DRY-SEASON optical baseline, not a flood-season cross-check -- SAR-S2 spatial correlation was ~0 (r=-0.07) because the two sensors sample different seasonal populations, not because either is wrong. Do not read this as a validated QA agreement signal."
      },
      "geometry": {
        "type": "Polygon",
        "coordinates": [
          [
            [
              -0.21952970993685578,
              5.568836658549725
            ],
            [
              -0.21952970993685578,
              5.57334116305423
            ],
            [
              -0.2240342144413603,
              5.57334116305423
            ],
            [
              -0.2240342144413603,
              5.568836658549725
            ],
            [
              -0.21952970993685578,
              5.568836658549725
            ]
          ]
        ]
      }
    },
    {
      "type": "Feature",
      "properties": {
        "zone_id": "grid_r11_c14",
        "assembly": "Ablekuma North Municipal",
        "boundary_overlap_frac": 1.0,
        "score": 33.0,
        "level": "Moderate",
        "water_occ_pct": 12.5,
        "low_elev_frac_pct": 28.0,
        "median_elev_m": 5.9,
        "wetland_water_pct": 0.0,
        "vegetation_pct": 0.0,
        "impervious_pct": 88.0,
        "pixel_count": 25,
        "scenes_used": 40,
        "sources": [
          "sentinel-1-grd (Planetary Computer)",
          "cop-dem-glo-30",
          "esa-worldcover 2021"
        ],
        "computed_at": "2026-08-22T21:22:08.251563+00:00",
        "s2_scenes_used": 40,
        "s2_dry_season_water_occ_pct": 0.0,
        "s2_comparison_label": "minor_disagreement",
        "s2_comparison_caveat": "Sentinel-2 sample is cloud-filtered (<20% cover), which excludes ~93% of rainy-season scenes (0 of 40 sampled scenes were from June/July). This field is a DRY-SEASON optical baseline, not a flood-season cross-check -- SAR-S2 spatial correlation was ~0 (r=-0.07) because the two sensors sample different seasonal populations, not because either is wrong. Do not read this as a validated QA agreement signal."
      },
      "geometry": {
        "type": "Polygon",
        "coordinates": [
          [
            [
              -0.21502520543235126,
              5.568836658549725
            ],
            [
              -0.21502520543235126,
              5.57334116305423
            ],
            [
              -0.21952970993685578,
              5.57334116305423
            ],
            [
              -0.21952970993685578,
              5.568836658549725
            ],
            [
              -0.21502520543235126,
              5.568836658549725
            ]
          ]
        ]
      }
    },
    {
      "type": "Feature",
      "properties": {
        "zone_id": "grid_r11_c15",
        "assembly": "Korle Klottey Municipal",
        "boundary_overlap_frac": 1.0,
        "score": 26.6,
        "level": "Moderate",
        "water_occ_pct": 16.4,
        "low_elev_frac_pct": 0.0,
        "median_elev_m": 7.9,
        "wetland_water_pct": 0.0,
        "vegetation_pct": 0.0,
        "impervious_pct": 96.0,
        "pixel_count": 25,
        "scenes_used": 40,
        "sources": [
          "sentinel-1-grd (Planetary Computer)",
          "cop-dem-glo-30",
          "esa-worldcover 2021"
        ],
        "computed_at": "2026-08-22T21:22:08.252362+00:00",
        "s2_scenes_used": 40,
        "s2_dry_season_water_occ_pct": 0.0,
        "s2_comparison_label": "major_disagreement",
        "s2_comparison_caveat": "Sentinel-2 sample is cloud-filtered (<20% cover), which excludes ~93% of rainy-season scenes (0 of 40 sampled scenes were from June/July). This field is a DRY-SEASON optical baseline, not a flood-season cross-check -- SAR-S2 spatial correlation was ~0 (r=-0.07) because the two sensors sample different seasonal populations, not because either is wrong. Do not read this as a validated QA agreement signal."
      },
      "geometry": {
        "type": "Polygon",
        "coordinates": [
          [
            [
              -0.21052070092784675,
              5.568836658549725
            ],
            [
              -0.21052070092784675,
              5.57334116305423
            ],
            [
              -0.21502520543235126,
              5.57334116305423
            ],
            [
              -0.21502520543235126,
              5.568836658549725
            ],
            [
              -0.21052070092784675,
              5.568836658549725
            ]
          ]
        ]
      }
    },
    {
      "type": "Feature",
      "properties": {
        "zone_id": "grid_r11_c16",
        "assembly": "Korle Klottey Municipal",
        "boundary_overlap_frac": 1.0,
        "score": 29.0,
        "level": "Moderate",
        "water_occ_pct": 19.9,
        "low_elev_frac_pct": 0.0,
        "median_elev_m": 16.2,
        "wetland_water_pct": 0.0,
        "vegetation_pct": 0.0,
        "impervious_pct": 100.0,
        "pixel_count": 25,
        "scenes_used": 40,
        "sources": [
          "sentinel-1-grd (Planetary Computer)",
          "cop-dem-glo-30",
          "esa-worldcover 2021"
        ],
        "computed_at": "2026-08-22T21:22:08.253169+00:00",
        "s2_scenes_used": 40,
        "s2_dry_season_water_occ_pct": 0.0,
        "s2_comparison_label": "major_disagreement",
        "s2_comparison_caveat": "Sentinel-2 sample is cloud-filtered (<20% cover), which excludes ~93% of rainy-season scenes (0 of 40 sampled scenes were from June/July). This field is a DRY-SEASON optical baseline, not a flood-season cross-check -- SAR-S2 spatial correlation was ~0 (r=-0.07) because the two sensors sample different seasonal populations, not because either is wrong. Do not read this as a validated QA agreement signal."
      },
      "geometry": {
        "type": "Polygon",
        "coordinates": [
          [
            [
              -0.20601619642334223,
              5.568836658549725
            ],
            [
              -0.20601619642334223,
              5.57334116305423
            ],
            [
              -0.21052070092784675,
              5.57334116305423
            ],
            [
              -0.21052070092784675,
              5.568836658549725
            ],
            [
              -0.20601619642334223,
              5.568836658549725
            ]
          ]
        ]
      }
    },
    {
      "type": "Feature",
      "properties": {
        "zone_id": "grid_r11_c17",
        "assembly": "Korle Klottey Municipal",
        "boundary_overlap_frac": 1.0,
        "score": 27.5,
        "level": "Moderate",
        "water_occ_pct": 16.7,
        "low_elev_frac_pct": 0.0,
        "median_elev_m": 15.0,
        "wetland_water_pct": 0.0,
        "vegetation_pct": 0.0,
        "impervious_pct": 100.0,
        "pixel_count": 25,
        "scenes_used": 40,
        "sources": [
          "sentinel-1-grd (Planetary Computer)",
          "cop-dem-glo-30",
          "esa-worldcover 2021"
        ],
        "computed_at": "2026-08-22T21:22:08.253978+00:00",
        "s2_scenes_used": 40,
        "s2_dry_season_water_occ_pct": 0.0,
        "s2_comparison_label": "major_disagreement",
        "s2_comparison_caveat": "Sentinel-2 sample is cloud-filtered (<20% cover), which excludes ~93% of rainy-season scenes (0 of 40 sampled scenes were from June/July). This field is a DRY-SEASON optical baseline, not a flood-season cross-check -- SAR-S2 spatial correlation was ~0 (r=-0.07) because the two sensors sample different seasonal populations, not because either is wrong. Do not read this as a validated QA agreement signal."
      },
      "geometry": {
        "type": "Polygon",
        "coordinates": [
          [
            [
              -0.20151169191883772,
              5.568836658549725
            ],
            [
              -0.20151169191883772,
              5.57334116305423
            ],
            [
              -0.20601619642334223,
              5.57334116305423
            ],
            [
              -0.20601619642334223,
              5.568836658549725
            ],
            [
              -0.20151169191883772,
              5.568836658549725
            ]
          ]
        ]
      }
    },
    {
      "type": "Feature",
      "properties": {
        "zone_id": "grid_r11_c18",
        "assembly": "Korle Klottey Municipal",
        "boundary_overlap_frac": 1.0,
        "score": 26.1,
        "level": "Moderate",
        "water_occ_pct": 13.6,
        "low_elev_frac_pct": 0.0,
        "median_elev_m": 24.0,
        "wetland_water_pct": 0.0,
        "vegetation_pct": 0.0,
        "impervious_pct": 100.0,
        "pixel_count": 25,
        "scenes_used": 40,
        "sources": [
          "sentinel-1-grd (Planetary Computer)",
          "cop-dem-glo-30",
          "esa-worldcover 2021"
        ],
        "computed_at": "2026-08-22T21:22:08.254780+00:00",
        "s2_scenes_used": 40,
        "s2_dry_season_water_occ_pct": 0.0,
        "s2_comparison_label": "minor_disagreement",
        "s2_comparison_caveat": "Sentinel-2 sample is cloud-filtered (<20% cover), which excludes ~93% of rainy-season scenes (0 of 40 sampled scenes were from June/July). This field is a DRY-SEASON optical baseline, not a flood-season cross-check -- SAR-S2 spatial correlation was ~0 (r=-0.07) because the two sensors sample different seasonal populations, not because either is wrong. Do not read this as a validated QA agreement signal."
      },
      "geometry": {
        "type": "Polygon",
        "coordinates": [
          [
            [
              -0.1970071874143332,
              5.568836658549725
            ],
            [
              -0.1970071874143332,
              5.57334116305423
            ],
            [
              -0.20151169191883772,
              5.57334116305423
            ],
            [
              -0.20151169191883772,
              5.568836658549725
            ],
            [
              -0.1970071874143332,
              5.568836658549725
            ]
          ]
        ]
      }
    },
    {
      "type": "Feature",
      "properties": {
        "zone_id": "grid_r11_c19",
        "assembly": "Korle Klottey Municipal",
        "boundary_overlap_frac": 1.0,
        "score": 23.8,
        "level": "Low",
        "water_occ_pct": 10.3,
        "low_elev_frac_pct": 0.0,
        "median_elev_m": 36.7,
        "wetland_water_pct": 0.0,
        "vegetation_pct": 4.0,
        "impervious_pct": 96.0,
        "pixel_count": 25,
        "scenes_used": 40,
        "sources": [
          "sentinel-1-grd (Planetary Computer)",
          "cop-dem-glo-30",
          "esa-worldcover 2021"
        ],
        "computed_at": "2026-08-22T21:22:08.255578+00:00",
        "s2_scenes_used": 40,
        "s2_dry_season_water_occ_pct": 0.0,
        "s2_comparison_label": "minor_disagreement",
        "s2_comparison_caveat": "Sentinel-2 sample is cloud-filtered (<20% cover), which excludes ~93% of rainy-season scenes (0 of 40 sampled scenes were from June/July). This field is a DRY-SEASON optical baseline, not a flood-season cross-check -- SAR-S2 spatial correlation was ~0 (r=-0.07) because the two sensors sample different seasonal populations, not because either is wrong. Do not read this as a validated QA agreement signal."
      },
      "geometry": {
        "type": "Polygon",
        "coordinates": [
          [
            [
              -0.1925026829098287,
              5.568836658549725
            ],
            [
              -0.1925026829098287,
              5.57334116305423
            ],
            [
              -0.1970071874143332,
              5.57334116305423
            ],
            [
              -0.1970071874143332,
              5.568836658549725
            ],
            [
              -0.1925026829098287,
              5.568836658549725
            ]
          ]
        ]
      }
    },
    {
      "type": "Feature",
      "properties": {
        "zone_id": "grid_r11_c20",
        "assembly": "Korle Klottey Municipal",
        "boundary_overlap_frac": 0.721,
        "score": 21.9,
        "level": "Low",
        "water_occ_pct": 5.67,
        "low_elev_frac_pct": 0.0,
        "median_elev_m": 38.4,
        "wetland_water_pct": 0.0,
        "vegetation_pct": 3.33,
        "impervious_pct": 96.67,
        "pixel_count": 30,
        "scenes_used": 40,
        "sources": [
          "sentinel-1-grd (Planetary Computer)",
          "cop-dem-glo-30",
          "esa-worldcover 2021"
        ],
        "computed_at": "2026-08-22T21:22:08.256374+00:00",
        "s2_scenes_used": 40,
        "s2_dry_season_water_occ_pct": 0.0,
        "s2_comparison_label": "minor_disagreement",
        "s2_comparison_caveat": "Sentinel-2 sample is cloud-filtered (<20% cover), which excludes ~93% of rainy-season scenes (0 of 40 sampled scenes were from June/July). This field is a DRY-SEASON optical baseline, not a flood-season cross-check -- SAR-S2 spatial correlation was ~0 (r=-0.07) because the two sensors sample different seasonal populations, not because either is wrong. Do not read this as a validated QA agreement signal."
      },
      "geometry": {
        "type": "Polygon",
        "coordinates": [
          [
            [
              -0.18799817840532418,
              5.568836658549725
            ],
            [
              -0.18799817840532418,
              5.57334116305423
            ],
            [
              -0.1925026829098287,
              5.57334116305423
            ],
            [
              -0.1925026829098287,
              5.568836658549725
            ],
            [
              -0.18799817840532418,
              5.568836658549725
            ]
          ]
        ]
      }
    },
    {
      "type": "Feature",
      "properties": {
        "zone_id": "grid_r12_c0",
        "assembly": "Ablekuma North Municipal",
        "boundary_overlap_frac": 0.662,
        "score": 24.4,
        "level": "Low",
        "water_occ_pct": 2.2,
        "low_elev_frac_pct": 12.0,
        "median_elev_m": 6.7,
        "wetland_water_pct": 0.0,
        "vegetation_pct": 4.0,
        "impervious_pct": 96.0,
        "pixel_count": 25,
        "scenes_used": 40,
        "sources": [
          "sentinel-1-grd (Planetary Computer)",
          "cop-dem-glo-30",
          "esa-worldcover 2021"
        ],
        "computed_at": "2026-08-22T21:22:08.257179+00:00",
        "s2_scenes_used": 40,
        "s2_dry_season_water_occ_pct": 0.0,
        "s2_comparison_label": "agree",
        "s2_comparison_caveat": "Sentinel-2 sample is cloud-filtered (<20% cover), which excludes ~93% of rainy-season scenes (0 of 40 sampled scenes were from June/July). This field is a DRY-SEASON optical baseline, not a flood-season cross-check -- SAR-S2 spatial correlation was ~0 (r=-0.07) because the two sensors sample different seasonal populations, not because either is wrong. Do not read this as a validated QA agreement signal."
      },
      "geometry": {
        "type": "Polygon",
        "coordinates": [
          [
            [
              -0.27808826849541446,
              5.57334116305423
            ],
            [
              -0.27808826849541446,
              5.5778456675587345
            ],
            [
              -0.282592772999919,
              5.5778456675587345
            ],
            [
              -0.282592772999919,
              5.57334116305423
            ],
            [
              -0.27808826849541446,
              5.57334116305423
            ]
          ]
        ]
      }
    },
    {
      "type": "Feature",
      "properties": {
        "zone_id": "grid_r12_c1",
        "assembly": "Ablekuma North Municipal",
        "boundary_overlap_frac": 1.0,
        "score": 21.1,
        "level": "Low",
        "water_occ_pct": 4.2,
        "low_elev_frac_pct": 0.0,
        "median_elev_m": 10.4,
        "wetland_water_pct": 0.0,
        "vegetation_pct": 4.0,
        "impervious_pct": 96.0,
        "pixel_count": 25,
        "scenes_used": 40,
        "sources": [
          "sentinel-1-grd (Planetary Computer)",
          "cop-dem-glo-30",
          "esa-worldcover 2021"
        ],
        "computed_at": "2026-08-22T21:22:08.257989+00:00",
        "s2_scenes_used": 40,
        "s2_dry_season_water_occ_pct": 0.0,
        "s2_comparison_label": "agree",
        "s2_comparison_caveat": "Sentinel-2 sample is cloud-filtered (<20% cover), which excludes ~93% of rainy-season scenes (0 of 40 sampled scenes were from June/July). This field is a DRY-SEASON optical baseline, not a flood-season cross-check -- SAR-S2 spatial correlation was ~0 (r=-0.07) because the two sensors sample different seasonal populations, not because either is wrong. Do not read this as a validated QA agreement signal."
      },
      "geometry": {
        "type": "Polygon",
        "coordinates": [
          [
            [
              -0.27358376399090995,
              5.57334116305423
            ],
            [
              -0.27358376399090995,
              5.5778456675587345
            ],
            [
              -0.27808826849541446,
              5.5778456675587345
            ],
            [
              -0.27808826849541446,
              5.57334116305423
            ],
            [
              -0.27358376399090995,
              5.57334116305423
            ]
          ]
        ]
      }
    },
    {
      "type": "Feature",
      "properties": {
        "zone_id": "grid_r12_c2",
        "assembly": "Ablekuma North Municipal",
        "boundary_overlap_frac": 1.0,
        "score": 20.4,
        "level": "Low",
        "water_occ_pct": 0.8,
        "low_elev_frac_pct": 0.0,
        "median_elev_m": 10.6,
        "wetland_water_pct": 0.0,
        "vegetation_pct": 0.0,
        "impervious_pct": 100.0,
        "pixel_count": 25,
        "scenes_used": 40,
        "sources": [
          "sentinel-1-grd (Planetary Computer)",
          "cop-dem-glo-30",
          "esa-worldcover 2021"
        ],
        "computed_at": "2026-08-22T21:22:08.258815+00:00",
        "s2_scenes_used": 40,
        "s2_dry_season_water_occ_pct": 0.0,
        "s2_comparison_label": "agree",
        "s2_comparison_caveat": "Sentinel-2 sample is cloud-filtered (<20% cover), which excludes ~93% of rainy-season scenes (0 of 40 sampled scenes were from June/July). This field is a DRY-SEASON optical baseline, not a flood-season cross-check -- SAR-S2 spatial correlation was ~0 (r=-0.07) because the two sensors sample different seasonal populations, not because either is wrong. Do not read this as a validated QA agreement signal."
      },
      "geometry": {
        "type": "Polygon",
        "coordinates": [
          [
            [
              -0.26907925948640543,
              5.57334116305423
            ],
            [
              -0.26907925948640543,
              5.5778456675587345
            ],
            [
              -0.27358376399090995,
              5.5778456675587345
            ],
            [
              -0.27358376399090995,
              5.57334116305423
            ],
            [
              -0.26907925948640543,
              5.57334116305423
            ]
          ]
        ]
      }
    },
    {
      "type": "Feature",
      "properties": {
        "zone_id": "grid_r12_c3",
        "assembly": "Ablekuma North Municipal",
        "boundary_overlap_frac": 1.0,
        "score": 21.4,
        "level": "Low",
        "water_occ_pct": 3.1,
        "low_elev_frac_pct": 0.0,
        "median_elev_m": 16.3,
        "wetland_water_pct": 0.0,
        "vegetation_pct": 0.0,
        "impervious_pct": 100.0,
        "pixel_count": 25,
        "scenes_used": 40,
        "sources": [
          "sentinel-1-grd (Planetary Computer)",
          "cop-dem-glo-30",
          "esa-worldcover 2021"
        ],
        "computed_at": "2026-08-22T21:22:08.259609+00:00",
        "s2_scenes_used": 40,
        "s2_dry_season_water_occ_pct": 0.0,
        "s2_comparison_label": "agree",
        "s2_comparison_caveat": "Sentinel-2 sample is cloud-filtered (<20% cover), which excludes ~93% of rainy-season scenes (0 of 40 sampled scenes were from June/July). This field is a DRY-SEASON optical baseline, not a flood-season cross-check -- SAR-S2 spatial correlation was ~0 (r=-0.07) because the two sensors sample different seasonal populations, not because either is wrong. Do not read this as a validated QA agreement signal."
      },
      "geometry": {
        "type": "Polygon",
        "coordinates": [
          [
            [
              -0.2645747549819009,
              5.57334116305423
            ],
            [
              -0.2645747549819009,
              5.5778456675587345
            ],
            [
              -0.26907925948640543,
              5.5778456675587345
            ],
            [
              -0.26907925948640543,
              5.57334116305423
            ],
            [
              -0.2645747549819009,
              5.57334116305423
            ]
          ]
        ]
      }
    },
    {
      "type": "Feature",
      "properties": {
        "zone_id": "grid_r12_c4",
        "assembly": "Ablekuma North Municipal",
        "boundary_overlap_frac": 1.0,
        "score": 25.1,
        "level": "Moderate",
        "water_occ_pct": 11.3,
        "low_elev_frac_pct": 0.0,
        "median_elev_m": 30.3,
        "wetland_water_pct": 0.0,
        "vegetation_pct": 0.0,
        "impervious_pct": 100.0,
        "pixel_count": 25,
        "scenes_used": 40,
        "sources": [
          "sentinel-1-grd (Planetary Computer)",
          "cop-dem-glo-30",
          "esa-worldcover 2021"
        ],
        "computed_at": "2026-08-22T21:22:08.260402+00:00",
        "s2_scenes_used": 40,
        "s2_dry_season_water_occ_pct": 0.0,
        "s2_comparison_label": "minor_disagreement",
        "s2_comparison_caveat": "Sentinel-2 sample is cloud-filtered (<20% cover), which excludes ~93% of rainy-season scenes (0 of 40 sampled scenes were from June/July). This field is a DRY-SEASON optical baseline, not a flood-season cross-check -- SAR-S2 spatial correlation was ~0 (r=-0.07) because the two sensors sample different seasonal populations, not because either is wrong. Do not read this as a validated QA agreement signal."
      },
      "geometry": {
        "type": "Polygon",
        "coordinates": [
          [
            [
              -0.2600702504773964,
              5.57334116305423
            ],
            [
              -0.2600702504773964,
              5.5778456675587345
            ],
            [
              -0.2645747549819009,
              5.5778456675587345
            ],
            [
              -0.2645747549819009,
              5.57334116305423
            ],
            [
              -0.2600702504773964,
              5.57334116305423
            ]
          ]
        ]
      }
    },
    {
      "type": "Feature",
      "properties": {
        "zone_id": "grid_r12_c5",
        "assembly": "Ablekuma North Municipal",
        "boundary_overlap_frac": 1.0,
        "score": 20.5,
        "level": "Low",
        "water_occ_pct": 1.2,
        "low_elev_frac_pct": 0.0,
        "median_elev_m": 32.0,
        "wetland_water_pct": 0.0,
        "vegetation_pct": 0.0,
        "impervious_pct": 100.0,
        "pixel_count": 25,
        "scenes_used": 40,
        "sources": [
          "sentinel-1-grd (Planetary Computer)",
          "cop-dem-glo-30",
          "esa-worldcover 2021"
        ],
        "computed_at": "2026-08-22T21:22:08.261213+00:00",
        "s2_scenes_used": 40,
        "s2_dry_season_water_occ_pct": 0.0,
        "s2_comparison_label": "agree",
        "s2_comparison_caveat": "Sentinel-2 sample is cloud-filtered (<20% cover), which excludes ~93% of rainy-season scenes (0 of 40 sampled scenes were from June/July). This field is a DRY-SEASON optical baseline, not a flood-season cross-check -- SAR-S2 spatial correlation was ~0 (r=-0.07) because the two sensors sample different seasonal populations, not because either is wrong. Do not read this as a validated QA agreement signal."
      },
      "geometry": {
        "type": "Polygon",
        "coordinates": [
          [
            [
              -0.2555657459728919,
              5.57334116305423
            ],
            [
              -0.2555657459728919,
              5.5778456675587345
            ],
            [
              -0.2600702504773964,
              5.5778456675587345
            ],
            [
              -0.2600702504773964,
              5.57334116305423
            ],
            [
              -0.2555657459728919,
              5.57334116305423
            ]
          ]
        ]
      }
    },
    {
      "type": "Feature",
      "properties": {
        "zone_id": "grid_r12_c6",
        "assembly": "Ablekuma North Municipal",
        "boundary_overlap_frac": 1.0,
        "score": 20.4,
        "level": "Low",
        "water_occ_pct": 0.9,
        "low_elev_frac_pct": 0.0,
        "median_elev_m": 25.1,
        "wetland_water_pct": 0.0,
        "vegetation_pct": 0.0,
        "impervious_pct": 100.0,
        "pixel_count": 25,
        "scenes_used": 40,
        "sources": [
          "sentinel-1-grd (Planetary Computer)",
          "cop-dem-glo-30",
          "esa-worldcover 2021"
        ],
        "computed_at": "2026-08-22T21:22:08.262022+00:00",
        "s2_scenes_used": 40,
        "s2_dry_season_water_occ_pct": 0.0,
        "s2_comparison_label": "agree",
        "s2_comparison_caveat": "Sentinel-2 sample is cloud-filtered (<20% cover), which excludes ~93% of rainy-season scenes (0 of 40 sampled scenes were from June/July). This field is a DRY-SEASON optical baseline, not a flood-season cross-check -- SAR-S2 spatial correlation was ~0 (r=-0.07) because the two sensors sample different seasonal populations, not because either is wrong. Do not read this as a validated QA agreement signal."
      },
      "geometry": {
        "type": "Polygon",
        "coordinates": [
          [
            [
              -0.2510612414683874,
              5.57334116305423
            ],
            [
              -0.2510612414683874,
              5.5778456675587345
            ],
            [
              -0.2555657459728919,
              5.5778456675587345
            ],
            [
              -0.2555657459728919,
              5.57334116305423
            ],
            [
              -0.2510612414683874,
              5.57334116305423
            ]
          ]
        ]
      }
    },
    {
      "type": "Feature",
      "properties": {
        "zone_id": "grid_r12_c7",
        "assembly": "Ablekuma North Municipal",
        "boundary_overlap_frac": 1.0,
        "score": 20.2,
        "level": "Low",
        "water_occ_pct": 0.4,
        "low_elev_frac_pct": 0.0,
        "median_elev_m": 24.5,
        "wetland_water_pct": 0.0,
        "vegetation_pct": 0.0,
        "impervious_pct": 100.0,
        "pixel_count": 25,
        "scenes_used": 40,
        "sources": [
          "sentinel-1-grd (Planetary Computer)",
          "cop-dem-glo-30",
          "esa-worldcover 2021"
        ],
        "computed_at": "2026-08-22T21:22:08.262833+00:00",
        "s2_scenes_used": 40,
        "s2_dry_season_water_occ_pct": 0.0,
        "s2_comparison_label": "agree",
        "s2_comparison_caveat": "Sentinel-2 sample is cloud-filtered (<20% cover), which excludes ~93% of rainy-season scenes (0 of 40 sampled scenes were from June/July). This field is a DRY-SEASON optical baseline, not a flood-season cross-check -- SAR-S2 spatial correlation was ~0 (r=-0.07) because the two sensors sample different seasonal populations, not because either is wrong. Do not read this as a validated QA agreement signal."
      },
      "geometry": {
        "type": "Polygon",
        "coordinates": [
          [
            [
              -0.24655673696388286,
              5.57334116305423
            ],
            [
              -0.24655673696388286,
              5.5778456675587345
            ],
            [
              -0.2510612414683874,
              5.5778456675587345
            ],
            [
              -0.2510612414683874,
              5.57334116305423
            ],
            [
              -0.24655673696388286,
              5.57334116305423
            ]
          ]
        ]
      }
    },
    {
      "type": "Feature",
      "properties": {
        "zone_id": "grid_r12_c8",
        "assembly": "Ablekuma North Municipal",
        "boundary_overlap_frac": 1.0,
        "score": 22.3,
        "level": "Low",
        "water_occ_pct": 6.8,
        "low_elev_frac_pct": 0.0,
        "median_elev_m": 29.2,
        "wetland_water_pct": 0.0,
        "vegetation_pct": 4.0,
        "impervious_pct": 96.0,
        "pixel_count": 25,
        "scenes_used": 40,
        "sources": [
          "sentinel-1-grd (Planetary Computer)",
          "cop-dem-glo-30",
          "esa-worldcover 2021"
        ],
        "computed_at": "2026-08-22T21:22:08.263624+00:00",
        "s2_scenes_used": 40,
        "s2_dry_season_water_occ_pct": 0.0,
        "s2_comparison_label": "minor_disagreement",
        "s2_comparison_caveat": "Sentinel-2 sample is cloud-filtered (<20% cover), which excludes ~93% of rainy-season scenes (0 of 40 sampled scenes were from June/July). This field is a DRY-SEASON optical baseline, not a flood-season cross-check -- SAR-S2 spatial correlation was ~0 (r=-0.07) because the two sensors sample different seasonal populations, not because either is wrong. Do not read this as a validated QA agreement signal."
      },
      "geometry": {
        "type": "Polygon",
        "coordinates": [
          [
            [
              -0.24205223245937835,
              5.57334116305423
            ],
            [
              -0.24205223245937835,
              5.5778456675587345
            ],
            [
              -0.24655673696388286,
              5.5778456675587345
            ],
            [
              -0.24655673696388286,
              5.57334116305423
            ],
            [
              -0.24205223245937835,
              5.57334116305423
            ]
          ]
        ]
      }
    },
    {
      "type": "Feature",
      "properties": {
        "zone_id": "grid_r12_c9",
        "assembly": "Ablekuma North Municipal",
        "boundary_overlap_frac": 1.0,
        "score": 21.2,
        "level": "Low",
        "water_occ_pct": 2.6,
        "low_elev_frac_pct": 0.0,
        "median_elev_m": 42.6,
        "wetland_water_pct": 0.0,
        "vegetation_pct": 0.0,
        "impervious_pct": 100.0,
        "pixel_count": 25,
        "scenes_used": 40,
        "sources": [
          "sentinel-1-grd (Planetary Computer)",
          "cop-dem-glo-30",
          "esa-worldcover 2021"
        ],
        "computed_at": "2026-08-22T21:22:08.264421+00:00",
        "s2_scenes_used": 40,
        "s2_dry_season_water_occ_pct": 0.0,
        "s2_comparison_label": "agree",
        "s2_comparison_caveat": "Sentinel-2 sample is cloud-filtered (<20% cover), which excludes ~93% of rainy-season scenes (0 of 40 sampled scenes were from June/July). This field is a DRY-SEASON optical baseline, not a flood-season cross-check -- SAR-S2 spatial correlation was ~0 (r=-0.07) because the two sensors sample different seasonal populations, not because either is wrong. Do not read this as a validated QA agreement signal."
      },
      "geometry": {
        "type": "Polygon",
        "coordinates": [
          [
            [
              -0.23754772795487383,
              5.57334116305423
            ],
            [
              -0.23754772795487383,
              5.5778456675587345
            ],
            [
              -0.24205223245937835,
              5.5778456675587345
            ],
            [
              -0.24205223245937835,
              5.57334116305423
            ],
            [
              -0.23754772795487383,
              5.57334116305423
            ]
          ]
        ]
      }
    },
    {
      "type": "Feature",
      "properties": {
        "zone_id": "grid_r12_c10",
        "assembly": "Ablekuma North Municipal",
        "boundary_overlap_frac": 1.0,
        "score": 21.9,
        "level": "Low",
        "water_occ_pct": 4.2,
        "low_elev_frac_pct": 0.0,
        "median_elev_m": 35.9,
        "wetland_water_pct": 0.0,
        "vegetation_pct": 0.0,
        "impervious_pct": 100.0,
        "pixel_count": 25,
        "scenes_used": 40,
        "sources": [
          "sentinel-1-grd (Planetary Computer)",
          "cop-dem-glo-30",
          "esa-worldcover 2021"
        ],
        "computed_at": "2026-08-22T21:22:08.265231+00:00",
        "s2_scenes_used": 40,
        "s2_dry_season_water_occ_pct": 0.0,
        "s2_comparison_label": "agree",
        "s2_comparison_caveat": "Sentinel-2 sample is cloud-filtered (<20% cover), which excludes ~93% of rainy-season scenes (0 of 40 sampled scenes were from June/July). This field is a DRY-SEASON optical baseline, not a flood-season cross-check -- SAR-S2 spatial correlation was ~0 (r=-0.07) because the two sensors sample different seasonal populations, not because either is wrong. Do not read this as a validated QA agreement signal."
      },
      "geometry": {
        "type": "Polygon",
        "coordinates": [
          [
            [
              -0.23304322345036932,
              5.57334116305423
            ],
            [
              -0.23304322345036932,
              5.5778456675587345
            ],
            [
              -0.23754772795487383,
              5.5778456675587345
            ],
            [
              -0.23754772795487383,
              5.57334116305423
            ],
            [
              -0.23304322345036932,
              5.57334116305423
            ]
          ]
        ]
      }
    },
    {
      "type": "Feature",
      "properties": {
        "zone_id": "grid_r12_c11",
        "assembly": "Ablekuma North Municipal",
        "boundary_overlap_frac": 1.0,
        "score": 21.9,
        "level": "Low",
        "water_occ_pct": 4.2,
        "low_elev_frac_pct": 0.0,
        "median_elev_m": 28.8,
        "wetland_water_pct": 0.0,
        "vegetation_pct": 0.0,
        "impervious_pct": 100.0,
        "pixel_count": 25,
        "scenes_used": 40,
        "sources": [
          "sentinel-1-grd (Planetary Computer)",
          "cop-dem-glo-30",
          "esa-worldcover 2021"
        ],
        "computed_at": "2026-08-22T21:22:08.266051+00:00",
        "s2_scenes_used": 40,
        "s2_dry_season_water_occ_pct": 0.0,
        "s2_comparison_label": "agree",
        "s2_comparison_caveat": "Sentinel-2 sample is cloud-filtered (<20% cover), which excludes ~93% of rainy-season scenes (0 of 40 sampled scenes were from June/July). This field is a DRY-SEASON optical baseline, not a flood-season cross-check -- SAR-S2 spatial correlation was ~0 (r=-0.07) because the two sensors sample different seasonal populations, not because either is wrong. Do not read this as a validated QA agreement signal."
      },
      "geometry": {
        "type": "Polygon",
        "coordinates": [
          [
            [
              -0.2285387189458648,
              5.57334116305423
            ],
            [
              -0.2285387189458648,
              5.5778456675587345
            ],
            [
              -0.23304322345036932,
              5.5778456675587345
            ],
            [
              -0.23304322345036932,
              5.57334116305423
            ],
            [
              -0.2285387189458648,
              5.57334116305423
            ]
          ]
        ]
      }
    },
    {
      "type": "Feature",
      "properties": {
        "zone_id": "grid_r12_c12",
        "assembly": "Ablekuma North Municipal",
        "boundary_overlap_frac": 1.0,
        "score": 19.8,
        "level": "Low",
        "water_occ_pct": 3.1,
        "low_elev_frac_pct": 0.0,
        "median_elev_m": 23.9,
        "wetland_water_pct": 0.0,
        "vegetation_pct": 8.0,
        "impervious_pct": 92.0,
        "pixel_count": 25,
        "scenes_used": 40,
        "sources": [
          "sentinel-1-grd (Planetary Computer)",
          "cop-dem-glo-30",
          "esa-worldcover 2021"
        ],
        "computed_at": "2026-08-22T21:22:08.266867+00:00",
        "s2_scenes_used": 40,
        "s2_dry_season_water_occ_pct": 0.0,
        "s2_comparison_label": "agree",
        "s2_comparison_caveat": "Sentinel-2 sample is cloud-filtered (<20% cover), which excludes ~93% of rainy-season scenes (0 of 40 sampled scenes were from June/July). This field is a DRY-SEASON optical baseline, not a flood-season cross-check -- SAR-S2 spatial correlation was ~0 (r=-0.07) because the two sensors sample different seasonal populations, not because either is wrong. Do not read this as a validated QA agreement signal."
      },
      "geometry": {
        "type": "Polygon",
        "coordinates": [
          [
            [
              -0.2240342144413603,
              5.57334116305423
            ],
            [
              -0.2240342144413603,
              5.5778456675587345
            ],
            [
              -0.2285387189458648,
              5.5778456675587345
            ],
            [
              -0.2285387189458648,
              5.57334116305423
            ],
            [
              -0.2240342144413603,
              5.57334116305423
            ]
          ]
        ]
      }
    },
    {
      "type": "Feature",
      "properties": {
        "zone_id": "grid_r12_c13",
        "assembly": "Ablekuma North Municipal",
        "boundary_overlap_frac": 1.0,
        "score": 29.8,
        "level": "Moderate",
        "water_occ_pct": 21.8,
        "low_elev_frac_pct": 0.0,
        "median_elev_m": 9.2,
        "wetland_water_pct": 0.0,
        "vegetation_pct": 0.0,
        "impervious_pct": 100.0,
        "pixel_count": 25,
        "scenes_used": 40,
        "sources": [
          "sentinel-1-grd (Planetary Computer)",
          "cop-dem-glo-30",
          "esa-worldcover 2021"
        ],
        "computed_at": "2026-08-22T21:22:08.267660+00:00",
        "s2_scenes_used": 40,
        "s2_dry_season_water_occ_pct": 0.0,
        "s2_comparison_label": "major_disagreement",
        "s2_comparison_caveat": "Sentinel-2 sample is cloud-filtered (<20% cover), which excludes ~93% of rainy-season scenes (0 of 40 sampled scenes were from June/July). This field is a DRY-SEASON optical baseline, not a flood-season cross-check -- SAR-S2 spatial correlation was ~0 (r=-0.07) because the two sensors sample different seasonal populations, not because either is wrong. Do not read this as a validated QA agreement signal."
      },
      "geometry": {
        "type": "Polygon",
        "coordinates": [
          [
            [
              -0.21952970993685578,
              5.57334116305423
            ],
            [
              -0.21952970993685578,
              5.5778456675587345
            ],
            [
              -0.2240342144413603,
              5.5778456675587345
            ],
            [
              -0.2240342144413603,
              5.57334116305423
            ],
            [
              -0.21952970993685578,
              5.57334116305423
            ]
          ]
        ]
      }
    },
    {
      "type": "Feature",
      "properties": {
        "zone_id": "grid_r12_c14",
        "assembly": "Ablekuma North Municipal",
        "boundary_overlap_frac": 1.0,
        "score": 24.1,
        "level": "Low",
        "water_occ_pct": 5.9,
        "low_elev_frac_pct": 4.0,
        "median_elev_m": 6.6,
        "wetland_water_pct": 0.0,
        "vegetation_pct": 0.0,
        "impervious_pct": 100.0,
        "pixel_count": 25,
        "scenes_used": 40,
        "sources": [
          "sentinel-1-grd (Planetary Computer)",
          "cop-dem-glo-30",
          "esa-worldcover 2021"
        ],
        "computed_at": "2026-08-22T21:22:08.268465+00:00",
        "s2_scenes_used": 40,
        "s2_dry_season_water_occ_pct": 0.0,
        "s2_comparison_label": "minor_disagreement",
        "s2_comparison_caveat": "Sentinel-2 sample is cloud-filtered (<20% cover), which excludes ~93% of rainy-season scenes (0 of 40 sampled scenes were from June/July). This field is a DRY-SEASON optical baseline, not a flood-season cross-check -- SAR-S2 spatial correlation was ~0 (r=-0.07) because the two sensors sample different seasonal populations, not because either is wrong. Do not read this as a validated QA agreement signal."
      },
      "geometry": {
        "type": "Polygon",
        "coordinates": [
          [
            [
              -0.21502520543235126,
              5.57334116305423
            ],
            [
              -0.21502520543235126,
              5.5778456675587345
            ],
            [
              -0.21952970993685578,
              5.5778456675587345
            ],
            [
              -0.21952970993685578,
              5.57334116305423
            ],
            [
              -0.21502520543235126,
              5.57334116305423
            ]
          ]
        ]
      }
    },
    {
      "type": "Feature",
      "properties": {
        "zone_id": "grid_r12_c15",
        "assembly": "Ablekuma North Municipal",
        "boundary_overlap_frac": 0.976,
        "score": 22.4,
        "level": "Low",
        "water_occ_pct": 5.4,
        "low_elev_frac_pct": 0.0,
        "median_elev_m": 18.9,
        "wetland_water_pct": 0.0,
        "vegetation_pct": 0.0,
        "impervious_pct": 100.0,
        "pixel_count": 25,
        "scenes_used": 40,
        "sources": [
          "sentinel-1-grd (Planetary Computer)",
          "cop-dem-glo-30",
          "esa-worldcover 2021"
        ],
        "computed_at": "2026-08-22T21:22:08.269325+00:00",
        "s2_scenes_used": 40,
        "s2_dry_season_water_occ_pct": 0.0,
        "s2_comparison_label": "minor_disagreement",
        "s2_comparison_caveat": "Sentinel-2 sample is cloud-filtered (<20% cover), which excludes ~93% of rainy-season scenes (0 of 40 sampled scenes were from June/July). This field is a DRY-SEASON optical baseline, not a flood-season cross-check -- SAR-S2 spatial correlation was ~0 (r=-0.07) because the two sensors sample different seasonal populations, not because either is wrong. Do not read this as a validated QA agreement signal."
      },
      "geometry": {
        "type": "Polygon",
        "coordinates": [
          [
            [
              -0.21052070092784675,
              5.57334116305423
            ],
            [
              -0.21052070092784675,
              5.5778456675587345
            ],
            [
              -0.21502520543235126,
              5.5778456675587345
            ],
            [
              -0.21502520543235126,
              5.57334116305423
            ],
            [
              -0.21052070092784675,
              5.57334116305423
            ]
          ]
        ]
      }
    },
    {
      "type": "Feature",
      "properties": {
        "zone_id": "grid_r12_c16",
        "assembly": "Ayawaso Central Municipal",
        "boundary_overlap_frac": 1.0,
        "score": 24.0,
        "level": "Low",
        "water_occ_pct": 8.9,
        "low_elev_frac_pct": 0.0,
        "median_elev_m": 28.8,
        "wetland_water_pct": 0.0,
        "vegetation_pct": 0.0,
        "impervious_pct": 100.0,
        "pixel_count": 25,
        "scenes_used": 40,
        "sources": [
          "sentinel-1-grd (Planetary Computer)",
          "cop-dem-glo-30",
          "esa-worldcover 2021"
        ],
        "computed_at": "2026-08-22T21:22:08.270317+00:00",
        "s2_scenes_used": 40,
        "s2_dry_season_water_occ_pct": 0.0,
        "s2_comparison_label": "minor_disagreement",
        "s2_comparison_caveat": "Sentinel-2 sample is cloud-filtered (<20% cover), which excludes ~93% of rainy-season scenes (0 of 40 sampled scenes were from June/July). This field is a DRY-SEASON optical baseline, not a flood-season cross-check -- SAR-S2 spatial correlation was ~0 (r=-0.07) because the two sensors sample different seasonal populations, not because either is wrong. Do not read this as a validated QA agreement signal."
      },
      "geometry": {
        "type": "Polygon",
        "coordinates": [
          [
            [
              -0.20601619642334223,
              5.57334116305423
            ],
            [
              -0.20601619642334223,
              5.5778456675587345
            ],
            [
              -0.21052070092784675,
              5.5778456675587345
            ],
            [
              -0.21052070092784675,
              5.57334116305423
            ],
            [
              -0.20601619642334223,
              5.57334116305423
            ]
          ]
        ]
      }
    },
    {
      "type": "Feature",
      "properties": {
        "zone_id": "grid_r12_c17",
        "assembly": "Ayawaso Central Municipal",
        "boundary_overlap_frac": 1.0,
        "score": 23.7,
        "level": "Low",
        "water_occ_pct": 8.2,
        "low_elev_frac_pct": 0.0,
        "median_elev_m": 17.8,
        "wetland_water_pct": 0.0,
        "vegetation_pct": 0.0,
        "impervious_pct": 100.0,
        "pixel_count": 25,
        "scenes_used": 40,
        "sources": [
          "sentinel-1-grd (Planetary Computer)",
          "cop-dem-glo-30",
          "esa-worldcover 2021"
        ],
        "computed_at": "2026-08-22T21:22:08.271574+00:00",
        "s2_scenes_used": 40,
        "s2_dry_season_water_occ_pct": 0.0,
        "s2_comparison_label": "minor_disagreement",
        "s2_comparison_caveat": "Sentinel-2 sample is cloud-filtered (<20% cover), which excludes ~93% of rainy-season scenes (0 of 40 sampled scenes were from June/July). This field is a DRY-SEASON optical baseline, not a flood-season cross-check -- SAR-S2 spatial correlation was ~0 (r=-0.07) because the two sensors sample different seasonal populations, not because either is wrong. Do not read this as a validated QA agreement signal."
      },
      "geometry": {
        "type": "Polygon",
        "coordinates": [
          [
            [
              -0.20151169191883772,
              5.57334116305423
            ],
            [
              -0.20151169191883772,
              5.5778456675587345
            ],
            [
              -0.20601619642334223,
              5.5778456675587345
            ],
            [
              -0.20601619642334223,
              5.57334116305423
            ],
            [
              -0.20151169191883772,
              5.57334116305423
            ]
          ]
        ]
      }
    },
    {
      "type": "Feature",
      "properties": {
        "zone_id": "grid_r12_c18",
        "assembly": "Korle Klottey Municipal",
        "boundary_overlap_frac": 0.716,
        "score": 23.7,
        "level": "Low",
        "water_occ_pct": 8.3,
        "low_elev_frac_pct": 0.0,
        "median_elev_m": 28.9,
        "wetland_water_pct": 0.0,
        "vegetation_pct": 0.0,
        "impervious_pct": 100.0,
        "pixel_count": 25,
        "scenes_used": 40,
        "sources": [
          "sentinel-1-grd (Planetary Computer)",
          "cop-dem-glo-30",
          "esa-worldcover 2021"
        ],
        "computed_at": "2026-08-22T21:22:08.272745+00:00",
        "s2_scenes_used": 40,
        "s2_dry_season_water_occ_pct": 0.0,
        "s2_comparison_label": "minor_disagreement",
        "s2_comparison_caveat": "Sentinel-2 sample is cloud-filtered (<20% cover), which excludes ~93% of rainy-season scenes (0 of 40 sampled scenes were from June/July). This field is a DRY-SEASON optical baseline, not a flood-season cross-check -- SAR-S2 spatial correlation was ~0 (r=-0.07) because the two sensors sample different seasonal populations, not because either is wrong. Do not read this as a validated QA agreement signal."
      },
      "geometry": {
        "type": "Polygon",
        "coordinates": [
          [
            [
              -0.1970071874143332,
              5.57334116305423
            ],
            [
              -0.1970071874143332,
              5.5778456675587345
            ],
            [
              -0.20151169191883772,
              5.5778456675587345
            ],
            [
              -0.20151169191883772,
              5.57334116305423
            ],
            [
              -0.1970071874143332,
              5.57334116305423
            ]
          ]
        ]
      }
    },
    {
      "type": "Feature",
      "properties": {
        "zone_id": "grid_r12_c19",
        "assembly": "Korle Klottey Municipal",
        "boundary_overlap_frac": 0.381,
        "score": 25.3,
        "level": "Moderate",
        "water_occ_pct": 13.6,
        "low_elev_frac_pct": 0.0,
        "median_elev_m": 27.5,
        "wetland_water_pct": 0.0,
        "vegetation_pct": 4.0,
        "impervious_pct": 96.0,
        "pixel_count": 25,
        "scenes_used": 40,
        "sources": [
          "sentinel-1-grd (Planetary Computer)",
          "cop-dem-glo-30",
          "esa-worldcover 2021"
        ],
        "computed_at": "2026-08-22T21:22:08.273937+00:00",
        "s2_scenes_used": 40,
        "s2_dry_season_water_occ_pct": 0.0,
        "s2_comparison_label": "minor_disagreement",
        "s2_comparison_caveat": "Sentinel-2 sample is cloud-filtered (<20% cover), which excludes ~93% of rainy-season scenes (0 of 40 sampled scenes were from June/July). This field is a DRY-SEASON optical baseline, not a flood-season cross-check -- SAR-S2 spatial correlation was ~0 (r=-0.07) because the two sensors sample different seasonal populations, not because either is wrong. Do not read this as a validated QA agreement signal."
      },
      "geometry": {
        "type": "Polygon",
        "coordinates": [
          [
            [
              -0.1925026829098287,
              5.57334116305423
            ],
            [
              -0.1925026829098287,
              5.5778456675587345
            ],
            [
              -0.1970071874143332,
              5.5778456675587345
            ],
            [
              -0.1970071874143332,
              5.57334116305423
            ],
            [
              -0.1925026829098287,
              5.57334116305423
            ]
          ]
        ]
      }
    },
    {
      "type": "Feature",
      "properties": {
        "zone_id": "grid_r13_c0",
        "assembly": "Ablekuma North Municipal",
        "boundary_overlap_frac": 0.886,
        "score": 21.4,
        "level": "Low",
        "water_occ_pct": 3.2,
        "low_elev_frac_pct": 0.0,
        "median_elev_m": 9.5,
        "wetland_water_pct": 0.0,
        "vegetation_pct": 0.0,
        "impervious_pct": 100.0,
        "pixel_count": 25,
        "scenes_used": 40,
        "sources": [
          "sentinel-1-grd (Planetary Computer)",
          "cop-dem-glo-30",
          "esa-worldcover 2021"
        ],
        "computed_at": "2026-08-22T21:22:08.275167+00:00",
        "s2_scenes_used": 40,
        "s2_dry_season_water_occ_pct": 0.0,
        "s2_comparison_label": "agree",
        "s2_comparison_caveat": "Sentinel-2 sample is cloud-filtered (<20% cover), which excludes ~93% of rainy-season scenes (0 of 40 sampled scenes were from June/July). This field is a DRY-SEASON optical baseline, not a flood-season cross-check -- SAR-S2 spatial correlation was ~0 (r=-0.07) because the two sensors sample different seasonal populations, not because either is wrong. Do not read this as a validated QA agreement signal."
      },
      "geometry": {
        "type": "Polygon",
        "coordinates": [
          [
            [
              -0.27808826849541446,
              5.5778456675587345
            ],
            [
              -0.27808826849541446,
              5.582350172063239
            ],
            [
              -0.282592772999919,
              5.582350172063239
            ],
            [
              -0.282592772999919,
              5.5778456675587345
            ],
            [
              -0.27808826849541446,
              5.5778456675587345
            ]
          ]
        ]
      }
    },
    {
      "type": "Feature",
      "properties": {
        "zone_id": "grid_r13_c1",
        "assembly": "Ablekuma North Municipal",
        "boundary_overlap_frac": 1.0,
        "score": 23.5,
        "level": "Low",
        "water_occ_pct": 7.7,
        "low_elev_frac_pct": 0.0,
        "median_elev_m": 19.1,
        "wetland_water_pct": 0.0,
        "vegetation_pct": 0.0,
        "impervious_pct": 100.0,
        "pixel_count": 25,
        "scenes_used": 40,
        "sources": [
          "sentinel-1-grd (Planetary Computer)",
          "cop-dem-glo-30",
          "esa-worldcover 2021"
        ],
        "computed_at": "2026-08-22T21:22:08.276384+00:00",
        "s2_scenes_used": 40,
        "s2_dry_season_water_occ_pct": 0.0,
        "s2_comparison_label": "minor_disagreement",
        "s2_comparison_caveat": "Sentinel-2 sample is cloud-filtered (<20% cover), which excludes ~93% of rainy-season scenes (0 of 40 sampled scenes were from June/July). This field is a DRY-SEASON optical baseline, not a flood-season cross-check -- SAR-S2 spatial correlation was ~0 (r=-0.07) because the two sensors sample different seasonal populations, not because either is wrong. Do not read this as a validated QA agreement signal."
      },
      "geometry": {
        "type": "Polygon",
        "coordinates": [
          [
            [
              -0.27358376399090995,
              5.5778456675587345
            ],
            [
              -0.27358376399090995,
              5.582350172063239
            ],
            [
              -0.27808826849541446,
              5.582350172063239
            ],
            [
              -0.27808826849541446,
              5.5778456675587345
            ],
            [
              -0.27358376399090995,
              5.5778456675587345
            ]
          ]
        ]
      }
    },
    {
      "type": "Feature",
      "properties": {
        "zone_id": "grid_r13_c2",
        "assembly": "Ablekuma North Municipal",
        "boundary_overlap_frac": 1.0,
        "score": 20.7,
        "level": "Low",
        "water_occ_pct": 1.6,
        "low_elev_frac_pct": 0.0,
        "median_elev_m": 18.9,
        "wetland_water_pct": 0.0,
        "vegetation_pct": 0.0,
        "impervious_pct": 100.0,
        "pixel_count": 25,
        "scenes_used": 40,
        "sources": [
          "sentinel-1-grd (Planetary Computer)",
          "cop-dem-glo-30",
          "esa-worldcover 2021"
        ],
        "computed_at": "2026-08-22T21:22:08.277625+00:00",
        "s2_scenes_used": 40,
        "s2_dry_season_water_occ_pct": 0.0,
        "s2_comparison_label": "agree",
        "s2_comparison_caveat": "Sentinel-2 sample is cloud-filtered (<20% cover), which excludes ~93% of rainy-season scenes (0 of 40 sampled scenes were from June/July). This field is a DRY-SEASON optical baseline, not a flood-season cross-check -- SAR-S2 spatial correlation was ~0 (r=-0.07) because the two sensors sample different seasonal populations, not because either is wrong. Do not read this as a validated QA agreement signal."
      },
      "geometry": {
        "type": "Polygon",
        "coordinates": [
          [
            [
              -0.26907925948640543,
              5.5778456675587345
            ],
            [
              -0.26907925948640543,
              5.582350172063239
            ],
            [
              -0.27358376399090995,
              5.582350172063239
            ],
            [
              -0.27358376399090995,
              5.5778456675587345
            ],
            [
              -0.26907925948640543,
              5.5778456675587345
            ]
          ]
        ]
      }
    },
    {
      "type": "Feature",
      "properties": {
        "zone_id": "grid_r13_c3",
        "assembly": "Ablekuma North Municipal",
        "boundary_overlap_frac": 1.0,
        "score": 20.3,
        "level": "Low",
        "water_occ_pct": 0.6,
        "low_elev_frac_pct": 0.0,
        "median_elev_m": 26.3,
        "wetland_water_pct": 0.0,
        "vegetation_pct": 0.0,
        "impervious_pct": 100.0,
        "pixel_count": 25,
        "scenes_used": 40,
        "sources": [
          "sentinel-1-grd (Planetary Computer)",
          "cop-dem-glo-30",
          "esa-worldcover 2021"
        ],
        "computed_at": "2026-08-22T21:22:08.281169+00:00",
        "s2_scenes_used": 40,
        "s2_dry_season_water_occ_pct": 0.0,
        "s2_comparison_label": "agree",
        "s2_comparison_caveat": "Sentinel-2 sample is cloud-filtered (<20% cover), which excludes ~93% of rainy-season scenes (0 of 40 sampled scenes were from June/July). This field is a DRY-SEASON optical baseline, not a flood-season cross-check -- SAR-S2 spatial correlation was ~0 (r=-0.07) because the two sensors sample different seasonal populations, not because either is wrong. Do not read this as a validated QA agreement signal."
      },
      "geometry": {
        "type": "Polygon",
        "coordinates": [
          [
            [
              -0.2645747549819009,
              5.5778456675587345
            ],
            [
              -0.2645747549819009,
              5.582350172063239
            ],
            [
              -0.26907925948640543,
              5.582350172063239
            ],
            [
              -0.26907925948640543,
              5.5778456675587345
            ],
            [
              -0.2645747549819009,
              5.5778456675587345
            ]
          ]
        ]
      }
    },
    {
      "type": "Feature",
      "properties": {
        "zone_id": "grid_r13_c4",
        "assembly": "Ablekuma North Municipal",
        "boundary_overlap_frac": 1.0,
        "score": 22.6,
        "level": "Low",
        "water_occ_pct": 5.8,
        "low_elev_frac_pct": 0.0,
        "median_elev_m": 31.0,
        "wetland_water_pct": 0.0,
        "vegetation_pct": 0.0,
        "impervious_pct": 100.0,
        "pixel_count": 25,
        "scenes_used": 40,
        "sources": [
          "sentinel-1-grd (Planetary Computer)",
          "cop-dem-glo-30",
          "esa-worldcover 2021"
        ],
        "computed_at": "2026-08-22T21:22:08.282489+00:00",
        "s2_scenes_used": 40,
        "s2_dry_season_water_occ_pct": 0.0,
        "s2_comparison_label": "minor_disagreement",
        "s2_comparison_caveat": "Sentinel-2 sample is cloud-filtered (<20% cover), which excludes ~93% of rainy-season scenes (0 of 40 sampled scenes were from June/July). This field is a DRY-SEASON optical baseline, not a flood-season cross-check -- SAR-S2 spatial correlation was ~0 (r=-0.07) because the two sensors sample different seasonal populations, not because either is wrong. Do not read this as a validated QA agreement signal."
      },
      "geometry": {
        "type": "Polygon",
        "coordinates": [
          [
            [
              -0.2600702504773964,
              5.5778456675587345
            ],
            [
              -0.2600702504773964,
              5.582350172063239
            ],
            [
              -0.2645747549819009,
              5.582350172063239
            ],
            [
              -0.2645747549819009,
              5.5778456675587345
            ],
            [
              -0.2600702504773964,
              5.5778456675587345
            ]
          ]
        ]
      }
    },
    {
      "type": "Feature",
      "properties": {
        "zone_id": "grid_r13_c5",
        "assembly": "Ablekuma North Municipal",
        "boundary_overlap_frac": 1.0,
        "score": 20.5,
        "level": "Low",
        "water_occ_pct": 1.0,
        "low_elev_frac_pct": 0.0,
        "median_elev_m": 28.3,
        "wetland_water_pct": 0.0,
        "vegetation_pct": 0.0,
        "impervious_pct": 100.0,
        "pixel_count": 25,
        "scenes_used": 40,
        "sources": [
          "sentinel-1-grd (Planetary Computer)",
          "cop-dem-glo-30",
          "esa-worldcover 2021"
        ],
        "computed_at": "2026-08-22T21:22:08.286889+00:00",
        "s2_scenes_used": 40,
        "s2_dry_season_water_occ_pct": 0.0,
        "s2_comparison_label": "agree",
        "s2_comparison_caveat": "Sentinel-2 sample is cloud-filtered (<20% cover), which excludes ~93% of rainy-season scenes (0 of 40 sampled scenes were from June/July). This field is a DRY-SEASON optical baseline, not a flood-season cross-check -- SAR-S2 spatial correlation was ~0 (r=-0.07) because the two sensors sample different seasonal populations, not because either is wrong. Do not read this as a validated QA agreement signal."
      },
      "geometry": {
        "type": "Polygon",
        "coordinates": [
          [
            [
              -0.2555657459728919,
              5.5778456675587345
            ],
            [
              -0.2555657459728919,
              5.582350172063239
            ],
            [
              -0.2600702504773964,
              5.582350172063239
            ],
            [
              -0.2600702504773964,
              5.5778456675587345
            ],
            [
              -0.2555657459728919,
              5.5778456675587345
            ]
          ]
        ]
      }
    },
    {
      "type": "Feature",
      "properties": {
        "zone_id": "grid_r13_c6",
        "assembly": "Ablekuma North Municipal",
        "boundary_overlap_frac": 1.0,
        "score": 20.6,
        "level": "Low",
        "water_occ_pct": 1.4,
        "low_elev_frac_pct": 0.0,
        "median_elev_m": 35.3,
        "wetland_water_pct": 0.0,
        "vegetation_pct": 0.0,
        "impervious_pct": 100.0,
        "pixel_count": 25,
        "scenes_used": 40,
        "sources": [
          "sentinel-1-grd (Planetary Computer)",
          "cop-dem-glo-30",
          "esa-worldcover 2021"
        ],
        "computed_at": "2026-08-22T21:22:08.288253+00:00",
        "s2_scenes_used": 40,
        "s2_dry_season_water_occ_pct": 0.0,
        "s2_comparison_label": "agree",
        "s2_comparison_caveat": "Sentinel-2 sample is cloud-filtered (<20% cover), which excludes ~93% of rainy-season scenes (0 of 40 sampled scenes were from June/July). This field is a DRY-SEASON optical baseline, not a flood-season cross-check -- SAR-S2 spatial correlation was ~0 (r=-0.07) because the two sensors sample different seasonal populations, not because either is wrong. Do not read this as a validated QA agreement signal."
      },
      "geometry": {
        "type": "Polygon",
        "coordinates": [
          [
            [
              -0.2510612414683874,
              5.5778456675587345
            ],
            [
              -0.2510612414683874,
              5.582350172063239
            ],
            [
              -0.2555657459728919,
              5.582350172063239
            ],
            [
              -0.2555657459728919,
              5.5778456675587345
            ],
            [
              -0.2510612414683874,
              5.5778456675587345
            ]
          ]
        ]
      }
    },
    {
      "type": "Feature",
      "properties": {
        "zone_id": "grid_r13_c7",
        "assembly": "Ablekuma North Municipal",
        "boundary_overlap_frac": 1.0,
        "score": 21.5,
        "level": "Low",
        "water_occ_pct": 3.3,
        "low_elev_frac_pct": 0.0,
        "median_elev_m": 40.1,
        "wetland_water_pct": 0.0,
        "vegetation_pct": 0.0,
        "impervious_pct": 100.0,
        "pixel_count": 25,
        "scenes_used": 40,
        "sources": [
          "sentinel-1-grd (Planetary Computer)",
          "cop-dem-glo-30",
          "esa-worldcover 2021"
        ],
        "computed_at": "2026-08-22T21:22:08.291212+00:00",
        "s2_scenes_used": 40,
        "s2_dry_season_water_occ_pct": 0.0,
        "s2_comparison_label": "agree",
        "s2_comparison_caveat": "Sentinel-2 sample is cloud-filtered (<20% cover), which excludes ~93% of rainy-season scenes (0 of 40 sampled scenes were from June/July). This field is a DRY-SEASON optical baseline, not a flood-season cross-check -- SAR-S2 spatial correlation was ~0 (r=-0.07) because the two sensors sample different seasonal populations, not because either is wrong. Do not read this as a validated QA agreement signal."
      },
      "geometry": {
        "type": "Polygon",
        "coordinates": [
          [
            [
              -0.24655673696388286,
              5.5778456675587345
            ],
            [
              -0.24655673696388286,
              5.582350172063239
            ],
            [
              -0.2510612414683874,
              5.582350172063239
            ],
            [
              -0.2510612414683874,
              5.5778456675587345
            ],
            [
              -0.24655673696388286,
              5.5778456675587345
            ]
          ]
        ]
      }
    },
    {
      "type": "Feature",
      "properties": {
        "zone_id": "grid_r13_c8",
        "assembly": "Ablekuma North Municipal",
        "boundary_overlap_frac": 1.0,
        "score": 20.1,
        "level": "Low",
        "water_occ_pct": 2.1,
        "low_elev_frac_pct": 0.0,
        "median_elev_m": 40.1,
        "wetland_water_pct": 0.0,
        "vegetation_pct": 4.0,
        "impervious_pct": 96.0,
        "pixel_count": 25,
        "scenes_used": 40,
        "sources": [
          "sentinel-1-grd (Planetary Computer)",
          "cop-dem-glo-30",
          "esa-worldcover 2021"
        ],
        "computed_at": "2026-08-22T21:22:08.292439+00:00",
        "s2_scenes_used": 40,
        "s2_dry_season_water_occ_pct": 0.0,
        "s2_comparison_label": "agree",
        "s2_comparison_caveat": "Sentinel-2 sample is cloud-filtered (<20% cover), which excludes ~93% of rainy-season scenes (0 of 40 sampled scenes were from June/July). This field is a DRY-SEASON optical baseline, not a flood-season cross-check -- SAR-S2 spatial correlation was ~0 (r=-0.07) because the two sensors sample different seasonal populations, not because either is wrong. Do not read this as a validated QA agreement signal."
      },
      "geometry": {
        "type": "Polygon",
        "coordinates": [
          [
            [
              -0.24205223245937835,
              5.5778456675587345
            ],
            [
              -0.24205223245937835,
              5.582350172063239
            ],
            [
              -0.24655673696388286,
              5.582350172063239
            ],
            [
              -0.24655673696388286,
              5.5778456675587345
            ],
            [
              -0.24205223245937835,
              5.5778456675587345
            ]
          ]
        ]
      }
    },
    {
      "type": "Feature",
      "properties": {
        "zone_id": "grid_r13_c9",
        "assembly": "Ablekuma North Municipal",
        "boundary_overlap_frac": 1.0,
        "score": 22.3,
        "level": "Low",
        "water_occ_pct": 5.1,
        "low_elev_frac_pct": 0.0,
        "median_elev_m": 48.3,
        "wetland_water_pct": 0.0,
        "vegetation_pct": 0.0,
        "impervious_pct": 100.0,
        "pixel_count": 25,
        "scenes_used": 40,
        "sources": [
          "sentinel-1-grd (Planetary Computer)",
          "cop-dem-glo-30",
          "esa-worldcover 2021"
        ],
        "computed_at": "2026-08-22T21:22:08.293632+00:00",
        "s2_scenes_used": 40,
        "s2_dry_season_water_occ_pct": 0.0,
        "s2_comparison_label": "minor_disagreement",
        "s2_comparison_caveat": "Sentinel-2 sample is cloud-filtered (<20% cover), which excludes ~93% of rainy-season scenes (0 of 40 sampled scenes were from June/July). This field is a DRY-SEASON optical baseline, not a flood-season cross-check -- SAR-S2 spatial correlation was ~0 (r=-0.07) because the two sensors sample different seasonal populations, not because either is wrong. Do not read this as a validated QA agreement signal."
      },
      "geometry": {
        "type": "Polygon",
        "coordinates": [
          [
            [
              -0.23754772795487383,
              5.5778456675587345
            ],
            [
              -0.23754772795487383,
              5.582350172063239
            ],
            [
              -0.24205223245937835,
              5.582350172063239
            ],
            [
              -0.24205223245937835,
              5.5778456675587345
            ],
            [
              -0.23754772795487383,
              5.5778456675587345
            ]
          ]
        ]
      }
    },
    {
      "type": "Feature",
      "properties": {
        "zone_id": "grid_r13_c10",
        "assembly": "Ablekuma North Municipal",
        "boundary_overlap_frac": 1.0,
        "score": 21.8,
        "level": "Low",
        "water_occ_pct": 4.1,
        "low_elev_frac_pct": 0.0,
        "median_elev_m": 44.9,
        "wetland_water_pct": 0.0,
        "vegetation_pct": 0.0,
        "impervious_pct": 100.0,
        "pixel_count": 25,
        "scenes_used": 40,
        "sources": [
          "sentinel-1-grd (Planetary Computer)",
          "cop-dem-glo-30",
          "esa-worldcover 2021"
        ],
        "computed_at": "2026-08-22T21:22:08.294875+00:00",
        "s2_scenes_used": 40,
        "s2_dry_season_water_occ_pct": 0.0,
        "s2_comparison_label": "agree",
        "s2_comparison_caveat": "Sentinel-2 sample is cloud-filtered (<20% cover), which excludes ~93% of rainy-season scenes (0 of 40 sampled scenes were from June/July). This field is a DRY-SEASON optical baseline, not a flood-season cross-check -- SAR-S2 spatial correlation was ~0 (r=-0.07) because the two sensors sample different seasonal populations, not because either is wrong. Do not read this as a validated QA agreement signal."
      },
      "geometry": {
        "type": "Polygon",
        "coordinates": [
          [
            [
              -0.23304322345036932,
              5.5778456675587345
            ],
            [
              -0.23304322345036932,
              5.582350172063239
            ],
            [
              -0.23754772795487383,
              5.582350172063239
            ],
            [
              -0.23754772795487383,
              5.5778456675587345
            ],
            [
              -0.23304322345036932,
              5.5778456675587345
            ]
          ]
        ]
      }
    },
    {
      "type": "Feature",
      "properties": {
        "zone_id": "grid_r13_c11",
        "assembly": "Ablekuma North Municipal",
        "boundary_overlap_frac": 1.0,
        "score": 23.6,
        "level": "Low",
        "water_occ_pct": 7.9,
        "low_elev_frac_pct": 0.0,
        "median_elev_m": 35.7,
        "wetland_water_pct": 0.0,
        "vegetation_pct": 0.0,
        "impervious_pct": 100.0,
        "pixel_count": 25,
        "scenes_used": 40,
        "sources": [
          "sentinel-1-grd (Planetary Computer)",
          "cop-dem-glo-30",
          "esa-worldcover 2021"
        ],
        "computed_at": "2026-08-22T21:22:08.296101+00:00",
        "s2_scenes_used": 40,
        "s2_dry_season_water_occ_pct": 0.0,
        "s2_comparison_label": "minor_disagreement",
        "s2_comparison_caveat": "Sentinel-2 sample is cloud-filtered (<20% cover), which excludes ~93% of rainy-season scenes (0 of 40 sampled scenes were from June/July). This field is a DRY-SEASON optical baseline, not a flood-season cross-check -- SAR-S2 spatial correlation was ~0 (r=-0.07) because the two sensors sample different seasonal populations, not because either is wrong. Do not read this as a validated QA agreement signal."
      },
      "geometry": {
        "type": "Polygon",
        "coordinates": [
          [
            [
              -0.2285387189458648,
              5.5778456675587345
            ],
            [
              -0.2285387189458648,
              5.582350172063239
            ],
            [
              -0.23304322345036932,
              5.582350172063239
            ],
            [
              -0.23304322345036932,
              5.5778456675587345
            ],
            [
              -0.2285387189458648,
              5.5778456675587345
            ]
          ]
        ]
      }
    },
    {
      "type": "Feature",
      "properties": {
        "zone_id": "grid_r13_c12",
        "assembly": "Ablekuma North Municipal",
        "boundary_overlap_frac": 1.0,
        "score": 23.2,
        "level": "Low",
        "water_occ_pct": 7.0,
        "low_elev_frac_pct": 0.0,
        "median_elev_m": 23.7,
        "wetland_water_pct": 0.0,
        "vegetation_pct": 0.0,
        "impervious_pct": 100.0,
        "pixel_count": 25,
        "scenes_used": 40,
        "sources": [
          "sentinel-1-grd (Planetary Computer)",
          "cop-dem-glo-30",
          "esa-worldcover 2021"
        ],
        "computed_at": "2026-08-22T21:22:08.297371+00:00",
        "s2_scenes_used": 40,
        "s2_dry_season_water_occ_pct": 0.0,
        "s2_comparison_label": "minor_disagreement",
        "s2_comparison_caveat": "Sentinel-2 sample is cloud-filtered (<20% cover), which excludes ~93% of rainy-season scenes (0 of 40 sampled scenes were from June/July). This field is a DRY-SEASON optical baseline, not a flood-season cross-check -- SAR-S2 spatial correlation was ~0 (r=-0.07) because the two sensors sample different seasonal populations, not because either is wrong. Do not read this as a validated QA agreement signal."
      },
      "geometry": {
        "type": "Polygon",
        "coordinates": [
          [
            [
              -0.2240342144413603,
              5.5778456675587345
            ],
            [
              -0.2240342144413603,
              5.582350172063239
            ],
            [
              -0.2285387189458648,
              5.582350172063239
            ],
            [
              -0.2285387189458648,
              5.5778456675587345
            ],
            [
              -0.2240342144413603,
              5.5778456675587345
            ]
          ]
        ]
      }
    },
    {
      "type": "Feature",
      "properties": {
        "zone_id": "grid_r13_c13",
        "assembly": "Ablekuma North Municipal",
        "boundary_overlap_frac": 1.0,
        "score": 23.1,
        "level": "Low",
        "water_occ_pct": 6.8,
        "low_elev_frac_pct": 0.0,
        "median_elev_m": 10.5,
        "wetland_water_pct": 0.0,
        "vegetation_pct": 0.0,
        "impervious_pct": 100.0,
        "pixel_count": 25,
        "scenes_used": 40,
        "sources": [
          "sentinel-1-grd (Planetary Computer)",
          "cop-dem-glo-30",
          "esa-worldcover 2021"
        ],
        "computed_at": "2026-08-22T21:22:08.298662+00:00",
        "s2_scenes_used": 40,
        "s2_dry_season_water_occ_pct": 0.0,
        "s2_comparison_label": "minor_disagreement",
        "s2_comparison_caveat": "Sentinel-2 sample is cloud-filtered (<20% cover), which excludes ~93% of rainy-season scenes (0 of 40 sampled scenes were from June/July). This field is a DRY-SEASON optical baseline, not a flood-season cross-check -- SAR-S2 spatial correlation was ~0 (r=-0.07) because the two sensors sample different seasonal populations, not because either is wrong. Do not read this as a validated QA agreement signal."
      },
      "geometry": {
        "type": "Polygon",
        "coordinates": [
          [
            [
              -0.21952970993685578,
              5.5778456675587345
            ],
            [
              -0.21952970993685578,
              5.582350172063239
            ],
            [
              -0.2240342144413603,
              5.582350172063239
            ],
            [
              -0.2240342144413603,
              5.5778456675587345
            ],
            [
              -0.21952970993685578,
              5.5778456675587345
            ]
          ]
        ]
      }
    },
    {
      "type": "Feature",
      "properties": {
        "zone_id": "grid_r13_c14",
        "assembly": "Ablekuma North Municipal",
        "boundary_overlap_frac": 1.0,
        "score": 21.4,
        "level": "Low",
        "water_occ_pct": 3.1,
        "low_elev_frac_pct": 0.0,
        "median_elev_m": 7.5,
        "wetland_water_pct": 0.0,
        "vegetation_pct": 0.0,
        "impervious_pct": 100.0,
        "pixel_count": 25,
        "scenes_used": 40,
        "sources": [
          "sentinel-1-grd (Planetary Computer)",
          "cop-dem-glo-30",
          "esa-worldcover 2021"
        ],
        "computed_at": "2026-08-22T21:22:08.300286+00:00",
        "s2_scenes_used": 40,
        "s2_dry_season_water_occ_pct": 0.0,
        "s2_comparison_label": "agree",
        "s2_comparison_caveat": "Sentinel-2 sample is cloud-filtered (<20% cover), which excludes ~93% of rainy-season scenes (0 of 40 sampled scenes were from June/July). This field is a DRY-SEASON optical baseline, not a flood-season cross-check -- SAR-S2 spatial correlation was ~0 (r=-0.07) because the two sensors sample different seasonal populations, not because either is wrong. Do not read this as a validated QA agreement signal."
      },
      "geometry": {
        "type": "Polygon",
        "coordinates": [
          [
            [
              -0.21502520543235126,
              5.5778456675587345
            ],
            [
              -0.21502520543235126,
              5.582350172063239
            ],
            [
              -0.21952970993685578,
              5.582350172063239
            ],
            [
              -0.21952970993685578,
              5.5778456675587345
            ],
            [
              -0.21502520543235126,
              5.5778456675587345
            ]
          ]
        ]
      }
    },
    {
      "type": "Feature",
      "properties": {
        "zone_id": "grid_r13_c15",
        "assembly": "Ablekuma North Municipal",
        "boundary_overlap_frac": 0.723,
        "score": 22.9,
        "level": "Low",
        "water_occ_pct": 6.4,
        "low_elev_frac_pct": 0.0,
        "median_elev_m": 23.0,
        "wetland_water_pct": 0.0,
        "vegetation_pct": 0.0,
        "impervious_pct": 100.0,
        "pixel_count": 25,
        "scenes_used": 40,
        "sources": [
          "sentinel-1-grd (Planetary Computer)",
          "cop-dem-glo-30",
          "esa-worldcover 2021"
        ],
        "computed_at": "2026-08-22T21:22:08.301585+00:00",
        "s2_scenes_used": 40,
        "s2_dry_season_water_occ_pct": 0.0,
        "s2_comparison_label": "minor_disagreement",
        "s2_comparison_caveat": "Sentinel-2 sample is cloud-filtered (<20% cover), which excludes ~93% of rainy-season scenes (0 of 40 sampled scenes were from June/July). This field is a DRY-SEASON optical baseline, not a flood-season cross-check -- SAR-S2 spatial correlation was ~0 (r=-0.07) because the two sensors sample different seasonal populations, not because either is wrong. Do not read this as a validated QA agreement signal."
      },
      "geometry": {
        "type": "Polygon",
        "coordinates": [
          [
            [
              -0.21052070092784675,
              5.5778456675587345
            ],
            [
              -0.21052070092784675,
              5.582350172063239
            ],
            [
              -0.21502520543235126,
              5.582350172063239
            ],
            [
              -0.21502520543235126,
              5.5778456675587345
            ],
            [
              -0.21052070092784675,
              5.5778456675587345
            ]
          ]
        ]
      }
    },
    {
      "type": "Feature",
      "properties": {
        "zone_id": "grid_r13_c16",
        "assembly": "Ayawaso Central Municipal",
        "boundary_overlap_frac": 0.526,
        "score": 26.9,
        "level": "Moderate",
        "water_occ_pct": 15.3,
        "low_elev_frac_pct": 0.0,
        "median_elev_m": 32.8,
        "wetland_water_pct": 0.0,
        "vegetation_pct": 0.0,
        "impervious_pct": 100.0,
        "pixel_count": 25,
        "scenes_used": 40,
        "sources": [
          "sentinel-1-grd (Planetary Computer)",
          "cop-dem-glo-30",
          "esa-worldcover 2021"
        ],
        "computed_at": "2026-08-22T21:22:08.302817+00:00",
        "s2_scenes_used": 40,
        "s2_dry_season_water_occ_pct": 0.0,
        "s2_comparison_label": "major_disagreement",
        "s2_comparison_caveat": "Sentinel-2 sample is cloud-filtered (<20% cover), which excludes ~93% of rainy-season scenes (0 of 40 sampled scenes were from June/July). This field is a DRY-SEASON optical baseline, not a flood-season cross-check -- SAR-S2 spatial correlation was ~0 (r=-0.07) because the two sensors sample different seasonal populations, not because either is wrong. Do not read this as a validated QA agreement signal."
      },
      "geometry": {
        "type": "Polygon",
        "coordinates": [
          [
            [
              -0.20601619642334223,
              5.5778456675587345
            ],
            [
              -0.20601619642334223,
              5.582350172063239
            ],
            [
              -0.21052070092784675,
              5.582350172063239
            ],
            [
              -0.21052070092784675,
              5.5778456675587345
            ],
            [
              -0.20601619642334223,
              5.5778456675587345
            ]
          ]
        ]
      }
    },
    {
      "type": "Feature",
      "properties": {
        "zone_id": "grid_r13_c17",
        "assembly": "Ayawaso Central Municipal",
        "boundary_overlap_frac": 1.0,
        "score": 23.1,
        "level": "Low",
        "water_occ_pct": 6.8,
        "low_elev_frac_pct": 0.0,
        "median_elev_m": 22.6,
        "wetland_water_pct": 0.0,
        "vegetation_pct": 0.0,
        "impervious_pct": 100.0,
        "pixel_count": 25,
        "scenes_used": 40,
        "sources": [
          "sentinel-1-grd (Planetary Computer)",
          "cop-dem-glo-30",
          "esa-worldcover 2021"
        ],
        "computed_at": "2026-08-22T21:22:08.304019+00:00",
        "s2_scenes_used": 40,
        "s2_dry_season_water_occ_pct": 0.0,
        "s2_comparison_label": "minor_disagreement",
        "s2_comparison_caveat": "Sentinel-2 sample is cloud-filtered (<20% cover), which excludes ~93% of rainy-season scenes (0 of 40 sampled scenes were from June/July). This field is a DRY-SEASON optical baseline, not a flood-season cross-check -- SAR-S2 spatial correlation was ~0 (r=-0.07) because the two sensors sample different seasonal populations, not because either is wrong. Do not read this as a validated QA agreement signal."
      },
      "geometry": {
        "type": "Polygon",
        "coordinates": [
          [
            [
              -0.20151169191883772,
              5.5778456675587345
            ],
            [
              -0.20151169191883772,
              5.582350172063239
            ],
            [
              -0.20601619642334223,
              5.582350172063239
            ],
            [
              -0.20601619642334223,
              5.5778456675587345
            ],
            [
              -0.20151169191883772,
              5.5778456675587345
            ]
          ]
        ]
      }
    },
    {
      "type": "Feature",
      "properties": {
        "zone_id": "grid_r13_c18",
        "assembly": "Ayawaso Central Municipal",
        "boundary_overlap_frac": 0.721,
        "score": 27.6,
        "level": "Moderate",
        "water_occ_pct": 16.8,
        "low_elev_frac_pct": 0.0,
        "median_elev_m": 36.9,
        "wetland_water_pct": 0.0,
        "vegetation_pct": 0.0,
        "impervious_pct": 100.0,
        "pixel_count": 25,
        "scenes_used": 40,
        "sources": [
          "sentinel-1-grd (Planetary Computer)",
          "cop-dem-glo-30",
          "esa-worldcover 2021"
        ],
        "computed_at": "2026-08-22T21:22:08.305211+00:00",
        "s2_scenes_used": 40,
        "s2_dry_season_water_occ_pct": 0.0,
        "s2_comparison_label": "major_disagreement",
        "s2_comparison_caveat": "Sentinel-2 sample is cloud-filtered (<20% cover), which excludes ~93% of rainy-season scenes (0 of 40 sampled scenes were from June/July). This field is a DRY-SEASON optical baseline, not a flood-season cross-check -- SAR-S2 spatial correlation was ~0 (r=-0.07) because the two sensors sample different seasonal populations, not because either is wrong. Do not read this as a validated QA agreement signal."
      },
      "geometry": {
        "type": "Polygon",
        "coordinates": [
          [
            [
              -0.1970071874143332,
              5.5778456675587345
            ],
            [
              -0.1970071874143332,
              5.582350172063239
            ],
            [
              -0.20151169191883772,
              5.582350172063239
            ],
            [
              -0.20151169191883772,
              5.5778456675587345
            ],
            [
              -0.1970071874143332,
              5.5778456675587345
            ]
          ]
        ]
      }
    },
    {
      "type": "Feature",
      "properties": {
        "zone_id": "grid_r14_c0",
        "assembly": "Ablekuma North Municipal",
        "boundary_overlap_frac": 0.894,
        "score": 20.9,
        "level": "Low",
        "water_occ_pct": 2.0,
        "low_elev_frac_pct": 0.0,
        "median_elev_m": 12.8,
        "wetland_water_pct": 0.0,
        "vegetation_pct": 0.0,
        "impervious_pct": 100.0,
        "pixel_count": 25,
        "scenes_used": 40,
        "sources": [
          "sentinel-1-grd (Planetary Computer)",
          "cop-dem-glo-30",
          "esa-worldcover 2021"
        ],
        "computed_at": "2026-08-22T21:22:08.306359+00:00",
        "s2_scenes_used": 40,
        "s2_dry_season_water_occ_pct": 0.0,
        "s2_comparison_label": "agree",
        "s2_comparison_caveat": "Sentinel-2 sample is cloud-filtered (<20% cover), which excludes ~93% of rainy-season scenes (0 of 40 sampled scenes were from June/July). This field is a DRY-SEASON optical baseline, not a flood-season cross-check -- SAR-S2 spatial correlation was ~0 (r=-0.07) because the two sensors sample different seasonal populations, not because either is wrong. Do not read this as a validated QA agreement signal."
      },
      "geometry": {
        "type": "Polygon",
        "coordinates": [
          [
            [
              -0.27808826849541446,
              5.582350172063239
            ],
            [
              -0.27808826849541446,
              5.586854676567744
            ],
            [
              -0.282592772999919,
              5.586854676567744
            ],
            [
              -0.282592772999919,
              5.582350172063239
            ],
            [
              -0.27808826849541446,
              5.582350172063239
            ]
          ]
        ]
      }
    },
    {
      "type": "Feature",
      "properties": {
        "zone_id": "grid_r14_c1",
        "assembly": "Ablekuma North Municipal",
        "boundary_overlap_frac": 1.0,
        "score": 22.2,
        "level": "Low",
        "water_occ_pct": 4.9,
        "low_elev_frac_pct": 0.0,
        "median_elev_m": 21.8,
        "wetland_water_pct": 0.0,
        "vegetation_pct": 0.0,
        "impervious_pct": 100.0,
        "pixel_count": 25,
        "scenes_used": 40,
        "sources": [
          "sentinel-1-grd (Planetary Computer)",
          "cop-dem-glo-30",
          "esa-worldcover 2021"
        ],
        "computed_at": "2026-08-22T21:22:08.307473+00:00",
        "s2_scenes_used": 40,
        "s2_dry_season_water_occ_pct": 0.0,
        "s2_comparison_label": "agree",
        "s2_comparison_caveat": "Sentinel-2 sample is cloud-filtered (<20% cover), which excludes ~93% of rainy-season scenes (0 of 40 sampled scenes were from June/July). This field is a DRY-SEASON optical baseline, not a flood-season cross-check -- SAR-S2 spatial correlation was ~0 (r=-0.07) because the two sensors sample different seasonal populations, not because either is wrong. Do not read this as a validated QA agreement signal."
      },
      "geometry": {
        "type": "Polygon",
        "coordinates": [
          [
            [
              -0.27358376399090995,
              5.582350172063239
            ],
            [
              -0.27358376399090995,
              5.586854676567744
            ],
            [
              -0.27808826849541446,
              5.586854676567744
            ],
            [
              -0.27808826849541446,
              5.582350172063239
            ],
            [
              -0.27358376399090995,
              5.582350172063239
            ]
          ]
        ]
      }
    },
    {
      "type": "Feature",
      "properties": {
        "zone_id": "grid_r14_c2",
        "assembly": "Ablekuma North Municipal",
        "boundary_overlap_frac": 1.0,
        "score": 20.5,
        "level": "Low",
        "water_occ_pct": 1.0,
        "low_elev_frac_pct": 0.0,
        "median_elev_m": 31.4,
        "wetland_water_pct": 0.0,
        "vegetation_pct": 0.0,
        "impervious_pct": 100.0,
        "pixel_count": 25,
        "scenes_used": 40,
        "sources": [
          "sentinel-1-grd (Planetary Computer)",
          "cop-dem-glo-30",
          "esa-worldcover 2021"
        ],
        "computed_at": "2026-08-22T21:22:08.308584+00:00",
        "s2_scenes_used": 40,
        "s2_dry_season_water_occ_pct": 0.0,
        "s2_comparison_label": "agree",
        "s2_comparison_caveat": "Sentinel-2 sample is cloud-filtered (<20% cover), which excludes ~93% of rainy-season scenes (0 of 40 sampled scenes were from June/July). This field is a DRY-SEASON optical baseline, not a flood-season cross-check -- SAR-S2 spatial correlation was ~0 (r=-0.07) because the two sensors sample different seasonal populations, not because either is wrong. Do not read this as a validated QA agreement signal."
      },
      "geometry": {
        "type": "Polygon",
        "coordinates": [
          [
            [
              -0.26907925948640543,
              5.582350172063239
            ],
            [
              -0.26907925948640543,
              5.586854676567744
            ],
            [
              -0.27358376399090995,
              5.586854676567744
            ],
            [
              -0.27358376399090995,
              5.582350172063239
            ],
            [
              -0.26907925948640543,
              5.582350172063239
            ]
          ]
        ]
      }
    },
    {
      "type": "Feature",
      "properties": {
        "zone_id": "grid_r14_c3",
        "assembly": "Ablekuma North Municipal",
        "boundary_overlap_frac": 1.0,
        "score": 21.2,
        "level": "Low",
        "water_occ_pct": 2.6,
        "low_elev_frac_pct": 0.0,
        "median_elev_m": 39.1,
        "wetland_water_pct": 0.0,
        "vegetation_pct": 0.0,
        "impervious_pct": 100.0,
        "pixel_count": 25,
        "scenes_used": 40,
        "sources": [
          "sentinel-1-grd (Planetary Computer)",
          "cop-dem-glo-30",
          "esa-worldcover 2021"
        ],
        "computed_at": "2026-08-22T21:22:08.309823+00:00",
        "s2_scenes_used": 40,
        "s2_dry_season_water_occ_pct": 0.0,
        "s2_comparison_label": "agree",
        "s2_comparison_caveat": "Sentinel-2 sample is cloud-filtered (<20% cover), which excludes ~93% of rainy-season scenes (0 of 40 sampled scenes were from June/July). This field is a DRY-SEASON optical baseline, not a flood-season cross-check -- SAR-S2 spatial correlation was ~0 (r=-0.07) because the two sensors sample different seasonal populations, not because either is wrong. Do not read this as a validated QA agreement signal."
      },
      "geometry": {
        "type": "Polygon",
        "coordinates": [
          [
            [
              -0.2645747549819009,
              5.582350172063239
            ],
            [
              -0.2645747549819009,
              5.586854676567744
            ],
            [
              -0.26907925948640543,
              5.586854676567744
            ],
            [
              -0.26907925948640543,
              5.582350172063239
            ],
            [
              -0.2645747549819009,
              5.582350172063239
            ]
          ]
        ]
      }
    },
    {
      "type": "Feature",
      "properties": {
        "zone_id": "grid_r14_c4",
        "assembly": "Ablekuma North Municipal",
        "boundary_overlap_frac": 1.0,
        "score": 23.3,
        "level": "Low",
        "water_occ_pct": 7.4,
        "low_elev_frac_pct": 0.0,
        "median_elev_m": 34.6,
        "wetland_water_pct": 0.0,
        "vegetation_pct": 0.0,
        "impervious_pct": 100.0,
        "pixel_count": 25,
        "scenes_used": 40,
        "sources": [
          "sentinel-1-grd (Planetary Computer)",
          "cop-dem-glo-30",
          "esa-worldcover 2021"
        ],
        "computed_at": "2026-08-22T21:22:08.311338+00:00",
        "s2_scenes_used": 40,
        "s2_dry_season_water_occ_pct": 0.0,
        "s2_comparison_label": "minor_disagreement",
        "s2_comparison_caveat": "Sentinel-2 sample is cloud-filtered (<20% cover), which excludes ~93% of rainy-season scenes (0 of 40 sampled scenes were from June/July). This field is a DRY-SEASON optical baseline, not a flood-season cross-check -- SAR-S2 spatial correlation was ~0 (r=-0.07) because the two sensors sample different seasonal populations, not because either is wrong. Do not read this as a validated QA agreement signal."
      },
      "geometry": {
        "type": "Polygon",
        "coordinates": [
          [
            [
              -0.2600702504773964,
              5.582350172063239
            ],
            [
              -0.2600702504773964,
              5.586854676567744
            ],
            [
              -0.2645747549819009,
              5.586854676567744
            ],
            [
              -0.2645747549819009,
              5.582350172063239
            ],
            [
              -0.2600702504773964,
              5.582350172063239
            ]
          ]
        ]
      }
    },
    {
      "type": "Feature",
      "properties": {
        "zone_id": "grid_r14_c5",
        "assembly": "Ablekuma North Municipal",
        "boundary_overlap_frac": 1.0,
        "score": 21.4,
        "level": "Low",
        "water_occ_pct": 3.1,
        "low_elev_frac_pct": 0.0,
        "median_elev_m": 35.0,
        "wetland_water_pct": 0.0,
        "vegetation_pct": 0.0,
        "impervious_pct": 100.0,
        "pixel_count": 25,
        "scenes_used": 40,
        "sources": [
          "sentinel-1-grd (Planetary Computer)",
          "cop-dem-glo-30",
          "esa-worldcover 2021"
        ],
        "computed_at": "2026-08-22T21:22:08.312595+00:00",
        "s2_scenes_used": 40,
        "s2_dry_season_water_occ_pct": 0.0,
        "s2_comparison_label": "agree",
        "s2_comparison_caveat": "Sentinel-2 sample is cloud-filtered (<20% cover), which excludes ~93% of rainy-season scenes (0 of 40 sampled scenes were from June/July). This field is a DRY-SEASON optical baseline, not a flood-season cross-check -- SAR-S2 spatial correlation was ~0 (r=-0.07) because the two sensors sample different seasonal populations, not because either is wrong. Do not read this as a validated QA agreement signal."
      },
      "geometry": {
        "type": "Polygon",
        "coordinates": [
          [
            [
              -0.2555657459728919,
              5.582350172063239
            ],
            [
              -0.2555657459728919,
              5.586854676567744
            ],
            [
              -0.2600702504773964,
              5.586854676567744
            ],
            [
              -0.2600702504773964,
              5.582350172063239
            ],
            [
              -0.2555657459728919,
              5.582350172063239
            ]
          ]
        ]
      }
    },
    {
      "type": "Feature",
      "properties": {
        "zone_id": "grid_r14_c6",
        "assembly": "Ablekuma North Municipal",
        "boundary_overlap_frac": 1.0,
        "score": 20.3,
        "level": "Low",
        "water_occ_pct": 0.6,
        "low_elev_frac_pct": 0.0,
        "median_elev_m": 37.2,
        "wetland_water_pct": 0.0,
        "vegetation_pct": 0.0,
        "impervious_pct": 100.0,
        "pixel_count": 25,
        "scenes_used": 40,
        "sources": [
          "sentinel-1-grd (Planetary Computer)",
          "cop-dem-glo-30",
          "esa-worldcover 2021"
        ],
        "computed_at": "2026-08-22T21:22:08.313845+00:00",
        "s2_scenes_used": 40,
        "s2_dry_season_water_occ_pct": 0.0,
        "s2_comparison_label": "agree",
        "s2_comparison_caveat": "Sentinel-2 sample is cloud-filtered (<20% cover), which excludes ~93% of rainy-season scenes (0 of 40 sampled scenes were from June/July). This field is a DRY-SEASON optical baseline, not a flood-season cross-check -- SAR-S2 spatial correlation was ~0 (r=-0.07) because the two sensors sample different seasonal populations, not because either is wrong. Do not read this as a validated QA agreement signal."
      },
      "geometry": {
        "type": "Polygon",
        "coordinates": [
          [
            [
              -0.2510612414683874,
              5.582350172063239
            ],
            [
              -0.2510612414683874,
              5.586854676567744
            ],
            [
              -0.2555657459728919,
              5.586854676567744
            ],
            [
              -0.2555657459728919,
              5.582350172063239
            ],
            [
              -0.2510612414683874,
              5.582350172063239
            ]
          ]
        ]
      }
    },
    {
      "type": "Feature",
      "properties": {
        "zone_id": "grid_r14_c7",
        "assembly": "Ablekuma North Municipal",
        "boundary_overlap_frac": 1.0,
        "score": 19.5,
        "level": "Low",
        "water_occ_pct": 2.5,
        "low_elev_frac_pct": 0.0,
        "median_elev_m": 49.1,
        "wetland_water_pct": 0.0,
        "vegetation_pct": 4.0,
        "impervious_pct": 92.0,
        "pixel_count": 25,
        "scenes_used": 40,
        "sources": [
          "sentinel-1-grd (Planetary Computer)",
          "cop-dem-glo-30",
          "esa-worldcover 2021"
        ],
        "computed_at": "2026-08-22T21:22:08.315043+00:00",
        "s2_scenes_used": 40,
        "s2_dry_season_water_occ_pct": 0.0,
        "s2_comparison_label": "agree",
        "s2_comparison_caveat": "Sentinel-2 sample is cloud-filtered (<20% cover), which excludes ~93% of rainy-season scenes (0 of 40 sampled scenes were from June/July). This field is a DRY-SEASON optical baseline, not a flood-season cross-check -- SAR-S2 spatial correlation was ~0 (r=-0.07) because the two sensors sample different seasonal populations, not because either is wrong. Do not read this as a validated QA agreement signal."
      },
      "geometry": {
        "type": "Polygon",
        "coordinates": [
          [
            [
              -0.24655673696388286,
              5.582350172063239
            ],
            [
              -0.24655673696388286,
              5.586854676567744
            ],
            [
              -0.2510612414683874,
              5.586854676567744
            ],
            [
              -0.2510612414683874,
              5.582350172063239
            ],
            [
              -0.24655673696388286,
              5.582350172063239
            ]
          ]
        ]
      }
    },
    {
      "type": "Feature",
      "properties": {
        "zone_id": "grid_r14_c8",
        "assembly": "Ablekuma North Municipal",
        "boundary_overlap_frac": 1.0,
        "score": 22.3,
        "level": "Low",
        "water_occ_pct": 5.2,
        "low_elev_frac_pct": 0.0,
        "median_elev_m": 48.7,
        "wetland_water_pct": 0.0,
        "vegetation_pct": 0.0,
        "impervious_pct": 100.0,
        "pixel_count": 25,
        "scenes_used": 40,
        "sources": [
          "sentinel-1-grd (Planetary Computer)",
          "cop-dem-glo-30",
          "esa-worldcover 2021"
        ],
        "computed_at": "2026-08-22T21:22:08.316269+00:00",
        "s2_scenes_used": 40,
        "s2_dry_season_water_occ_pct": 0.0,
        "s2_comparison_label": "minor_disagreement",
        "s2_comparison_caveat": "Sentinel-2 sample is cloud-filtered (<20% cover), which excludes ~93% of rainy-season scenes (0 of 40 sampled scenes were from June/July). This field is a DRY-SEASON optical baseline, not a flood-season cross-check -- SAR-S2 spatial correlation was ~0 (r=-0.07) because the two sensors sample different seasonal populations, not because either is wrong. Do not read this as a validated QA agreement signal."
      },
      "geometry": {
        "type": "Polygon",
        "coordinates": [
          [
            [
              -0.24205223245937835,
              5.582350172063239
            ],
            [
              -0.24205223245937835,
              5.586854676567744
            ],
            [
              -0.24655673696388286,
              5.586854676567744
            ],
            [
              -0.24655673696388286,
              5.582350172063239
            ],
            [
              -0.24205223245937835,
              5.582350172063239
            ]
          ]
        ]
      }
    },
    {
      "type": "Feature",
      "properties": {
        "zone_id": "grid_r14_c9",
        "assembly": "Ablekuma North Municipal",
        "boundary_overlap_frac": 1.0,
        "score": 26.9,
        "level": "Moderate",
        "water_occ_pct": 15.4,
        "low_elev_frac_pct": 0.0,
        "median_elev_m": 47.9,
        "wetland_water_pct": 0.0,
        "vegetation_pct": 0.0,
        "impervious_pct": 100.0,
        "pixel_count": 25,
        "scenes_used": 40,
        "sources": [
          "sentinel-1-grd (Planetary Computer)",
          "cop-dem-glo-30",
          "esa-worldcover 2021"
        ],
        "computed_at": "2026-08-22T21:22:08.317460+00:00",
        "s2_scenes_used": 40,
        "s2_dry_season_water_occ_pct": 0.0,
        "s2_comparison_label": "major_disagreement",
        "s2_comparison_caveat": "Sentinel-2 sample is cloud-filtered (<20% cover), which excludes ~93% of rainy-season scenes (0 of 40 sampled scenes were from June/July). This field is a DRY-SEASON optical baseline, not a flood-season cross-check -- SAR-S2 spatial correlation was ~0 (r=-0.07) because the two sensors sample different seasonal populations, not because either is wrong. Do not read this as a validated QA agreement signal."
      },
      "geometry": {
        "type": "Polygon",
        "coordinates": [
          [
            [
              -0.23754772795487383,
              5.582350172063239
            ],
            [
              -0.23754772795487383,
              5.586854676567744
            ],
            [
              -0.24205223245937835,
              5.586854676567744
            ],
            [
              -0.24205223245937835,
              5.582350172063239
            ],
            [
              -0.23754772795487383,
              5.582350172063239
            ]
          ]
        ]
      }
    },
    {
      "type": "Feature",
      "properties": {
        "zone_id": "grid_r14_c10",
        "assembly": "Ablekuma North Municipal",
        "boundary_overlap_frac": 1.0,
        "score": 22.4,
        "level": "Low",
        "water_occ_pct": 5.3,
        "low_elev_frac_pct": 0.0,
        "median_elev_m": 46.3,
        "wetland_water_pct": 0.0,
        "vegetation_pct": 0.0,
        "impervious_pct": 100.0,
        "pixel_count": 25,
        "scenes_used": 40,
        "sources": [
          "sentinel-1-grd (Planetary Computer)",
          "cop-dem-glo-30",
          "esa-worldcover 2021"
        ],
        "computed_at": "2026-08-22T21:22:08.318679+00:00",
        "s2_scenes_used": 40,
        "s2_dry_season_water_occ_pct": 0.0,
        "s2_comparison_label": "minor_disagreement",
        "s2_comparison_caveat": "Sentinel-2 sample is cloud-filtered (<20% cover), which excludes ~93% of rainy-season scenes (0 of 40 sampled scenes were from June/July). This field is a DRY-SEASON optical baseline, not a flood-season cross-check -- SAR-S2 spatial correlation was ~0 (r=-0.07) because the two sensors sample different seasonal populations, not because either is wrong. Do not read this as a validated QA agreement signal."
      },
      "geometry": {
        "type": "Polygon",
        "coordinates": [
          [
            [
              -0.23304322345036932,
              5.582350172063239
            ],
            [
              -0.23304322345036932,
              5.586854676567744
            ],
            [
              -0.23754772795487383,
              5.586854676567744
            ],
            [
              -0.23754772795487383,
              5.582350172063239
            ],
            [
              -0.23304322345036932,
              5.582350172063239
            ]
          ]
        ]
      }
    },
    {
      "type": "Feature",
      "properties": {
        "zone_id": "grid_r14_c11",
        "assembly": "Ablekuma North Municipal",
        "boundary_overlap_frac": 1.0,
        "score": 21.3,
        "level": "Low",
        "water_occ_pct": 2.9,
        "low_elev_frac_pct": 0.0,
        "median_elev_m": 37.7,
        "wetland_water_pct": 0.0,
        "vegetation_pct": 0.0,
        "impervious_pct": 100.0,
        "pixel_count": 25,
        "scenes_used": 40,
        "sources": [
          "sentinel-1-grd (Planetary Computer)",
          "cop-dem-glo-30",
          "esa-worldcover 2021"
        ],
        "computed_at": "2026-08-22T21:22:08.319853+00:00",
        "s2_scenes_used": 40,
        "s2_dry_season_water_occ_pct": 0.0,
        "s2_comparison_label": "agree",
        "s2_comparison_caveat": "Sentinel-2 sample is cloud-filtered (<20% cover), which excludes ~93% of rainy-season scenes (0 of 40 sampled scenes were from June/July). This field is a DRY-SEASON optical baseline, not a flood-season cross-check -- SAR-S2 spatial correlation was ~0 (r=-0.07) because the two sensors sample different seasonal populations, not because either is wrong. Do not read this as a validated QA agreement signal."
      },
      "geometry": {
        "type": "Polygon",
        "coordinates": [
          [
            [
              -0.2285387189458648,
              5.582350172063239
            ],
            [
              -0.2285387189458648,
              5.586854676567744
            ],
            [
              -0.23304322345036932,
              5.586854676567744
            ],
            [
              -0.23304322345036932,
              5.582350172063239
            ],
            [
              -0.2285387189458648,
              5.582350172063239
            ]
          ]
        ]
      }
    },
    {
      "type": "Feature",
      "properties": {
        "zone_id": "grid_r14_c12",
        "assembly": "Ablekuma North Municipal",
        "boundary_overlap_frac": 1.0,
        "score": 22.0,
        "level": "Low",
        "water_occ_pct": 4.4,
        "low_elev_frac_pct": 0.0,
        "median_elev_m": 27.3,
        "wetland_water_pct": 0.0,
        "vegetation_pct": 0.0,
        "impervious_pct": 100.0,
        "pixel_count": 25,
        "scenes_used": 40,
        "sources": [
          "sentinel-1-grd (Planetary Computer)",
          "cop-dem-glo-30",
          "esa-worldcover 2021"
        ],
        "computed_at": "2026-08-22T21:22:08.320917+00:00",
        "s2_scenes_used": 40,
        "s2_dry_season_water_occ_pct": 0.0,
        "s2_comparison_label": "agree",
        "s2_comparison_caveat": "Sentinel-2 sample is cloud-filtered (<20% cover), which excludes ~93% of rainy-season scenes (0 of 40 sampled scenes were from June/July). This field is a DRY-SEASON optical baseline, not a flood-season cross-check -- SAR-S2 spatial correlation was ~0 (r=-0.07) because the two sensors sample different seasonal populations, not because either is wrong. Do not read this as a validated QA agreement signal."
      },
      "geometry": {
        "type": "Polygon",
        "coordinates": [
          [
            [
              -0.2240342144413603,
              5.582350172063239
            ],
            [
              -0.2240342144413603,
              5.586854676567744
            ],
            [
              -0.2285387189458648,
              5.586854676567744
            ],
            [
              -0.2285387189458648,
              5.582350172063239
            ],
            [
              -0.2240342144413603,
              5.582350172063239
            ]
          ]
        ]
      }
    },
    {
      "type": "Feature",
      "properties": {
        "zone_id": "grid_r14_c13",
        "assembly": "Ablekuma North Municipal",
        "boundary_overlap_frac": 1.0,
        "score": 20.8,
        "level": "Low",
        "water_occ_pct": 5.4,
        "low_elev_frac_pct": 0.0,
        "median_elev_m": 12.0,
        "wetland_water_pct": 0.0,
        "vegetation_pct": 8.0,
        "impervious_pct": 92.0,
        "pixel_count": 25,
        "scenes_used": 40,
        "sources": [
          "sentinel-1-grd (Planetary Computer)",
          "cop-dem-glo-30",
          "esa-worldcover 2021"
        ],
        "computed_at": "2026-08-22T21:22:08.322000+00:00",
        "s2_scenes_used": 40,
        "s2_dry_season_water_occ_pct": 0.0,
        "s2_comparison_label": "minor_disagreement",
        "s2_comparison_caveat": "Sentinel-2 sample is cloud-filtered (<20% cover), which excludes ~93% of rainy-season scenes (0 of 40 sampled scenes were from June/July). This field is a DRY-SEASON optical baseline, not a flood-season cross-check -- SAR-S2 spatial correlation was ~0 (r=-0.07) because the two sensors sample different seasonal populations, not because either is wrong. Do not read this as a validated QA agreement signal."
      },
      "geometry": {
        "type": "Polygon",
        "coordinates": [
          [
            [
              -0.21952970993685578,
              5.582350172063239
            ],
            [
              -0.21952970993685578,
              5.586854676567744
            ],
            [
              -0.2240342144413603,
              5.586854676567744
            ],
            [
              -0.2240342144413603,
              5.582350172063239
            ],
            [
              -0.21952970993685578,
              5.582350172063239
            ]
          ]
        ]
      }
    },
    {
      "type": "Feature",
      "properties": {
        "zone_id": "grid_r14_c14",
        "assembly": "Ablekuma North Municipal",
        "boundary_overlap_frac": 1.0,
        "score": 22.4,
        "level": "Low",
        "water_occ_pct": 7.2,
        "low_elev_frac_pct": 0.0,
        "median_elev_m": 8.2,
        "wetland_water_pct": 0.0,
        "vegetation_pct": 4.0,
        "impervious_pct": 96.0,
        "pixel_count": 25,
        "scenes_used": 40,
        "sources": [
          "sentinel-1-grd (Planetary Computer)",
          "cop-dem-glo-30",
          "esa-worldcover 2021"
        ],
        "computed_at": "2026-08-22T21:22:08.323198+00:00",
        "s2_scenes_used": 40,
        "s2_dry_season_water_occ_pct": 0.0,
        "s2_comparison_label": "minor_disagreement",
        "s2_comparison_caveat": "Sentinel-2 sample is cloud-filtered (<20% cover), which excludes ~93% of rainy-season scenes (0 of 40 sampled scenes were from June/July). This field is a DRY-SEASON optical baseline, not a flood-season cross-check -- SAR-S2 spatial correlation was ~0 (r=-0.07) because the two sensors sample different seasonal populations, not because either is wrong. Do not read this as a validated QA agreement signal."
      },
      "geometry": {
        "type": "Polygon",
        "coordinates": [
          [
            [
              -0.21502520543235126,
              5.582350172063239
            ],
            [
              -0.21502520543235126,
              5.586854676567744
            ],
            [
              -0.21952970993685578,
              5.586854676567744
            ],
            [
              -0.21952970993685578,
              5.582350172063239
            ],
            [
              -0.21502520543235126,
              5.582350172063239
            ]
          ]
        ]
      }
    },
    {
      "type": "Feature",
      "properties": {
        "zone_id": "grid_r14_c15",
        "assembly": "Ablekuma North Municipal",
        "boundary_overlap_frac": 0.768,
        "score": 21.8,
        "level": "Low",
        "water_occ_pct": 3.9,
        "low_elev_frac_pct": 0.0,
        "median_elev_m": 23.2,
        "wetland_water_pct": 0.0,
        "vegetation_pct": 0.0,
        "impervious_pct": 100.0,
        "pixel_count": 25,
        "scenes_used": 40,
        "sources": [
          "sentinel-1-grd (Planetary Computer)",
          "cop-dem-glo-30",
          "esa-worldcover 2021"
        ],
        "computed_at": "2026-08-22T21:22:08.324398+00:00",
        "s2_scenes_used": 40,
        "s2_dry_season_water_occ_pct": 0.0,
        "s2_comparison_label": "agree",
        "s2_comparison_caveat": "Sentinel-2 sample is cloud-filtered (<20% cover), which excludes ~93% of rainy-season scenes (0 of 40 sampled scenes were from June/July). This field is a DRY-SEASON optical baseline, not a flood-season cross-check -- SAR-S2 spatial correlation was ~0 (r=-0.07) because the two sensors sample different seasonal populations, not because either is wrong. Do not read this as a validated QA agreement signal."
      },
      "geometry": {
        "type": "Polygon",
        "coordinates": [
          [
            [
              -0.21052070092784675,
              5.582350172063239
            ],
            [
              -0.21052070092784675,
              5.586854676567744
            ],
            [
              -0.21502520543235126,
              5.586854676567744
            ],
            [
              -0.21502520543235126,
              5.582350172063239
            ],
            [
              -0.21052070092784675,
              5.582350172063239
            ]
          ]
        ]
      }
    },
    {
      "type": "Feature",
      "properties": {
        "zone_id": "grid_r14_c17",
        "assembly": "Ayawaso Central Municipal",
        "boundary_overlap_frac": 0.838,
        "score": 30.3,
        "level": "Moderate",
        "water_occ_pct": 22.9,
        "low_elev_frac_pct": 0.0,
        "median_elev_m": 30.1,
        "wetland_water_pct": 0.0,
        "vegetation_pct": 0.0,
        "impervious_pct": 100.0,
        "pixel_count": 25,
        "scenes_used": 40,
        "sources": [
          "sentinel-1-grd (Planetary Computer)",
          "cop-dem-glo-30",
          "esa-worldcover 2021"
        ],
        "computed_at": "2026-08-22T21:22:08.325642+00:00",
        "s2_scenes_used": 40,
        "s2_dry_season_water_occ_pct": 0.0,
        "s2_comparison_label": "major_disagreement",
        "s2_comparison_caveat": "Sentinel-2 sample is cloud-filtered (<20% cover), which excludes ~93% of rainy-season scenes (0 of 40 sampled scenes were from June/July). This field is a DRY-SEASON optical baseline, not a flood-season cross-check -- SAR-S2 spatial correlation was ~0 (r=-0.07) because the two sensors sample different seasonal populations, not because either is wrong. Do not read this as a validated QA agreement signal."
      },
      "geometry": {
        "type": "Polygon",
        "coordinates": [
          [
            [
              -0.20151169191883772,
              5.582350172063239
            ],
            [
              -0.20151169191883772,
              5.586854676567744
            ],
            [
              -0.20601619642334223,
              5.586854676567744
            ],
            [
              -0.20601619642334223,
              5.582350172063239
            ],
            [
              -0.20151169191883772,
              5.582350172063239
            ]
          ]
        ]
      }
    },
    {
      "type": "Feature",
      "properties": {
        "zone_id": "grid_r14_c18",
        "assembly": "Ayawaso Central Municipal",
        "boundary_overlap_frac": 0.578,
        "score": 26.9,
        "level": "Moderate",
        "water_occ_pct": 15.3,
        "low_elev_frac_pct": 0.0,
        "median_elev_m": 31.5,
        "wetland_water_pct": 0.0,
        "vegetation_pct": 0.0,
        "impervious_pct": 100.0,
        "pixel_count": 25,
        "scenes_used": 40,
        "sources": [
          "sentinel-1-grd (Planetary Computer)",
          "cop-dem-glo-30",
          "esa-worldcover 2021"
        ],
        "computed_at": "2026-08-22T21:22:08.326868+00:00",
        "s2_scenes_used": 40,
        "s2_dry_season_water_occ_pct": 0.0,
        "s2_comparison_label": "major_disagreement",
        "s2_comparison_caveat": "Sentinel-2 sample is cloud-filtered (<20% cover), which excludes ~93% of rainy-season scenes (0 of 40 sampled scenes were from June/July). This field is a DRY-SEASON optical baseline, not a flood-season cross-check -- SAR-S2 spatial correlation was ~0 (r=-0.07) because the two sensors sample different seasonal populations, not because either is wrong. Do not read this as a validated QA agreement signal."
      },
      "geometry": {
        "type": "Polygon",
        "coordinates": [
          [
            [
              -0.1970071874143332,
              5.582350172063239
            ],
            [
              -0.1970071874143332,
              5.586854676567744
            ],
            [
              -0.20151169191883772,
              5.586854676567744
            ],
            [
              -0.20151169191883772,
              5.582350172063239
            ],
            [
              -0.1970071874143332,
              5.582350172063239
            ]
          ]
        ]
      }
    },
    {
      "type": "Feature",
      "properties": {
        "zone_id": "grid_r15_c0",
        "assembly": "Ablekuma North Municipal",
        "boundary_overlap_frac": 0.306,
        "score": 21.4,
        "level": "Low",
        "water_occ_pct": 3.2,
        "low_elev_frac_pct": 0.0,
        "median_elev_m": 13.9,
        "wetland_water_pct": 0.0,
        "vegetation_pct": 0.0,
        "impervious_pct": 100.0,
        "pixel_count": 25,
        "scenes_used": 40,
        "sources": [
          "sentinel-1-grd (Planetary Computer)",
          "cop-dem-glo-30",
          "esa-worldcover 2021"
        ],
        "computed_at": "2026-08-22T21:22:08.328034+00:00",
        "s2_scenes_used": 40,
        "s2_dry_season_water_occ_pct": 0.0,
        "s2_comparison_label": "agree",
        "s2_comparison_caveat": "Sentinel-2 sample is cloud-filtered (<20% cover), which excludes ~93% of rainy-season scenes (0 of 40 sampled scenes were from June/July). This field is a DRY-SEASON optical baseline, not a flood-season cross-check -- SAR-S2 spatial correlation was ~0 (r=-0.07) because the two sensors sample different seasonal populations, not because either is wrong. Do not read this as a validated QA agreement signal."
      },
      "geometry": {
        "type": "Polygon",
        "coordinates": [
          [
            [
              -0.27808826849541446,
              5.586854676567744
            ],
            [
              -0.27808826849541446,
              5.5913591810722485
            ],
            [
              -0.282592772999919,
              5.5913591810722485
            ],
            [
              -0.282592772999919,
              5.586854676567744
            ],
            [
              -0.27808826849541446,
              5.586854676567744
            ]
          ]
        ]
      }
    },
    {
      "type": "Feature",
      "properties": {
        "zone_id": "grid_r15_c1",
        "assembly": "Ablekuma North Municipal",
        "boundary_overlap_frac": 0.966,
        "score": 20.9,
        "level": "Low",
        "water_occ_pct": 1.9,
        "low_elev_frac_pct": 0.0,
        "median_elev_m": 16.8,
        "wetland_water_pct": 0.0,
        "vegetation_pct": 0.0,
        "impervious_pct": 100.0,
        "pixel_count": 25,
        "scenes_used": 40,
        "sources": [
          "sentinel-1-grd (Planetary Computer)",
          "cop-dem-glo-30",
          "esa-worldcover 2021"
        ],
        "computed_at": "2026-08-22T21:22:08.329151+00:00",
        "s2_scenes_used": 40,
        "s2_dry_season_water_occ_pct": 0.0,
        "s2_comparison_label": "agree",
        "s2_comparison_caveat": "Sentinel-2 sample is cloud-filtered (<20% cover), which excludes ~93% of rainy-season scenes (0 of 40 sampled scenes were from June/July). This field is a DRY-SEASON optical baseline, not a flood-season cross-check -- SAR-S2 spatial correlation was ~0 (r=-0.07) because the two sensors sample different seasonal populations, not because either is wrong. Do not read this as a validated QA agreement signal."
      },
      "geometry": {
        "type": "Polygon",
        "coordinates": [
          [
            [
              -0.27358376399090995,
              5.586854676567744
            ],
            [
              -0.27358376399090995,
              5.5913591810722485
            ],
            [
              -0.27808826849541446,
              5.5913591810722485
            ],
            [
              -0.27808826849541446,
              5.586854676567744
            ],
            [
              -0.27358376399090995,
              5.586854676567744
            ]
          ]
        ]
      }
    },
    {
      "type": "Feature",
      "properties": {
        "zone_id": "grid_r15_c2",
        "assembly": "Ablekuma North Municipal",
        "boundary_overlap_frac": 1.0,
        "score": 21.4,
        "level": "Low",
        "water_occ_pct": 3.2,
        "low_elev_frac_pct": 0.0,
        "median_elev_m": 33.4,
        "wetland_water_pct": 0.0,
        "vegetation_pct": 0.0,
        "impervious_pct": 100.0,
        "pixel_count": 25,
        "scenes_used": 40,
        "sources": [
          "sentinel-1-grd (Planetary Computer)",
          "cop-dem-glo-30",
          "esa-worldcover 2021"
        ],
        "computed_at": "2026-08-22T21:22:08.330331+00:00",
        "s2_scenes_used": 40,
        "s2_dry_season_water_occ_pct": 0.0,
        "s2_comparison_label": "agree",
        "s2_comparison_caveat": "Sentinel-2 sample is cloud-filtered (<20% cover), which excludes ~93% of rainy-season scenes (0 of 40 sampled scenes were from June/July). This field is a DRY-SEASON optical baseline, not a flood-season cross-check -- SAR-S2 spatial correlation was ~0 (r=-0.07) because the two sensors sample different seasonal populations, not because either is wrong. Do not read this as a validated QA agreement signal."
      },
      "geometry": {
        "type": "Polygon",
        "coordinates": [
          [
            [
              -0.26907925948640543,
              5.586854676567744
            ],
            [
              -0.26907925948640543,
              5.5913591810722485
            ],
            [
              -0.27358376399090995,
              5.5913591810722485
            ],
            [
              -0.27358376399090995,
              5.586854676567744
            ],
            [
              -0.26907925948640543,
              5.586854676567744
            ]
          ]
        ]
      }
    },
    {
      "type": "Feature",
      "properties": {
        "zone_id": "grid_r15_c3",
        "assembly": "Ablekuma North Municipal",
        "boundary_overlap_frac": 1.0,
        "score": 20.8,
        "level": "Low",
        "water_occ_pct": 1.8,
        "low_elev_frac_pct": 0.0,
        "median_elev_m": 43.2,
        "wetland_water_pct": 0.0,
        "vegetation_pct": 0.0,
        "impervious_pct": 100.0,
        "pixel_count": 25,
        "scenes_used": 40,
        "sources": [
          "sentinel-1-grd (Planetary Computer)",
          "cop-dem-glo-30",
          "esa-worldcover 2021"
        ],
        "computed_at": "2026-08-22T21:22:08.331434+00:00",
        "s2_scenes_used": 40,
        "s2_dry_season_water_occ_pct": 0.0,
        "s2_comparison_label": "agree",
        "s2_comparison_caveat": "Sentinel-2 sample is cloud-filtered (<20% cover), which excludes ~93% of rainy-season scenes (0 of 40 sampled scenes were from June/July). This field is a DRY-SEASON optical baseline, not a flood-season cross-check -- SAR-S2 spatial correlation was ~0 (r=-0.07) because the two sensors sample different seasonal populations, not because either is wrong. Do not read this as a validated QA agreement signal."
      },
      "geometry": {
        "type": "Polygon",
        "coordinates": [
          [
            [
              -0.2645747549819009,
              5.586854676567744
            ],
            [
              -0.2645747549819009,
              5.5913591810722485
            ],
            [
              -0.26907925948640543,
              5.5913591810722485
            ],
            [
              -0.26907925948640543,
              5.586854676567744
            ],
            [
              -0.2645747549819009,
              5.586854676567744
            ]
          ]
        ]
      }
    },
    {
      "type": "Feature",
      "properties": {
        "zone_id": "grid_r15_c4",
        "assembly": "Ablekuma North Municipal",
        "boundary_overlap_frac": 1.0,
        "score": 21.2,
        "level": "Low",
        "water_occ_pct": 2.6,
        "low_elev_frac_pct": 0.0,
        "median_elev_m": 45.1,
        "wetland_water_pct": 0.0,
        "vegetation_pct": 0.0,
        "impervious_pct": 100.0,
        "pixel_count": 25,
        "scenes_used": 40,
        "sources": [
          "sentinel-1-grd (Planetary Computer)",
          "cop-dem-glo-30",
          "esa-worldcover 2021"
        ],
        "computed_at": "2026-08-22T21:22:08.332555+00:00",
        "s2_scenes_used": 40,
        "s2_dry_season_water_occ_pct": 0.0,
        "s2_comparison_label": "agree",
        "s2_comparison_caveat": "Sentinel-2 sample is cloud-filtered (<20% cover), which excludes ~93% of rainy-season scenes (0 of 40 sampled scenes were from June/July). This field is a DRY-SEASON optical baseline, not a flood-season cross-check -- SAR-S2 spatial correlation was ~0 (r=-0.07) because the two sensors sample different seasonal populations, not because either is wrong. Do not read this as a validated QA agreement signal."
      },
      "geometry": {
        "type": "Polygon",
        "coordinates": [
          [
            [
              -0.2600702504773964,
              5.586854676567744
            ],
            [
              -0.2600702504773964,
              5.5913591810722485
            ],
            [
              -0.2645747549819009,
              5.5913591810722485
            ],
            [
              -0.2645747549819009,
              5.586854676567744
            ],
            [
              -0.2600702504773964,
              5.586854676567744
            ]
          ]
        ]
      }
    },
    {
      "type": "Feature",
      "properties": {
        "zone_id": "grid_r15_c5",
        "assembly": "Ablekuma North Municipal",
        "boundary_overlap_frac": 1.0,
        "score": 22.1,
        "level": "Low",
        "water_occ_pct": 4.6,
        "low_elev_frac_pct": 0.0,
        "median_elev_m": 45.9,
        "wetland_water_pct": 0.0,
        "vegetation_pct": 0.0,
        "impervious_pct": 100.0,
        "pixel_count": 25,
        "scenes_used": 40,
        "sources": [
          "sentinel-1-grd (Planetary Computer)",
          "cop-dem-glo-30",
          "esa-worldcover 2021"
        ],
        "computed_at": "2026-08-22T21:22:08.333708+00:00",
        "s2_scenes_used": 40,
        "s2_dry_season_water_occ_pct": 0.0,
        "s2_comparison_label": "agree",
        "s2_comparison_caveat": "Sentinel-2 sample is cloud-filtered (<20% cover), which excludes ~93% of rainy-season scenes (0 of 40 sampled scenes were from June/July). This field is a DRY-SEASON optical baseline, not a flood-season cross-check -- SAR-S2 spatial correlation was ~0 (r=-0.07) because the two sensors sample different seasonal populations, not because either is wrong. Do not read this as a validated QA agreement signal."
      },
      "geometry": {
        "type": "Polygon",
        "coordinates": [
          [
            [
              -0.2555657459728919,
              5.586854676567744
            ],
            [
              -0.2555657459728919,
              5.5913591810722485
            ],
            [
              -0.2600702504773964,
              5.5913591810722485
            ],
            [
              -0.2600702504773964,
              5.586854676567744
            ],
            [
              -0.2555657459728919,
              5.586854676567744
            ]
          ]
        ]
      }
    },
    {
      "type": "Feature",
      "properties": {
        "zone_id": "grid_r15_c6",
        "assembly": "Ablekuma North Municipal",
        "boundary_overlap_frac": 1.0,
        "score": 20.1,
        "level": "Low",
        "water_occ_pct": 0.2,
        "low_elev_frac_pct": 0.0,
        "median_elev_m": 41.1,
        "wetland_water_pct": 0.0,
        "vegetation_pct": 0.0,
        "impervious_pct": 100.0,
        "pixel_count": 25,
        "scenes_used": 40,
        "sources": [
          "sentinel-1-grd (Planetary Computer)",
          "cop-dem-glo-30",
          "esa-worldcover 2021"
        ],
        "computed_at": "2026-08-22T21:22:08.334864+00:00",
        "s2_scenes_used": 40,
        "s2_dry_season_water_occ_pct": 0.0,
        "s2_comparison_label": "agree",
        "s2_comparison_caveat": "Sentinel-2 sample is cloud-filtered (<20% cover), which excludes ~93% of rainy-season scenes (0 of 40 sampled scenes were from June/July). This field is a DRY-SEASON optical baseline, not a flood-season cross-check -- SAR-S2 spatial correlation was ~0 (r=-0.07) because the two sensors sample different seasonal populations, not because either is wrong. Do not read this as a validated QA agreement signal."
      },
      "geometry": {
        "type": "Polygon",
        "coordinates": [
          [
            [
              -0.2510612414683874,
              5.586854676567744
            ],
            [
              -0.2510612414683874,
              5.5913591810722485
            ],
            [
              -0.2555657459728919,
              5.5913591810722485
            ],
            [
              -0.2555657459728919,
              5.586854676567744
            ],
            [
              -0.2510612414683874,
              5.586854676567744
            ]
          ]
        ]
      }
    },
    {
      "type": "Feature",
      "properties": {
        "zone_id": "grid_r15_c7",
        "assembly": "Ablekuma North Municipal",
        "boundary_overlap_frac": 1.0,
        "score": 20.5,
        "level": "Low",
        "water_occ_pct": 1.1,
        "low_elev_frac_pct": 0.0,
        "median_elev_m": 41.3,
        "wetland_water_pct": 0.0,
        "vegetation_pct": 0.0,
        "impervious_pct": 100.0,
        "pixel_count": 25,
        "scenes_used": 40,
        "sources": [
          "sentinel-1-grd (Planetary Computer)",
          "cop-dem-glo-30",
          "esa-worldcover 2021"
        ],
        "computed_at": "2026-08-22T21:22:08.336012+00:00",
        "s2_scenes_used": 40,
        "s2_dry_season_water_occ_pct": 0.0,
        "s2_comparison_label": "agree",
        "s2_comparison_caveat": "Sentinel-2 sample is cloud-filtered (<20% cover), which excludes ~93% of rainy-season scenes (0 of 40 sampled scenes were from June/July). This field is a DRY-SEASON optical baseline, not a flood-season cross-check -- SAR-S2 spatial correlation was ~0 (r=-0.07) because the two sensors sample different seasonal populations, not because either is wrong. Do not read this as a validated QA agreement signal."
      },
      "geometry": {
        "type": "Polygon",
        "coordinates": [
          [
            [
              -0.24655673696388286,
              5.586854676567744
            ],
            [
              -0.24655673696388286,
              5.5913591810722485
            ],
            [
              -0.2510612414683874,
              5.5913591810722485
            ],
            [
              -0.2510612414683874,
              5.586854676567744
            ],
            [
              -0.24655673696388286,
              5.586854676567744
            ]
          ]
        ]
      }
    },
    {
      "type": "Feature",
      "properties": {
        "zone_id": "grid_r15_c8",
        "assembly": "Ablekuma North Municipal",
        "boundary_overlap_frac": 1.0,
        "score": 22.1,
        "level": "Low",
        "water_occ_pct": 4.6,
        "low_elev_frac_pct": 0.0,
        "median_elev_m": 44.8,
        "wetland_water_pct": 0.0,
        "vegetation_pct": 0.0,
        "impervious_pct": 100.0,
        "pixel_count": 25,
        "scenes_used": 40,
        "sources": [
          "sentinel-1-grd (Planetary Computer)",
          "cop-dem-glo-30",
          "esa-worldcover 2021"
        ],
        "computed_at": "2026-08-22T21:22:08.337163+00:00",
        "s2_scenes_used": 40,
        "s2_dry_season_water_occ_pct": 0.0,
        "s2_comparison_label": "agree",
        "s2_comparison_caveat": "Sentinel-2 sample is cloud-filtered (<20% cover), which excludes ~93% of rainy-season scenes (0 of 40 sampled scenes were from June/July). This field is a DRY-SEASON optical baseline, not a flood-season cross-check -- SAR-S2 spatial correlation was ~0 (r=-0.07) because the two sensors sample different seasonal populations, not because either is wrong. Do not read this as a validated QA agreement signal."
      },
      "geometry": {
        "type": "Polygon",
        "coordinates": [
          [
            [
              -0.24205223245937835,
              5.586854676567744
            ],
            [
              -0.24205223245937835,
              5.5913591810722485
            ],
            [
              -0.24655673696388286,
              5.5913591810722485
            ],
            [
              -0.24655673696388286,
              5.586854676567744
            ],
            [
              -0.24205223245937835,
              5.586854676567744
            ]
          ]
        ]
      }
    },
    {
      "type": "Feature",
      "properties": {
        "zone_id": "grid_r15_c9",
        "assembly": "Ablekuma North Municipal",
        "boundary_overlap_frac": 1.0,
        "score": 20.1,
        "level": "Low",
        "water_occ_pct": 2.0,
        "low_elev_frac_pct": 0.0,
        "median_elev_m": 38.6,
        "wetland_water_pct": 0.0,
        "vegetation_pct": 4.0,
        "impervious_pct": 96.0,
        "pixel_count": 25,
        "scenes_used": 40,
        "sources": [
          "sentinel-1-grd (Planetary Computer)",
          "cop-dem-glo-30",
          "esa-worldcover 2021"
        ],
        "computed_at": "2026-08-22T21:22:08.338321+00:00",
        "s2_scenes_used": 40,
        "s2_dry_season_water_occ_pct": 0.0,
        "s2_comparison_label": "agree",
        "s2_comparison_caveat": "Sentinel-2 sample is cloud-filtered (<20% cover), which excludes ~93% of rainy-season scenes (0 of 40 sampled scenes were from June/July). This field is a DRY-SEASON optical baseline, not a flood-season cross-check -- SAR-S2 spatial correlation was ~0 (r=-0.07) because the two sensors sample different seasonal populations, not because either is wrong. Do not read this as a validated QA agreement signal."
      },
      "geometry": {
        "type": "Polygon",
        "coordinates": [
          [
            [
              -0.23754772795487383,
              5.586854676567744
            ],
            [
              -0.23754772795487383,
              5.5913591810722485
            ],
            [
              -0.24205223245937835,
              5.5913591810722485
            ],
            [
              -0.24205223245937835,
              5.586854676567744
            ],
            [
              -0.23754772795487383,
              5.586854676567744
            ]
          ]
        ]
      }
    },
    {
      "type": "Feature",
      "properties": {
        "zone_id": "grid_r15_c10",
        "assembly": "Ablekuma North Municipal",
        "boundary_overlap_frac": 1.0,
        "score": 23.9,
        "level": "Low",
        "water_occ_pct": 8.7,
        "low_elev_frac_pct": 0.0,
        "median_elev_m": 37.8,
        "wetland_water_pct": 0.0,
        "vegetation_pct": 0.0,
        "impervious_pct": 100.0,
        "pixel_count": 25,
        "scenes_used": 40,
        "sources": [
          "sentinel-1-grd (Planetary Computer)",
          "cop-dem-glo-30",
          "esa-worldcover 2021"
        ],
        "computed_at": "2026-08-22T21:22:08.339516+00:00",
        "s2_scenes_used": 40,
        "s2_dry_season_water_occ_pct": 0.0,
        "s2_comparison_label": "minor_disagreement",
        "s2_comparison_caveat": "Sentinel-2 sample is cloud-filtered (<20% cover), which excludes ~93% of rainy-season scenes (0 of 40 sampled scenes were from June/July). This field is a DRY-SEASON optical baseline, not a flood-season cross-check -- SAR-S2 spatial correlation was ~0 (r=-0.07) because the two sensors sample different seasonal populations, not because either is wrong. Do not read this as a validated QA agreement signal."
      },
      "geometry": {
        "type": "Polygon",
        "coordinates": [
          [
            [
              -0.23304322345036932,
              5.586854676567744
            ],
            [
              -0.23304322345036932,
              5.5913591810722485
            ],
            [
              -0.23754772795487383,
              5.5913591810722485
            ],
            [
              -0.23754772795487383,
              5.586854676567744
            ],
            [
              -0.23304322345036932,
              5.586854676567744
            ]
          ]
        ]
      }
    },
    {
      "type": "Feature",
      "properties": {
        "zone_id": "grid_r15_c11",
        "assembly": "Ablekuma North Municipal",
        "boundary_overlap_frac": 1.0,
        "score": 27.5,
        "level": "Moderate",
        "water_occ_pct": 16.6,
        "low_elev_frac_pct": 0.0,
        "median_elev_m": 29.5,
        "wetland_water_pct": 0.0,
        "vegetation_pct": 0.0,
        "impervious_pct": 100.0,
        "pixel_count": 25,
        "scenes_used": 40,
        "sources": [
          "sentinel-1-grd (Planetary Computer)",
          "cop-dem-glo-30",
          "esa-worldcover 2021"
        ],
        "computed_at": "2026-08-22T21:22:08.340440+00:00",
        "s2_scenes_used": 40,
        "s2_dry_season_water_occ_pct": 0.0,
        "s2_comparison_label": "major_disagreement",
        "s2_comparison_caveat": "Sentinel-2 sample is cloud-filtered (<20% cover), which excludes ~93% of rainy-season scenes (0 of 40 sampled scenes were from June/July). This field is a DRY-SEASON optical baseline, not a flood-season cross-check -- SAR-S2 spatial correlation was ~0 (r=-0.07) because the two sensors sample different seasonal populations, not because either is wrong. Do not read this as a validated QA agreement signal."
      },
      "geometry": {
        "type": "Polygon",
        "coordinates": [
          [
            [
              -0.2285387189458648,
              5.586854676567744
            ],
            [
              -0.2285387189458648,
              5.5913591810722485
            ],
            [
              -0.23304322345036932,
              5.5913591810722485
            ],
            [
              -0.23304322345036932,
              5.586854676567744
            ],
            [
              -0.2285387189458648,
              5.586854676567744
            ]
          ]
        ]
      }
    },
    {
      "type": "Feature",
      "properties": {
        "zone_id": "grid_r15_c12",
        "assembly": "Ablekuma North Municipal",
        "boundary_overlap_frac": 1.0,
        "score": 23.0,
        "level": "Low",
        "water_occ_pct": 10.2,
        "low_elev_frac_pct": 0.0,
        "median_elev_m": 18.2,
        "wetland_water_pct": 0.0,
        "vegetation_pct": 8.0,
        "impervious_pct": 92.0,
        "pixel_count": 25,
        "scenes_used": 40,
        "sources": [
          "sentinel-1-grd (Planetary Computer)",
          "cop-dem-glo-30",
          "esa-worldcover 2021"
        ],
        "computed_at": "2026-08-22T21:22:08.341298+00:00",
        "s2_scenes_used": 40,
        "s2_dry_season_water_occ_pct": 0.0,
        "s2_comparison_label": "minor_disagreement",
        "s2_comparison_caveat": "Sentinel-2 sample is cloud-filtered (<20% cover), which excludes ~93% of rainy-season scenes (0 of 40 sampled scenes were from June/July). This field is a DRY-SEASON optical baseline, not a flood-season cross-check -- SAR-S2 spatial correlation was ~0 (r=-0.07) because the two sensors sample different seasonal populations, not because either is wrong. Do not read this as a validated QA agreement signal."
      },
      "geometry": {
        "type": "Polygon",
        "coordinates": [
          [
            [
              -0.2240342144413603,
              5.586854676567744
            ],
            [
              -0.2240342144413603,
              5.5913591810722485
            ],
            [
              -0.2285387189458648,
              5.5913591810722485
            ],
            [
              -0.2285387189458648,
              5.586854676567744
            ],
            [
              -0.2240342144413603,
              5.586854676567744
            ]
          ]
        ]
      }
    },
    {
      "type": "Feature",
      "properties": {
        "zone_id": "grid_r15_c13",
        "assembly": "Ablekuma North Municipal",
        "boundary_overlap_frac": 1.0,
        "score": 19.5,
        "level": "Low",
        "water_occ_pct": 7.7,
        "low_elev_frac_pct": 0.0,
        "median_elev_m": 15.7,
        "wetland_water_pct": 0.0,
        "vegetation_pct": 20.0,
        "impervious_pct": 80.0,
        "pixel_count": 25,
        "scenes_used": 40,
        "sources": [
          "sentinel-1-grd (Planetary Computer)",
          "cop-dem-glo-30",
          "esa-worldcover 2021"
        ],
        "computed_at": "2026-08-22T21:22:08.342138+00:00",
        "s2_scenes_used": 40,
        "s2_dry_season_water_occ_pct": 0.0,
        "s2_comparison_label": "minor_disagreement",
        "s2_comparison_caveat": "Sentinel-2 sample is cloud-filtered (<20% cover), which excludes ~93% of rainy-season scenes (0 of 40 sampled scenes were from June/July). This field is a DRY-SEASON optical baseline, not a flood-season cross-check -- SAR-S2 spatial correlation was ~0 (r=-0.07) because the two sensors sample different seasonal populations, not because either is wrong. Do not read this as a validated QA agreement signal."
      },
      "geometry": {
        "type": "Polygon",
        "coordinates": [
          [
            [
              -0.21952970993685578,
              5.586854676567744
            ],
            [
              -0.21952970993685578,
              5.5913591810722485
            ],
            [
              -0.2240342144413603,
              5.5913591810722485
            ],
            [
              -0.2240342144413603,
              5.586854676567744
            ],
            [
              -0.21952970993685578,
              5.586854676567744
            ]
          ]
        ]
      }
    },
    {
      "type": "Feature",
      "properties": {
        "zone_id": "grid_r15_c14",
        "assembly": "Ablekuma North Municipal",
        "boundary_overlap_frac": 1.0,
        "score": 19.0,
        "level": "Low",
        "water_occ_pct": 4.8,
        "low_elev_frac_pct": 0.0,
        "median_elev_m": 9.3,
        "wetland_water_pct": 0.0,
        "vegetation_pct": 16.0,
        "impervious_pct": 84.0,
        "pixel_count": 25,
        "scenes_used": 40,
        "sources": [
          "sentinel-1-grd (Planetary Computer)",
          "cop-dem-glo-30",
          "esa-worldcover 2021"
        ],
        "computed_at": "2026-08-22T21:22:08.342984+00:00",
        "s2_scenes_used": 40,
        "s2_dry_season_water_occ_pct": 0.0,
        "s2_comparison_label": "agree",
        "s2_comparison_caveat": "Sentinel-2 sample is cloud-filtered (<20% cover), which excludes ~93% of rainy-season scenes (0 of 40 sampled scenes were from June/July). This field is a DRY-SEASON optical baseline, not a flood-season cross-check -- SAR-S2 spatial correlation was ~0 (r=-0.07) because the two sensors sample different seasonal populations, not because either is wrong. Do not read this as a validated QA agreement signal."
      },
      "geometry": {
        "type": "Polygon",
        "coordinates": [
          [
            [
              -0.21502520543235126,
              5.586854676567744
            ],
            [
              -0.21502520543235126,
              5.5913591810722485
            ],
            [
              -0.21952970993685578,
              5.5913591810722485
            ],
            [
              -0.21952970993685578,
              5.586854676567744
            ],
            [
              -0.21502520543235126,
              5.586854676567744
            ]
          ]
        ]
      }
    },
    {
      "type": "Feature",
      "properties": {
        "zone_id": "grid_r15_c15",
        "assembly": "Ablekuma North Municipal",
        "boundary_overlap_frac": 0.73,
        "score": 24.3,
        "level": "Low",
        "water_occ_pct": 9.6,
        "low_elev_frac_pct": 0.0,
        "median_elev_m": 12.3,
        "wetland_water_pct": 0.0,
        "vegetation_pct": 0.0,
        "impervious_pct": 100.0,
        "pixel_count": 25,
        "scenes_used": 40,
        "sources": [
          "sentinel-1-grd (Planetary Computer)",
          "cop-dem-glo-30",
          "esa-worldcover 2021"
        ],
        "computed_at": "2026-08-22T21:22:08.343807+00:00",
        "s2_scenes_used": 40,
        "s2_dry_season_water_occ_pct": 0.0,
        "s2_comparison_label": "minor_disagreement",
        "s2_comparison_caveat": "Sentinel-2 sample is cloud-filtered (<20% cover), which excludes ~93% of rainy-season scenes (0 of 40 sampled scenes were from June/July). This field is a DRY-SEASON optical baseline, not a flood-season cross-check -- SAR-S2 spatial correlation was ~0 (r=-0.07) because the two sensors sample different seasonal populations, not because either is wrong. Do not read this as a validated QA agreement signal."
      },
      "geometry": {
        "type": "Polygon",
        "coordinates": [
          [
            [
              -0.21052070092784675,
              5.586854676567744
            ],
            [
              -0.21052070092784675,
              5.5913591810722485
            ],
            [
              -0.21502520543235126,
              5.5913591810722485
            ],
            [
              -0.21502520543235126,
              5.586854676567744
            ],
            [
              -0.21052070092784675,
              5.586854676567744
            ]
          ]
        ]
      }
    },
    {
      "type": "Feature",
      "properties": {
        "zone_id": "grid_r16_c1",
        "assembly": "Ablekuma North Municipal",
        "boundary_overlap_frac": 0.225,
        "score": 20.3,
        "level": "Low",
        "water_occ_pct": 0.6,
        "low_elev_frac_pct": 0.0,
        "median_elev_m": 17.3,
        "wetland_water_pct": 0.0,
        "vegetation_pct": 0.0,
        "impervious_pct": 100.0,
        "pixel_count": 25,
        "scenes_used": 40,
        "sources": [
          "sentinel-1-grd (Planetary Computer)",
          "cop-dem-glo-30",
          "esa-worldcover 2021"
        ],
        "computed_at": "2026-08-22T21:22:08.344599+00:00",
        "s2_scenes_used": 40,
        "s2_dry_season_water_occ_pct": 0.0,
        "s2_comparison_label": "agree",
        "s2_comparison_caveat": "Sentinel-2 sample is cloud-filtered (<20% cover), which excludes ~93% of rainy-season scenes (0 of 40 sampled scenes were from June/July). This field is a DRY-SEASON optical baseline, not a flood-season cross-check -- SAR-S2 spatial correlation was ~0 (r=-0.07) because the two sensors sample different seasonal populations, not because either is wrong. Do not read this as a validated QA agreement signal."
      },
      "geometry": {
        "type": "Polygon",
        "coordinates": [
          [
            [
              -0.27358376399090995,
              5.5913591810722485
            ],
            [
              -0.27358376399090995,
              5.595863685576753
            ],
            [
              -0.27808826849541446,
              5.595863685576753
            ],
            [
              -0.27808826849541446,
              5.5913591810722485
            ],
            [
              -0.27358376399090995,
              5.5913591810722485
            ]
          ]
        ]
      }
    },
    {
      "type": "Feature",
      "properties": {
        "zone_id": "grid_r16_c2",
        "assembly": "Ablekuma North Municipal",
        "boundary_overlap_frac": 0.967,
        "score": 20.9,
        "level": "Low",
        "water_occ_pct": 1.9,
        "low_elev_frac_pct": 0.0,
        "median_elev_m": 22.6,
        "wetland_water_pct": 0.0,
        "vegetation_pct": 0.0,
        "impervious_pct": 100.0,
        "pixel_count": 25,
        "scenes_used": 40,
        "sources": [
          "sentinel-1-grd (Planetary Computer)",
          "cop-dem-glo-30",
          "esa-worldcover 2021"
        ],
        "computed_at": "2026-08-22T21:22:08.345413+00:00",
        "s2_scenes_used": 40,
        "s2_dry_season_water_occ_pct": 0.0,
        "s2_comparison_label": "agree",
        "s2_comparison_caveat": "Sentinel-2 sample is cloud-filtered (<20% cover), which excludes ~93% of rainy-season scenes (0 of 40 sampled scenes were from June/July). This field is a DRY-SEASON optical baseline, not a flood-season cross-check -- SAR-S2 spatial correlation was ~0 (r=-0.07) because the two sensors sample different seasonal populations, not because either is wrong. Do not read this as a validated QA agreement signal."
      },
      "geometry": {
        "type": "Polygon",
        "coordinates": [
          [
            [
              -0.26907925948640543,
              5.5913591810722485
            ],
            [
              -0.26907925948640543,
              5.595863685576753
            ],
            [
              -0.27358376399090995,
              5.595863685576753
            ],
            [
              -0.27358376399090995,
              5.5913591810722485
            ],
            [
              -0.26907925948640543,
              5.5913591810722485
            ]
          ]
        ]
      }
    },
    {
      "type": "Feature",
      "properties": {
        "zone_id": "grid_r16_c3",
        "assembly": "Ablekuma North Municipal",
        "boundary_overlap_frac": 1.0,
        "score": 20.3,
        "level": "Low",
        "water_occ_pct": 0.6,
        "low_elev_frac_pct": 0.0,
        "median_elev_m": 31.6,
        "wetland_water_pct": 0.0,
        "vegetation_pct": 0.0,
        "impervious_pct": 100.0,
        "pixel_count": 25,
        "scenes_used": 40,
        "sources": [
          "sentinel-1-grd (Planetary Computer)",
          "cop-dem-glo-30",
          "esa-worldcover 2021"
        ],
        "computed_at": "2026-08-22T21:22:08.346235+00:00",
        "s2_scenes_used": 40,
        "s2_dry_season_water_occ_pct": 0.0,
        "s2_comparison_label": "agree",
        "s2_comparison_caveat": "Sentinel-2 sample is cloud-filtered (<20% cover), which excludes ~93% of rainy-season scenes (0 of 40 sampled scenes were from June/July). This field is a DRY-SEASON optical baseline, not a flood-season cross-check -- SAR-S2 spatial correlation was ~0 (r=-0.07) because the two sensors sample different seasonal populations, not because either is wrong. Do not read this as a validated QA agreement signal."
      },
      "geometry": {
        "type": "Polygon",
        "coordinates": [
          [
            [
              -0.2645747549819009,
              5.5913591810722485
            ],
            [
              -0.2645747549819009,
              5.595863685576753
            ],
            [
              -0.26907925948640543,
              5.595863685576753
            ],
            [
              -0.26907925948640543,
              5.5913591810722485
            ],
            [
              -0.2645747549819009,
              5.5913591810722485
            ]
          ]
        ]
      }
    },
    {
      "type": "Feature",
      "properties": {
        "zone_id": "grid_r16_c4",
        "assembly": "Ablekuma North Municipal",
        "boundary_overlap_frac": 1.0,
        "score": 21.1,
        "level": "Low",
        "water_occ_pct": 2.5,
        "low_elev_frac_pct": 0.0,
        "median_elev_m": 50.2,
        "wetland_water_pct": 0.0,
        "vegetation_pct": 0.0,
        "impervious_pct": 100.0,
        "pixel_count": 25,
        "scenes_used": 40,
        "sources": [
          "sentinel-1-grd (Planetary Computer)",
          "cop-dem-glo-30",
          "esa-worldcover 2021"
        ],
        "computed_at": "2026-08-22T21:22:08.347048+00:00",
        "s2_scenes_used": 40,
        "s2_dry_season_water_occ_pct": 0.0,
        "s2_comparison_label": "agree",
        "s2_comparison_caveat": "Sentinel-2 sample is cloud-filtered (<20% cover), which excludes ~93% of rainy-season scenes (0 of 40 sampled scenes were from June/July). This field is a DRY-SEASON optical baseline, not a flood-season cross-check -- SAR-S2 spatial correlation was ~0 (r=-0.07) because the two sensors sample different seasonal populations, not because either is wrong. Do not read this as a validated QA agreement signal."
      },
      "geometry": {
        "type": "Polygon",
        "coordinates": [
          [
            [
              -0.2600702504773964,
              5.5913591810722485
            ],
            [
              -0.2600702504773964,
              5.595863685576753
            ],
            [
              -0.2645747549819009,
              5.595863685576753
            ],
            [
              -0.2645747549819009,
              5.5913591810722485
            ],
            [
              -0.2600702504773964,
              5.5913591810722485
            ]
          ]
        ]
      }
    },
    {
      "type": "Feature",
      "properties": {
        "zone_id": "grid_r16_c5",
        "assembly": "Ablekuma North Municipal",
        "boundary_overlap_frac": 1.0,
        "score": 23.4,
        "level": "Low",
        "water_occ_pct": 7.5,
        "low_elev_frac_pct": 0.0,
        "median_elev_m": 57.2,
        "wetland_water_pct": 0.0,
        "vegetation_pct": 0.0,
        "impervious_pct": 100.0,
        "pixel_count": 25,
        "scenes_used": 40,
        "sources": [
          "sentinel-1-grd (Planetary Computer)",
          "cop-dem-glo-30",
          "esa-worldcover 2021"
        ],
        "computed_at": "2026-08-22T21:22:08.347852+00:00",
        "s2_scenes_used": 40,
        "s2_dry_season_water_occ_pct": 0.0,
        "s2_comparison_label": "minor_disagreement",
        "s2_comparison_caveat": "Sentinel-2 sample is cloud-filtered (<20% cover), which excludes ~93% of rainy-season scenes (0 of 40 sampled scenes were from June/July). This field is a DRY-SEASON optical baseline, not a flood-season cross-check -- SAR-S2 spatial correlation was ~0 (r=-0.07) because the two sensors sample different seasonal populations, not because either is wrong. Do not read this as a validated QA agreement signal."
      },
      "geometry": {
        "type": "Polygon",
        "coordinates": [
          [
            [
              -0.2555657459728919,
              5.5913591810722485
            ],
            [
              -0.2555657459728919,
              5.595863685576753
            ],
            [
              -0.2600702504773964,
              5.595863685576753
            ],
            [
              -0.2600702504773964,
              5.5913591810722485
            ],
            [
              -0.2555657459728919,
              5.5913591810722485
            ]
          ]
        ]
      }
    },
    {
      "type": "Feature",
      "properties": {
        "zone_id": "grid_r16_c6",
        "assembly": "Ablekuma North Municipal",
        "boundary_overlap_frac": 1.0,
        "score": 20.9,
        "level": "Low",
        "water_occ_pct": 2.0,
        "low_elev_frac_pct": 0.0,
        "median_elev_m": 49.2,
        "wetland_water_pct": 0.0,
        "vegetation_pct": 0.0,
        "impervious_pct": 100.0,
        "pixel_count": 25,
        "scenes_used": 40,
        "sources": [
          "sentinel-1-grd (Planetary Computer)",
          "cop-dem-glo-30",
          "esa-worldcover 2021"
        ],
        "computed_at": "2026-08-22T21:22:08.348633+00:00",
        "s2_scenes_used": 40,
        "s2_dry_season_water_occ_pct": 0.0,
        "s2_comparison_label": "agree",
        "s2_comparison_caveat": "Sentinel-2 sample is cloud-filtered (<20% cover), which excludes ~93% of rainy-season scenes (0 of 40 sampled scenes were from June/July). This field is a DRY-SEASON optical baseline, not a flood-season cross-check -- SAR-S2 spatial correlation was ~0 (r=-0.07) because the two sensors sample different seasonal populations, not because either is wrong. Do not read this as a validated QA agreement signal."
      },
      "geometry": {
        "type": "Polygon",
        "coordinates": [
          [
            [
              -0.2510612414683874,
              5.5913591810722485
            ],
            [
              -0.2510612414683874,
              5.595863685576753
            ],
            [
              -0.2555657459728919,
              5.595863685576753
            ],
            [
              -0.2555657459728919,
              5.5913591810722485
            ],
            [
              -0.2510612414683874,
              5.5913591810722485
            ]
          ]
        ]
      }
    },
    {
      "type": "Feature",
      "properties": {
        "zone_id": "grid_r16_c7",
        "assembly": "Ablekuma North Municipal",
        "boundary_overlap_frac": 1.0,
        "score": 21.3,
        "level": "Low",
        "water_occ_pct": 2.9,
        "low_elev_frac_pct": 0.0,
        "median_elev_m": 33.5,
        "wetland_water_pct": 0.0,
        "vegetation_pct": 0.0,
        "impervious_pct": 100.0,
        "pixel_count": 25,
        "scenes_used": 40,
        "sources": [
          "sentinel-1-grd (Planetary Computer)",
          "cop-dem-glo-30",
          "esa-worldcover 2021"
        ],
        "computed_at": "2026-08-22T21:22:08.349444+00:00",
        "s2_scenes_used": 40,
        "s2_dry_season_water_occ_pct": 0.0,
        "s2_comparison_label": "agree",
        "s2_comparison_caveat": "Sentinel-2 sample is cloud-filtered (<20% cover), which excludes ~93% of rainy-season scenes (0 of 40 sampled scenes were from June/July). This field is a DRY-SEASON optical baseline, not a flood-season cross-check -- SAR-S2 spatial correlation was ~0 (r=-0.07) because the two sensors sample different seasonal populations, not because either is wrong. Do not read this as a validated QA agreement signal."
      },
      "geometry": {
        "type": "Polygon",
        "coordinates": [
          [
            [
              -0.24655673696388286,
              5.5913591810722485
            ],
            [
              -0.24655673696388286,
              5.595863685576753
            ],
            [
              -0.2510612414683874,
              5.595863685576753
            ],
            [
              -0.2510612414683874,
              5.5913591810722485
            ],
            [
              -0.24655673696388286,
              5.5913591810722485
            ]
          ]
        ]
      }
    },
    {
      "type": "Feature",
      "properties": {
        "zone_id": "grid_r16_c8",
        "assembly": "Ablekuma North Municipal",
        "boundary_overlap_frac": 0.933,
        "score": 21.7,
        "level": "Low",
        "water_occ_pct": 3.8,
        "low_elev_frac_pct": 0.0,
        "median_elev_m": 29.5,
        "wetland_water_pct": 0.0,
        "vegetation_pct": 0.0,
        "impervious_pct": 100.0,
        "pixel_count": 25,
        "scenes_used": 40,
        "sources": [
          "sentinel-1-grd (Planetary Computer)",
          "cop-dem-glo-30",
          "esa-worldcover 2021"
        ],
        "computed_at": "2026-08-22T21:22:08.350278+00:00",
        "s2_scenes_used": 40,
        "s2_dry_season_water_occ_pct": 0.0,
        "s2_comparison_label": "agree",
        "s2_comparison_caveat": "Sentinel-2 sample is cloud-filtered (<20% cover), which excludes ~93% of rainy-season scenes (0 of 40 sampled scenes were from June/July). This field is a DRY-SEASON optical baseline, not a flood-season cross-check -- SAR-S2 spatial correlation was ~0 (r=-0.07) because the two sensors sample different seasonal populations, not because either is wrong. Do not read this as a validated QA agreement signal."
      },
      "geometry": {
        "type": "Polygon",
        "coordinates": [
          [
            [
              -0.24205223245937835,
              5.5913591810722485
            ],
            [
              -0.24205223245937835,
              5.595863685576753
            ],
            [
              -0.24655673696388286,
              5.595863685576753
            ],
            [
              -0.24655673696388286,
              5.5913591810722485
            ],
            [
              -0.24205223245937835,
              5.5913591810722485
            ]
          ]
        ]
      }
    },
    {
      "type": "Feature",
      "properties": {
        "zone_id": "grid_r16_c9",
        "assembly": "Ablekuma North Municipal",
        "boundary_overlap_frac": 0.856,
        "score": 22.3,
        "level": "Low",
        "water_occ_pct": 5.2,
        "low_elev_frac_pct": 0.0,
        "median_elev_m": 25.5,
        "wetland_water_pct": 0.0,
        "vegetation_pct": 0.0,
        "impervious_pct": 100.0,
        "pixel_count": 25,
        "scenes_used": 40,
        "sources": [
          "sentinel-1-grd (Planetary Computer)",
          "cop-dem-glo-30",
          "esa-worldcover 2021"
        ],
        "computed_at": "2026-08-22T21:22:08.351099+00:00",
        "s2_scenes_used": 40,
        "s2_dry_season_water_occ_pct": 0.0,
        "s2_comparison_label": "minor_disagreement",
        "s2_comparison_caveat": "Sentinel-2 sample is cloud-filtered (<20% cover), which excludes ~93% of rainy-season scenes (0 of 40 sampled scenes were from June/July). This field is a DRY-SEASON optical baseline, not a flood-season cross-check -- SAR-S2 spatial correlation was ~0 (r=-0.07) because the two sensors sample different seasonal populations, not because either is wrong. Do not read this as a validated QA agreement signal."
      },
      "geometry": {
        "type": "Polygon",
        "coordinates": [
          [
            [
              -0.23754772795487383,
              5.5913591810722485
            ],
            [
              -0.23754772795487383,
              5.595863685576753
            ],
            [
              -0.24205223245937835,
              5.595863685576753
            ],
            [
              -0.24205223245937835,
              5.5913591810722485
            ],
            [
              -0.23754772795487383,
              5.5913591810722485
            ]
          ]
        ]
      }
    },
    {
      "type": "Feature",
      "properties": {
        "zone_id": "grid_r16_c10",
        "assembly": "Ablekuma North Municipal",
        "boundary_overlap_frac": 0.841,
        "score": 26.1,
        "level": "Moderate",
        "water_occ_pct": 13.6,
        "low_elev_frac_pct": 0.0,
        "median_elev_m": 24.7,
        "wetland_water_pct": 0.0,
        "vegetation_pct": 0.0,
        "impervious_pct": 100.0,
        "pixel_count": 25,
        "scenes_used": 40,
        "sources": [
          "sentinel-1-grd (Planetary Computer)",
          "cop-dem-glo-30",
          "esa-worldcover 2021"
        ],
        "computed_at": "2026-08-22T21:22:08.351942+00:00",
        "s2_scenes_used": 40,
        "s2_dry_season_water_occ_pct": 0.0,
        "s2_comparison_label": "minor_disagreement",
        "s2_comparison_caveat": "Sentinel-2 sample is cloud-filtered (<20% cover), which excludes ~93% of rainy-season scenes (0 of 40 sampled scenes were from June/July). This field is a DRY-SEASON optical baseline, not a flood-season cross-check -- SAR-S2 spatial correlation was ~0 (r=-0.07) because the two sensors sample different seasonal populations, not because either is wrong. Do not read this as a validated QA agreement signal."
      },
      "geometry": {
        "type": "Polygon",
        "coordinates": [
          [
            [
              -0.23304322345036932,
              5.5913591810722485
            ],
            [
              -0.23304322345036932,
              5.595863685576753
            ],
            [
              -0.23754772795487383,
              5.595863685576753
            ],
            [
              -0.23754772795487383,
              5.5913591810722485
            ],
            [
              -0.23304322345036932,
              5.5913591810722485
            ]
          ]
        ]
      }
    },
    {
      "type": "Feature",
      "properties": {
        "zone_id": "grid_r16_c11",
        "assembly": "Ablekuma North Municipal",
        "boundary_overlap_frac": 0.899,
        "score": 32.4,
        "level": "Moderate",
        "water_occ_pct": 27.5,
        "low_elev_frac_pct": 0.0,
        "median_elev_m": 22.1,
        "wetland_water_pct": 0.0,
        "vegetation_pct": 0.0,
        "impervious_pct": 100.0,
        "pixel_count": 25,
        "scenes_used": 40,
        "sources": [
          "sentinel-1-grd (Planetary Computer)",
          "cop-dem-glo-30",
          "esa-worldcover 2021"
        ],
        "computed_at": "2026-08-22T21:22:08.352777+00:00",
        "s2_scenes_used": 40,
        "s2_dry_season_water_occ_pct": 0.0,
        "s2_comparison_label": "major_disagreement",
        "s2_comparison_caveat": "Sentinel-2 sample is cloud-filtered (<20% cover), which excludes ~93% of rainy-season scenes (0 of 40 sampled scenes were from June/July). This field is a DRY-SEASON optical baseline, not a flood-season cross-check -- SAR-S2 spatial correlation was ~0 (r=-0.07) because the two sensors sample different seasonal populations, not because either is wrong. Do not read this as a validated QA agreement signal."
      },
      "geometry": {
        "type": "Polygon",
        "coordinates": [
          [
            [
              -0.2285387189458648,
              5.5913591810722485
            ],
            [
              -0.2285387189458648,
              5.595863685576753
            ],
            [
              -0.23304322345036932,
              5.595863685576753
            ],
            [
              -0.23304322345036932,
              5.5913591810722485
            ],
            [
              -0.2285387189458648,
              5.5913591810722485
            ]
          ]
        ]
      }
    },
    {
      "type": "Feature",
      "properties": {
        "zone_id": "grid_r16_c12",
        "assembly": "Ablekuma North Municipal",
        "boundary_overlap_frac": 1.0,
        "score": 24.9,
        "level": "Low",
        "water_occ_pct": 12.7,
        "low_elev_frac_pct": 0.0,
        "median_elev_m": 27.4,
        "wetland_water_pct": 0.0,
        "vegetation_pct": 4.0,
        "impervious_pct": 96.0,
        "pixel_count": 25,
        "scenes_used": 40,
        "sources": [
          "sentinel-1-grd (Planetary Computer)",
          "cop-dem-glo-30",
          "esa-worldcover 2021"
        ],
        "computed_at": "2026-08-22T21:22:08.353575+00:00",
        "s2_scenes_used": 40,
        "s2_dry_season_water_occ_pct": 0.0,
        "s2_comparison_label": "minor_disagreement",
        "s2_comparison_caveat": "Sentinel-2 sample is cloud-filtered (<20% cover), which excludes ~93% of rainy-season scenes (0 of 40 sampled scenes were from June/July). This field is a DRY-SEASON optical baseline, not a flood-season cross-check -- SAR-S2 spatial correlation was ~0 (r=-0.07) because the two sensors sample different seasonal populations, not because either is wrong. Do not read this as a validated QA agreement signal."
      },
      "geometry": {
        "type": "Polygon",
        "coordinates": [
          [
            [
              -0.2240342144413603,
              5.5913591810722485
            ],
            [
              -0.2240342144413603,
              5.595863685576753
            ],
            [
              -0.2285387189458648,
              5.595863685576753
            ],
            [
              -0.2285387189458648,
              5.5913591810722485
            ],
            [
              -0.2240342144413603,
              5.5913591810722485
            ]
          ]
        ]
      }
    },
    {
      "type": "Feature",
      "properties": {
        "zone_id": "grid_r16_c13",
        "assembly": "Ablekuma North Municipal",
        "boundary_overlap_frac": 1.0,
        "score": 23.7,
        "level": "Low",
        "water_occ_pct": 11.8,
        "low_elev_frac_pct": 0.0,
        "median_elev_m": 24.2,
        "wetland_water_pct": 0.0,
        "vegetation_pct": 8.0,
        "impervious_pct": 92.0,
        "pixel_count": 25,
        "scenes_used": 40,
        "sources": [
          "sentinel-1-grd (Planetary Computer)",
          "cop-dem-glo-30",
          "esa-worldcover 2021"
        ],
        "computed_at": "2026-08-22T21:22:08.354420+00:00",
        "s2_scenes_used": 40,
        "s2_dry_season_water_occ_pct": 0.0,
        "s2_comparison_label": "minor_disagreement",
        "s2_comparison_caveat": "Sentinel-2 sample is cloud-filtered (<20% cover), which excludes ~93% of rainy-season scenes (0 of 40 sampled scenes were from June/July). This field is a DRY-SEASON optical baseline, not a flood-season cross-check -- SAR-S2 spatial correlation was ~0 (r=-0.07) because the two sensors sample different seasonal populations, not because either is wrong. Do not read this as a validated QA agreement signal."
      },
      "geometry": {
        "type": "Polygon",
        "coordinates": [
          [
            [
              -0.21952970993685578,
              5.5913591810722485
            ],
            [
              -0.21952970993685578,
              5.595863685576753
            ],
            [
              -0.2240342144413603,
              5.595863685576753
            ],
            [
              -0.2240342144413603,
              5.5913591810722485
            ],
            [
              -0.21952970993685578,
              5.5913591810722485
            ]
          ]
        ]
      }
    },
    {
      "type": "Feature",
      "properties": {
        "zone_id": "grid_r16_c14",
        "assembly": "Ablekuma North Municipal",
        "boundary_overlap_frac": 1.0,
        "score": 25.1,
        "level": "Moderate",
        "water_occ_pct": 11.3,
        "low_elev_frac_pct": 0.0,
        "median_elev_m": 10.6,
        "wetland_water_pct": 0.0,
        "vegetation_pct": 0.0,
        "impervious_pct": 100.0,
        "pixel_count": 25,
        "scenes_used": 40,
        "sources": [
          "sentinel-1-grd (Planetary Computer)",
          "cop-dem-glo-30",
          "esa-worldcover 2021"
        ],
        "computed_at": "2026-08-22T21:22:08.355227+00:00",
        "s2_scenes_used": 40,
        "s2_dry_season_water_occ_pct": 0.0,
        "s2_comparison_label": "minor_disagreement",
        "s2_comparison_caveat": "Sentinel-2 sample is cloud-filtered (<20% cover), which excludes ~93% of rainy-season scenes (0 of 40 sampled scenes were from June/July). This field is a DRY-SEASON optical baseline, not a flood-season cross-check -- SAR-S2 spatial correlation was ~0 (r=-0.07) because the two sensors sample different seasonal populations, not because either is wrong. Do not read this as a validated QA agreement signal."
      },
      "geometry": {
        "type": "Polygon",
        "coordinates": [
          [
            [
              -0.21502520543235126,
              5.5913591810722485
            ],
            [
              -0.21502520543235126,
              5.595863685576753
            ],
            [
              -0.21952970993685578,
              5.595863685576753
            ],
            [
              -0.21952970993685578,
              5.5913591810722485
            ],
            [
              -0.21502520543235126,
              5.5913591810722485
            ]
          ]
        ]
      }
    },
    {
      "type": "Feature",
      "properties": {
        "zone_id": "grid_r16_c15",
        "assembly": "Ablekuma North Municipal",
        "boundary_overlap_frac": 0.339,
        "score": 22.5,
        "level": "Low",
        "water_occ_pct": 5.6,
        "low_elev_frac_pct": 0.0,
        "median_elev_m": 10.9,
        "wetland_water_pct": 0.0,
        "vegetation_pct": 0.0,
        "impervious_pct": 100.0,
        "pixel_count": 25,
        "scenes_used": 40,
        "sources": [
          "sentinel-1-grd (Planetary Computer)",
          "cop-dem-glo-30",
          "esa-worldcover 2021"
        ],
        "computed_at": "2026-08-22T21:22:08.356034+00:00",
        "s2_scenes_used": 40,
        "s2_dry_season_water_occ_pct": 0.0,
        "s2_comparison_label": "minor_disagreement",
        "s2_comparison_caveat": "Sentinel-2 sample is cloud-filtered (<20% cover), which excludes ~93% of rainy-season scenes (0 of 40 sampled scenes were from June/July). This field is a DRY-SEASON optical baseline, not a flood-season cross-check -- SAR-S2 spatial correlation was ~0 (r=-0.07) because the two sensors sample different seasonal populations, not because either is wrong. Do not read this as a validated QA agreement signal."
      },
      "geometry": {
        "type": "Polygon",
        "coordinates": [
          [
            [
              -0.21052070092784675,
              5.5913591810722485
            ],
            [
              -0.21052070092784675,
              5.595863685576753
            ],
            [
              -0.21502520543235126,
              5.595863685576753
            ],
            [
              -0.21502520543235126,
              5.5913591810722485
            ],
            [
              -0.21052070092784675,
              5.5913591810722485
            ]
          ]
        ]
      }
    },
    {
      "type": "Feature",
      "properties": {
        "zone_id": "grid_r17_c2",
        "assembly": "Ablekuma North Municipal",
        "boundary_overlap_frac": 0.446,
        "score": 21.4,
        "level": "Low",
        "water_occ_pct": 3.1,
        "low_elev_frac_pct": 0.0,
        "median_elev_m": 22.0,
        "wetland_water_pct": 0.0,
        "vegetation_pct": 0.0,
        "impervious_pct": 100.0,
        "pixel_count": 25,
        "scenes_used": 40,
        "sources": [
          "sentinel-1-grd (Planetary Computer)",
          "cop-dem-glo-30",
          "esa-worldcover 2021"
        ],
        "computed_at": "2026-08-22T21:22:08.356844+00:00",
        "s2_scenes_used": 40,
        "s2_dry_season_water_occ_pct": 0.38,
        "s2_comparison_label": "agree",
        "s2_comparison_caveat": "Sentinel-2 sample is cloud-filtered (<20% cover), which excludes ~93% of rainy-season scenes (0 of 40 sampled scenes were from June/July). This field is a DRY-SEASON optical baseline, not a flood-season cross-check -- SAR-S2 spatial correlation was ~0 (r=-0.07) because the two sensors sample different seasonal populations, not because either is wrong. Do not read this as a validated QA agreement signal."
      },
      "geometry": {
        "type": "Polygon",
        "coordinates": [
          [
            [
              -0.26907925948640543,
              5.595863685576753
            ],
            [
              -0.26907925948640543,
              5.600368190081258
            ],
            [
              -0.27358376399090995,
              5.600368190081258
            ],
            [
              -0.27358376399090995,
              5.595863685576753
            ],
            [
              -0.26907925948640543,
              5.595863685576753
            ]
          ]
        ]
      }
    },
    {
      "type": "Feature",
      "properties": {
        "zone_id": "grid_r17_c3",
        "assembly": "Ablekuma North Municipal",
        "boundary_overlap_frac": 1.0,
        "score": 20.4,
        "level": "Low",
        "water_occ_pct": 0.9,
        "low_elev_frac_pct": 0.0,
        "median_elev_m": 29.5,
        "wetland_water_pct": 0.0,
        "vegetation_pct": 0.0,
        "impervious_pct": 100.0,
        "pixel_count": 25,
        "scenes_used": 40,
        "sources": [
          "sentinel-1-grd (Planetary Computer)",
          "cop-dem-glo-30",
          "esa-worldcover 2021"
        ],
        "computed_at": "2026-08-22T21:22:08.357695+00:00",
        "s2_scenes_used": 40,
        "s2_dry_season_water_occ_pct": 0.0,
        "s2_comparison_label": "agree",
        "s2_comparison_caveat": "Sentinel-2 sample is cloud-filtered (<20% cover), which excludes ~93% of rainy-season scenes (0 of 40 sampled scenes were from June/July). This field is a DRY-SEASON optical baseline, not a flood-season cross-check -- SAR-S2 spatial correlation was ~0 (r=-0.07) because the two sensors sample different seasonal populations, not because either is wrong. Do not read this as a validated QA agreement signal."
      },
      "geometry": {
        "type": "Polygon",
        "coordinates": [
          [
            [
              -0.2645747549819009,
              5.595863685576753
            ],
            [
              -0.2645747549819009,
              5.600368190081258
            ],
            [
              -0.26907925948640543,
              5.600368190081258
            ],
            [
              -0.26907925948640543,
              5.595863685576753
            ],
            [
              -0.2645747549819009,
              5.595863685576753
            ]
          ]
        ]
      }
    },
    {
      "type": "Feature",
      "properties": {
        "zone_id": "grid_r17_c4",
        "assembly": "Ablekuma North Municipal",
        "boundary_overlap_frac": 1.0,
        "score": 20.6,
        "level": "Low",
        "water_occ_pct": 1.3,
        "low_elev_frac_pct": 0.0,
        "median_elev_m": 44.5,
        "wetland_water_pct": 0.0,
        "vegetation_pct": 0.0,
        "impervious_pct": 100.0,
        "pixel_count": 25,
        "scenes_used": 40,
        "sources": [
          "sentinel-1-grd (Planetary Computer)",
          "cop-dem-glo-30",
          "esa-worldcover 2021"
        ],
        "computed_at": "2026-08-22T21:22:08.358518+00:00",
        "s2_scenes_used": 40,
        "s2_dry_season_water_occ_pct": 0.0,
        "s2_comparison_label": "agree",
        "s2_comparison_caveat": "Sentinel-2 sample is cloud-filtered (<20% cover), which excludes ~93% of rainy-season scenes (0 of 40 sampled scenes were from June/July). This field is a DRY-SEASON optical baseline, not a flood-season cross-check -- SAR-S2 spatial correlation was ~0 (r=-0.07) because the two sensors sample different seasonal populations, not because either is wrong. Do not read this as a validated QA agreement signal."
      },
      "geometry": {
        "type": "Polygon",
        "coordinates": [
          [
            [
              -0.2600702504773964,
              5.595863685576753
            ],
            [
              -0.2600702504773964,
              5.600368190081258
            ],
            [
              -0.2645747549819009,
              5.600368190081258
            ],
            [
              -0.2645747549819009,
              5.595863685576753
            ],
            [
              -0.2600702504773964,
              5.595863685576753
            ]
          ]
        ]
      }
    },
    {
      "type": "Feature",
      "properties": {
        "zone_id": "grid_r17_c5",
        "assembly": "Ablekuma North Municipal",
        "boundary_overlap_frac": 0.999,
        "score": 24.2,
        "level": "Low",
        "water_occ_pct": 9.4,
        "low_elev_frac_pct": 0.0,
        "median_elev_m": 60.9,
        "wetland_water_pct": 0.0,
        "vegetation_pct": 0.0,
        "impervious_pct": 100.0,
        "pixel_count": 25,
        "scenes_used": 40,
        "sources": [
          "sentinel-1-grd (Planetary Computer)",
          "cop-dem-glo-30",
          "esa-worldcover 2021"
        ],
        "computed_at": "2026-08-22T21:22:08.359322+00:00",
        "s2_scenes_used": 40,
        "s2_dry_season_water_occ_pct": 0.0,
        "s2_comparison_label": "minor_disagreement",
        "s2_comparison_caveat": "Sentinel-2 sample is cloud-filtered (<20% cover), which excludes ~93% of rainy-season scenes (0 of 40 sampled scenes were from June/July). This field is a DRY-SEASON optical baseline, not a flood-season cross-check -- SAR-S2 spatial correlation was ~0 (r=-0.07) because the two sensors sample different seasonal populations, not because either is wrong. Do not read this as a validated QA agreement signal."
      },
      "geometry": {
        "type": "Polygon",
        "coordinates": [
          [
            [
              -0.2555657459728919,
              5.595863685576753
            ],
            [
              -0.2555657459728919,
              5.600368190081258
            ],
            [
              -0.2600702504773964,
              5.600368190081258
            ],
            [
              -0.2600702504773964,
              5.595863685576753
            ],
            [
              -0.2555657459728919,
              5.595863685576753
            ]
          ]
        ]
      }
    },
    {
      "type": "Feature",
      "properties": {
        "zone_id": "grid_r17_c6",
        "assembly": "Ablekuma North Municipal",
        "boundary_overlap_frac": 1.0,
        "score": 24.0,
        "level": "Low",
        "water_occ_pct": 8.8,
        "low_elev_frac_pct": 0.0,
        "median_elev_m": 56.1,
        "wetland_water_pct": 0.0,
        "vegetation_pct": 0.0,
        "impervious_pct": 100.0,
        "pixel_count": 25,
        "scenes_used": 40,
        "sources": [
          "sentinel-1-grd (Planetary Computer)",
          "cop-dem-glo-30",
          "esa-worldcover 2021"
        ],
        "computed_at": "2026-08-22T21:22:08.360127+00:00",
        "s2_scenes_used": 40,
        "s2_dry_season_water_occ_pct": 0.0,
        "s2_comparison_label": "minor_disagreement",
        "s2_comparison_caveat": "Sentinel-2 sample is cloud-filtered (<20% cover), which excludes ~93% of rainy-season scenes (0 of 40 sampled scenes were from June/July). This field is a DRY-SEASON optical baseline, not a flood-season cross-check -- SAR-S2 spatial correlation was ~0 (r=-0.07) because the two sensors sample different seasonal populations, not because either is wrong. Do not read this as a validated QA agreement signal."
      },
      "geometry": {
        "type": "Polygon",
        "coordinates": [
          [
            [
              -0.2510612414683874,
              5.595863685576753
            ],
            [
              -0.2510612414683874,
              5.600368190081258
            ],
            [
              -0.2555657459728919,
              5.600368190081258
            ],
            [
              -0.2555657459728919,
              5.595863685576753
            ],
            [
              -0.2510612414683874,
              5.595863685576753
            ]
          ]
        ]
      }
    },
    {
      "type": "Feature",
      "properties": {
        "zone_id": "grid_r17_c7",
        "assembly": "Ablekuma North Municipal",
        "boundary_overlap_frac": 0.998,
        "score": 21.4,
        "level": "Low",
        "water_occ_pct": 3.2,
        "low_elev_frac_pct": 0.0,
        "median_elev_m": 43.6,
        "wetland_water_pct": 0.0,
        "vegetation_pct": 0.0,
        "impervious_pct": 100.0,
        "pixel_count": 25,
        "scenes_used": 40,
        "sources": [
          "sentinel-1-grd (Planetary Computer)",
          "cop-dem-glo-30",
          "esa-worldcover 2021"
        ],
        "computed_at": "2026-08-22T21:22:08.360952+00:00",
        "s2_scenes_used": 40,
        "s2_dry_season_water_occ_pct": 0.0,
        "s2_comparison_label": "agree",
        "s2_comparison_caveat": "Sentinel-2 sample is cloud-filtered (<20% cover), which excludes ~93% of rainy-season scenes (0 of 40 sampled scenes were from June/July). This field is a DRY-SEASON optical baseline, not a flood-season cross-check -- SAR-S2 spatial correlation was ~0 (r=-0.07) because the two sensors sample different seasonal populations, not because either is wrong. Do not read this as a validated QA agreement signal."
      },
      "geometry": {
        "type": "Polygon",
        "coordinates": [
          [
            [
              -0.24655673696388286,
              5.595863685576753
            ],
            [
              -0.24655673696388286,
              5.600368190081258
            ],
            [
              -0.2510612414683874,
              5.600368190081258
            ],
            [
              -0.2510612414683874,
              5.595863685576753
            ],
            [
              -0.24655673696388286,
              5.595863685576753
            ]
          ]
        ]
      }
    },
    {
      "type": "Feature",
      "properties": {
        "zone_id": "grid_r17_c12",
        "assembly": "Ablekuma North Municipal",
        "boundary_overlap_frac": 0.551,
        "score": 26.1,
        "level": "Moderate",
        "water_occ_pct": 13.6,
        "low_elev_frac_pct": 0.0,
        "median_elev_m": 27.4,
        "wetland_water_pct": 0.0,
        "vegetation_pct": 0.0,
        "impervious_pct": 100.0,
        "pixel_count": 25,
        "scenes_used": 40,
        "sources": [
          "sentinel-1-grd (Planetary Computer)",
          "cop-dem-glo-30",
          "esa-worldcover 2021"
        ],
        "computed_at": "2026-08-22T21:22:08.361733+00:00",
        "s2_scenes_used": 40,
        "s2_dry_season_water_occ_pct": 0.0,
        "s2_comparison_label": "minor_disagreement",
        "s2_comparison_caveat": "Sentinel-2 sample is cloud-filtered (<20% cover), which excludes ~93% of rainy-season scenes (0 of 40 sampled scenes were from June/July). This field is a DRY-SEASON optical baseline, not a flood-season cross-check -- SAR-S2 spatial correlation was ~0 (r=-0.07) because the two sensors sample different seasonal populations, not because either is wrong. Do not read this as a validated QA agreement signal."
      },
      "geometry": {
        "type": "Polygon",
        "coordinates": [
          [
            [
              -0.2240342144413603,
              5.595863685576753
            ],
            [
              -0.2240342144413603,
              5.600368190081258
            ],
            [
              -0.2285387189458648,
              5.600368190081258
            ],
            [
              -0.2285387189458648,
              5.595863685576753
            ],
            [
              -0.2240342144413603,
              5.595863685576753
            ]
          ]
        ]
      }
    },
    {
      "type": "Feature",
      "properties": {
        "zone_id": "grid_r17_c13",
        "assembly": "Ablekuma North Municipal",
        "boundary_overlap_frac": 0.999,
        "score": 22.6,
        "level": "Low",
        "water_occ_pct": 5.7,
        "low_elev_frac_pct": 0.0,
        "median_elev_m": 13.2,
        "wetland_water_pct": 0.0,
        "vegetation_pct": 0.0,
        "impervious_pct": 100.0,
        "pixel_count": 25,
        "scenes_used": 40,
        "sources": [
          "sentinel-1-grd (Planetary Computer)",
          "cop-dem-glo-30",
          "esa-worldcover 2021"
        ],
        "computed_at": "2026-08-22T21:22:08.362536+00:00",
        "s2_scenes_used": 40,
        "s2_dry_season_water_occ_pct": 0.0,
        "s2_comparison_label": "minor_disagreement",
        "s2_comparison_caveat": "Sentinel-2 sample is cloud-filtered (<20% cover), which excludes ~93% of rainy-season scenes (0 of 40 sampled scenes were from June/July). This field is a DRY-SEASON optical baseline, not a flood-season cross-check -- SAR-S2 spatial correlation was ~0 (r=-0.07) because the two sensors sample different seasonal populations, not because either is wrong. Do not read this as a validated QA agreement signal."
      },
      "geometry": {
        "type": "Polygon",
        "coordinates": [
          [
            [
              -0.21952970993685578,
              5.595863685576753
            ],
            [
              -0.21952970993685578,
              5.600368190081258
            ],
            [
              -0.2240342144413603,
              5.600368190081258
            ],
            [
              -0.2240342144413603,
              5.595863685576753
            ],
            [
              -0.21952970993685578,
              5.595863685576753
            ]
          ]
        ]
      }
    },
    {
      "type": "Feature",
      "properties": {
        "zone_id": "grid_r17_c14",
        "assembly": "Ablekuma North Municipal",
        "boundary_overlap_frac": 0.911,
        "score": 24.6,
        "level": "Low",
        "water_occ_pct": 10.3,
        "low_elev_frac_pct": 0.0,
        "median_elev_m": 12.6,
        "wetland_water_pct": 0.0,
        "vegetation_pct": 0.0,
        "impervious_pct": 100.0,
        "pixel_count": 25,
        "scenes_used": 40,
        "sources": [
          "sentinel-1-grd (Planetary Computer)",
          "cop-dem-glo-30",
          "esa-worldcover 2021"
        ],
        "computed_at": "2026-08-22T21:22:08.363329+00:00",
        "s2_scenes_used": 40,
        "s2_dry_season_water_occ_pct": 0.0,
        "s2_comparison_label": "minor_disagreement",
        "s2_comparison_caveat": "Sentinel-2 sample is cloud-filtered (<20% cover), which excludes ~93% of rainy-season scenes (0 of 40 sampled scenes were from June/July). This field is a DRY-SEASON optical baseline, not a flood-season cross-check -- SAR-S2 spatial correlation was ~0 (r=-0.07) because the two sensors sample different seasonal populations, not because either is wrong. Do not read this as a validated QA agreement signal."
      },
      "geometry": {
        "type": "Polygon",
        "coordinates": [
          [
            [
              -0.21502520543235126,
              5.595863685576753
            ],
            [
              -0.21502520543235126,
              5.600368190081258
            ],
            [
              -0.21952970993685578,
              5.600368190081258
            ],
            [
              -0.21952970993685578,
              5.595863685576753
            ],
            [
              -0.21502520543235126,
              5.595863685576753
            ]
          ]
        ]
      }
    },
    {
      "type": "Feature",
      "properties": {
        "zone_id": "grid_r18_c3",
        "assembly": "Ablekuma North Municipal",
        "boundary_overlap_frac": 0.87,
        "score": 25.7,
        "level": "Moderate",
        "water_occ_pct": 12.7,
        "low_elev_frac_pct": 0.0,
        "median_elev_m": 27.2,
        "wetland_water_pct": 0.0,
        "vegetation_pct": 0.0,
        "impervious_pct": 100.0,
        "pixel_count": 25,
        "scenes_used": 40,
        "sources": [
          "sentinel-1-grd (Planetary Computer)",
          "cop-dem-glo-30",
          "esa-worldcover 2021"
        ],
        "computed_at": "2026-08-22T21:22:08.364138+00:00",
        "s2_scenes_used": 40,
        "s2_dry_season_water_occ_pct": 0.0,
        "s2_comparison_label": "minor_disagreement",
        "s2_comparison_caveat": "Sentinel-2 sample is cloud-filtered (<20% cover), which excludes ~93% of rainy-season scenes (0 of 40 sampled scenes were from June/July). This field is a DRY-SEASON optical baseline, not a flood-season cross-check -- SAR-S2 spatial correlation was ~0 (r=-0.07) because the two sensors sample different seasonal populations, not because either is wrong. Do not read this as a validated QA agreement signal."
      },
      "geometry": {
        "type": "Polygon",
        "coordinates": [
          [
            [
              -0.2645747549819009,
              5.600368190081258
            ],
            [
              -0.2645747549819009,
              5.6048726945857625
            ],
            [
              -0.26907925948640543,
              5.6048726945857625
            ],
            [
              -0.26907925948640543,
              5.600368190081258
            ],
            [
              -0.2645747549819009,
              5.600368190081258
            ]
          ]
        ]
      }
    },
    {
      "type": "Feature",
      "properties": {
        "zone_id": "grid_r18_c4",
        "assembly": "Ablekuma North Municipal",
        "boundary_overlap_frac": 1.0,
        "score": 21.6,
        "level": "Low",
        "water_occ_pct": 3.5,
        "low_elev_frac_pct": 0.0,
        "median_elev_m": 44.3,
        "wetland_water_pct": 0.0,
        "vegetation_pct": 0.0,
        "impervious_pct": 100.0,
        "pixel_count": 25,
        "scenes_used": 40,
        "sources": [
          "sentinel-1-grd (Planetary Computer)",
          "cop-dem-glo-30",
          "esa-worldcover 2021"
        ],
        "computed_at": "2026-08-22T21:22:08.364944+00:00",
        "s2_scenes_used": 40,
        "s2_dry_season_water_occ_pct": 0.0,
        "s2_comparison_label": "agree",
        "s2_comparison_caveat": "Sentinel-2 sample is cloud-filtered (<20% cover), which excludes ~93% of rainy-season scenes (0 of 40 sampled scenes were from June/July). This field is a DRY-SEASON optical baseline, not a flood-season cross-check -- SAR-S2 spatial correlation was ~0 (r=-0.07) because the two sensors sample different seasonal populations, not because either is wrong. Do not read this as a validated QA agreement signal."
      },
      "geometry": {
        "type": "Polygon",
        "coordinates": [
          [
            [
              -0.2600702504773964,
              5.600368190081258
            ],
            [
              -0.2600702504773964,
              5.6048726945857625
            ],
            [
              -0.2645747549819009,
              5.6048726945857625
            ],
            [
              -0.2645747549819009,
              5.600368190081258
            ],
            [
              -0.2600702504773964,
              5.600368190081258
            ]
          ]
        ]
      }
    },
    {
      "type": "Feature",
      "properties": {
        "zone_id": "grid_r18_c5",
        "assembly": "Ablekuma North Municipal",
        "boundary_overlap_frac": 0.55,
        "score": 22.5,
        "level": "Low",
        "water_occ_pct": 5.6,
        "low_elev_frac_pct": 0.0,
        "median_elev_m": 62.6,
        "wetland_water_pct": 0.0,
        "vegetation_pct": 0.0,
        "impervious_pct": 100.0,
        "pixel_count": 25,
        "scenes_used": 40,
        "sources": [
          "sentinel-1-grd (Planetary Computer)",
          "cop-dem-glo-30",
          "esa-worldcover 2021"
        ],
        "computed_at": "2026-08-22T21:22:08.365727+00:00",
        "s2_scenes_used": 40,
        "s2_dry_season_water_occ_pct": 0.0,
        "s2_comparison_label": "minor_disagreement",
        "s2_comparison_caveat": "Sentinel-2 sample is cloud-filtered (<20% cover), which excludes ~93% of rainy-season scenes (0 of 40 sampled scenes were from June/July). This field is a DRY-SEASON optical baseline, not a flood-season cross-check -- SAR-S2 spatial correlation was ~0 (r=-0.07) because the two sensors sample different seasonal populations, not because either is wrong. Do not read this as a validated QA agreement signal."
      },
      "geometry": {
        "type": "Polygon",
        "coordinates": [
          [
            [
              -0.2555657459728919,
              5.600368190081258
            ],
            [
              -0.2555657459728919,
              5.6048726945857625
            ],
            [
              -0.2600702504773964,
              5.6048726945857625
            ],
            [
              -0.2600702504773964,
              5.600368190081258
            ],
            [
              -0.2555657459728919,
              5.600368190081258
            ]
          ]
        ]
      }
    },
    {
      "type": "Feature",
      "properties": {
        "zone_id": "grid_r18_c6",
        "assembly": "Ablekuma North Municipal",
        "boundary_overlap_frac": 0.205,
        "score": 21.5,
        "level": "Low",
        "water_occ_pct": 3.4,
        "low_elev_frac_pct": 0.0,
        "median_elev_m": 60.5,
        "wetland_water_pct": 0.0,
        "vegetation_pct": 0.0,
        "impervious_pct": 100.0,
        "pixel_count": 25,
        "scenes_used": 40,
        "sources": [
          "sentinel-1-grd (Planetary Computer)",
          "cop-dem-glo-30",
          "esa-worldcover 2021"
        ],
        "computed_at": "2026-08-22T21:22:08.366532+00:00",
        "s2_scenes_used": 40,
        "s2_dry_season_water_occ_pct": 0.0,
        "s2_comparison_label": "agree",
        "s2_comparison_caveat": "Sentinel-2 sample is cloud-filtered (<20% cover), which excludes ~93% of rainy-season scenes (0 of 40 sampled scenes were from June/July). This field is a DRY-SEASON optical baseline, not a flood-season cross-check -- SAR-S2 spatial correlation was ~0 (r=-0.07) because the two sensors sample different seasonal populations, not because either is wrong. Do not read this as a validated QA agreement signal."
      },
      "geometry": {
        "type": "Polygon",
        "coordinates": [
          [
            [
              -0.2510612414683874,
              5.600368190081258
            ],
            [
              -0.2510612414683874,
              5.6048726945857625
            ],
            [
              -0.2555657459728919,
              5.6048726945857625
            ],
            [
              -0.2555657459728919,
              5.600368190081258
            ],
            [
              -0.2510612414683874,
              5.600368190081258
            ]
          ]
        ]
      }
    },
    {
      "type": "Feature",
      "properties": {
        "zone_id": "grid_r18_c7",
        "assembly": "Ablekuma North Municipal",
        "boundary_overlap_frac": 0.456,
        "score": 23.4,
        "level": "Low",
        "water_occ_pct": 7.6,
        "low_elev_frac_pct": 0.0,
        "median_elev_m": 47.6,
        "wetland_water_pct": 0.0,
        "vegetation_pct": 0.0,
        "impervious_pct": 100.0,
        "pixel_count": 25,
        "scenes_used": 40,
        "sources": [
          "sentinel-1-grd (Planetary Computer)",
          "cop-dem-glo-30",
          "esa-worldcover 2021"
        ],
        "computed_at": "2026-08-22T21:22:08.367325+00:00",
        "s2_scenes_used": 40,
        "s2_dry_season_water_occ_pct": 0.0,
        "s2_comparison_label": "minor_disagreement",
        "s2_comparison_caveat": "Sentinel-2 sample is cloud-filtered (<20% cover), which excludes ~93% of rainy-season scenes (0 of 40 sampled scenes were from June/July). This field is a DRY-SEASON optical baseline, not a flood-season cross-check -- SAR-S2 spatial correlation was ~0 (r=-0.07) because the two sensors sample different seasonal populations, not because either is wrong. Do not read this as a validated QA agreement signal."
      },
      "geometry": {
        "type": "Polygon",
        "coordinates": [
          [
            [
              -0.24655673696388286,
              5.600368190081258
            ],
            [
              -0.24655673696388286,
              5.6048726945857625
            ],
            [
              -0.2510612414683874,
              5.6048726945857625
            ],
            [
              -0.2510612414683874,
              5.600368190081258
            ],
            [
              -0.24655673696388286,
              5.600368190081258
            ]
          ]
        ]
      }
    },
    {
      "type": "Feature",
      "properties": {
        "zone_id": "grid_r18_c13",
        "assembly": "Ablekuma North Municipal",
        "boundary_overlap_frac": 0.32,
        "score": 20.8,
        "level": "Low",
        "water_occ_pct": 1.8,
        "low_elev_frac_pct": 0.0,
        "median_elev_m": 12.4,
        "wetland_water_pct": 0.0,
        "vegetation_pct": 0.0,
        "impervious_pct": 100.0,
        "pixel_count": 25,
        "scenes_used": 40,
        "sources": [
          "sentinel-1-grd (Planetary Computer)",
          "cop-dem-glo-30",
          "esa-worldcover 2021"
        ],
        "computed_at": "2026-08-22T21:22:08.368127+00:00",
        "s2_scenes_used": 40,
        "s2_dry_season_water_occ_pct": 0.0,
        "s2_comparison_label": "agree",
        "s2_comparison_caveat": "Sentinel-2 sample is cloud-filtered (<20% cover), which excludes ~93% of rainy-season scenes (0 of 40 sampled scenes were from June/July). This field is a DRY-SEASON optical baseline, not a flood-season cross-check -- SAR-S2 spatial correlation was ~0 (r=-0.07) because the two sensors sample different seasonal populations, not because either is wrong. Do not read this as a validated QA agreement signal."
      },
      "geometry": {
        "type": "Polygon",
        "coordinates": [
          [
            [
              -0.21952970993685578,
              5.600368190081258
            ],
            [
              -0.21952970993685578,
              5.6048726945857625
            ],
            [
              -0.2240342144413603,
              5.6048726945857625
            ],
            [
              -0.2240342144413603,
              5.600368190081258
            ],
            [
              -0.21952970993685578,
              5.600368190081258
            ]
          ]
        ]
      }
    },
    {
      "type": "Feature",
      "properties": {
        "zone_id": "grid_r18_c14",
        "assembly": "Ablekuma North Municipal",
        "boundary_overlap_frac": 0.563,
        "score": 24.0,
        "level": "Low",
        "water_occ_pct": 8.9,
        "low_elev_frac_pct": 0.0,
        "median_elev_m": 16.6,
        "wetland_water_pct": 0.0,
        "vegetation_pct": 0.0,
        "impervious_pct": 100.0,
        "pixel_count": 25,
        "scenes_used": 40,
        "sources": [
          "sentinel-1-grd (Planetary Computer)",
          "cop-dem-glo-30",
          "esa-worldcover 2021"
        ],
        "computed_at": "2026-08-22T21:22:08.368955+00:00",
        "s2_scenes_used": 40,
        "s2_dry_season_water_occ_pct": 0.0,
        "s2_comparison_label": "minor_disagreement",
        "s2_comparison_caveat": "Sentinel-2 sample is cloud-filtered (<20% cover), which excludes ~93% of rainy-season scenes (0 of 40 sampled scenes were from June/July). This field is a DRY-SEASON optical baseline, not a flood-season cross-check -- SAR-S2 spatial correlation was ~0 (r=-0.07) because the two sensors sample different seasonal populations, not because either is wrong. Do not read this as a validated QA agreement signal."
      },
      "geometry": {
        "type": "Polygon",
        "coordinates": [
          [
            [
              -0.21502520543235126,
              5.600368190081258
            ],
            [
              -0.21502520543235126,
              5.6048726945857625
            ],
            [
              -0.21952970993685578,
              5.6048726945857625
            ],
            [
              -0.21952970993685578,
              5.600368190081258
            ],
            [
              -0.21502520543235126,
              5.600368190081258
            ]
          ]
        ]
      }
    },
    {
      "type": "Feature",
      "properties": {
        "zone_id": "grid_r19_c3",
        "assembly": "Ablekuma North Municipal",
        "boundary_overlap_frac": 0.353,
        "score": 25.1,
        "level": "Moderate",
        "water_occ_pct": 13.1,
        "low_elev_frac_pct": 0.0,
        "median_elev_m": 27.1,
        "wetland_water_pct": 0.0,
        "vegetation_pct": 4.0,
        "impervious_pct": 96.0,
        "pixel_count": 25,
        "scenes_used": 40,
        "sources": [
          "sentinel-1-grd (Planetary Computer)",
          "cop-dem-glo-30",
          "esa-worldcover 2021"
        ],
        "computed_at": "2026-08-22T21:22:08.369743+00:00",
        "s2_scenes_used": 40,
        "s2_dry_season_water_occ_pct": 0.0,
        "s2_comparison_label": "minor_disagreement",
        "s2_comparison_caveat": "Sentinel-2 sample is cloud-filtered (<20% cover), which excludes ~93% of rainy-season scenes (0 of 40 sampled scenes were from June/July). This field is a DRY-SEASON optical baseline, not a flood-season cross-check -- SAR-S2 spatial correlation was ~0 (r=-0.07) because the two sensors sample different seasonal populations, not because either is wrong. Do not read this as a validated QA agreement signal."
      },
      "geometry": {
        "type": "Polygon",
        "coordinates": [
          [
            [
              -0.2645747549819009,
              5.6048726945857625
            ],
            [
              -0.2645747549819009,
              5.609377199090267
            ],
            [
              -0.26907925948640543,
              5.609377199090267
            ],
            [
              -0.26907925948640543,
              5.6048726945857625
            ],
            [
              -0.2645747549819009,
              5.6048726945857625
            ]
          ]
        ]
      }
    },
    {
      "type": "Feature",
      "properties": {
        "zone_id": "grid_r19_c4",
        "assembly": "Ablekuma North Municipal",
        "boundary_overlap_frac": 0.729,
        "score": 24.5,
        "level": "Low",
        "water_occ_pct": 10.1,
        "low_elev_frac_pct": 0.0,
        "median_elev_m": 40.0,
        "wetland_water_pct": 0.0,
        "vegetation_pct": 0.0,
        "impervious_pct": 100.0,
        "pixel_count": 25,
        "scenes_used": 40,
        "sources": [
          "sentinel-1-grd (Planetary Computer)",
          "cop-dem-glo-30",
          "esa-worldcover 2021"
        ],
        "computed_at": "2026-08-22T21:22:08.370801+00:00",
        "s2_scenes_used": 40,
        "s2_dry_season_water_occ_pct": 0.0,
        "s2_comparison_label": "minor_disagreement",
        "s2_comparison_caveat": "Sentinel-2 sample is cloud-filtered (<20% cover), which excludes ~93% of rainy-season scenes (0 of 40 sampled scenes were from June/July). This field is a DRY-SEASON optical baseline, not a flood-season cross-check -- SAR-S2 spatial correlation was ~0 (r=-0.07) because the two sensors sample different seasonal populations, not because either is wrong. Do not read this as a validated QA agreement signal."
      },
      "geometry": {
        "type": "Polygon",
        "coordinates": [
          [
            [
              -0.2600702504773964,
              5.6048726945857625
            ],
            [
              -0.2600702504773964,
              5.609377199090267
            ],
            [
              -0.2645747549819009,
              5.609377199090267
            ],
            [
              -0.2645747549819009,
              5.6048726945857625
            ],
            [
              -0.2600702504773964,
              5.6048726945857625
            ]
          ]
        ]
      }
    }
  ]
}